20090914,86.85000,86.85000,86.43000,86.63000,8090,4885,BTP4_CCB
20090915,86.45000,86.68000,86.27000,86.43000,6065,4953,BTP4_CCB
20090916,86.42000,86.66000,86.25000,86.33000,4090,5381,BTP4_CCB
20090917,86.17000,86.34000,86.08000,86.31000,4662,5655,BTP4_CCB
20090918,86.42000,86.55000,86.11000,86.11000,3916,6352,BTP4_CCB
20090921,86.09000,86.34000,86.07000,86.07000,2319,6032,BTP4_CCB
20090922,85.99000,86.13000,85.72000,86.07000,6387,6168,BTP4_CCB
20090923,85.99000,86.07000,85.76000,85.99000,3391,7085,BTP4_CCB
20090924,86.10000,86.76000,86.10000,86.55000,5827,7404,BTP4_CCB
20090925,86.64000,87.19000,86.64000,87.10000,2600,7928,BTP4_CCB
20090928,87.10000,87.10000,86.83000,86.90000,3527,7109,BTP4_CCB
20090929,86.84000,87.05000,86.60000,87.04000,7309,6896,BTP4_CCB
20090930,86.99000,87.07000,86.80000,86.80000,4174,6769,BTP4_CCB
20091001,86.82000,87.01000,86.47000,87.01000,6424,7525,BTP4_CCB
20091002,87.13000,87.55000,86.90000,87.50000,4100,8403,BTP4_CCB
20091005,87.51000,87.72000,87.51000,87.63000,3156,8588,BTP4_CCB
20091006,87.51000,87.61000,87.41000,87.50000,4131,8981,BTP4_CCB
20091007,87.54000,87.97000,87.49000,87.87000,4440,9595,BTP4_CCB
20091008,87.82000,88.21000,87.77000,88.19000,3985,10028,BTP4_CCB
20091009,87.80000,88.09000,87.45000,87.60000,5277,10503,BTP4_CCB
20091012,87.47000,87.67000,87.26000,87.62000,1182,10511,BTP4_CCB
20091013,87.61000,87.67000,87.37000,87.44000,3621,10175,BTP4_CCB
20091014,87.37000,87.37000,86.95000,86.95000,5250,10123,BTP4_CCB
20091015,86.80000,86.90000,86.25000,86.36000,5198,10896,BTP4_CCB
20091016,86.26000,86.75000,86.24000,86.57000,3132,11664,BTP4_CCB
20091019,86.61000,86.88000,86.52000,86.81000,2697,12012,BTP4_CCB
20091020,86.84000,87.51000,86.84000,87.43000,5053,13154,BTP4_CCB
20091021,87.40000,87.40000,86.74000,86.88000,6234,14416,BTP4_CCB
20091022,86.95000,87.12000,86.83000,86.88000,5351,14947,BTP4_CCB
20091023,86.65000,86.87000,86.50000,86.61000,4875,15700,BTP4_CCB
20091026,86.42000,86.76000,86.42000,86.61000,3563,15717,BTP4_CCB
20091027,86.56000,87.54000,86.56000,87.53000,4643,17136,BTP4_CCB
20091028,87.47000,87.69000,87.35000,87.61000,4372,18075,BTP4_CCB
20091029,87.68000,87.68000,86.99000,87.00000,7376,16219,BTP4_CCB
20091030,87.14000,87.81000,87.14000,87.81000,3391,16126,BTP4_CCB
20091102,87.69000,88.03000,87.68000,87.89000,1602,16021,BTP4_CCB
20091103,87.91000,88.27000,87.62000,87.65000,3776,16085,BTP4_CCB
20091104,87.65000,87.65000,87.30000,87.56000,4012,16339,BTP4_CCB
20091105,87.43000,87.59000,87.06000,87.42000,2514,16330,BTP4_CCB
20091106,87.40000,87.66000,87.13000,87.22000,2856,16500,BTP4_CCB
20091109,87.22000,87.82000,87.18000,87.75000,1590,16528,BTP4_CCB
20091110,87.69000,88.29000,87.63000,88.13000,2386,16860,BTP4_CCB
20091111,88.29000,88.34000,87.95000,88.29000,2213,17270,BTP4_CCB
20091112,88.42000,88.53000,87.98000,87.99000,2747,16773,BTP4_CCB
20091113,88.27000,88.35000,87.66000,87.68000,4568,16628,BTP4_CCB
20091116,87.52000,88.11000,87.52000,88.09000,5059,16098,BTP4_CCB
20091117,88.12000,88.55000,88.04000,88.51000,3163,15967,BTP4_CCB
20091118,88.45000,88.51000,88.07000,88.34000,2502,15478,BTP4_CCB
20091119,88.34000,88.36000,87.85000,88.10000,4553,16037,BTP4_CCB
20091120,88.20000,88.21000,87.78000,88.15000,5460,15870,BTP4_CCB
20091123,88.11000,88.22000,87.90000,88.18000,2840,15597,BTP4_CCB
20091124,88.39000,88.39000,88.05000,88.29000,2642,16202,BTP4_CCB
20091125,88.30000,88.38000,88.10000,88.21000,2368,16104,BTP4_CCB
20091126,88.43000,88.65000,88.16000,88.31000,5906,14472,BTP4_CCB
20091127,88.55000,88.62000,88.10000,88.53000,10373,13930,BTP4_CCB
20091130,88.51000,88.75000,88.46000,88.73000,2740,13531,BTP4_CCB
20091201,88.78000,89.14000,88.66000,89.03000,3542,12523,BTP4_CCB
20091202,88.74000,89.19000,88.74000,89.14000,5216,11858,BTP4_CCB
20091203,88.94000,89.14000,88.75000,89.06000,4505,12042,BTP4_CCB
20091204,89.06000,89.26000,88.49000,89.04000,6119,10626,BTP4_CCB
20091207,88.97000,89.55000,88.91000,89.53000,5165,8660,BTP4_CCB
20091208,89.60000,90.04000,89.17000,89.42000,7222,11756,BTP4_CCB
20091209,89.31000,89.31000,88.73000,88.89000,5365,11825,BTP4_CCB
20091210,88.76000,88.97000,88.19000,88.79000,7839,12723,BTP4_CCB
20091211,88.73000,89.40000,88.55000,88.97000,3979,12560,BTP4_CCB
20091214,88.88000,89.12000,88.80000,89.02000,1721,12379,BTP4_CCB
20091215,88.90000,89.07000,88.51000,88.85000,3017,12112,BTP4_CCB
20091216,88.79000,89.19000,88.70000,89.03000,2848,12217,BTP4_CCB
20091217,89.04000,89.57000,88.78000,89.52000,2740,12209,BTP4_CCB
20091218,89.48000,89.60000,89.31000,89.33000,2967,12999,BTP4_CCB
20091221,89.34000,89.45000,88.80000,88.86000,1634,13168,BTP4_CCB
20091222,88.34000,89.20000,88.34000,88.92000,2541,13179,BTP4_CCB
20091223,88.81000,89.14000,88.71000,88.71000,1616,13463,BTP4_CCB
20091228,88.43000,88.71000,88.39000,88.51000,2146,13883,BTP4_CCB
20091229,88.50000,88.83000,88.09000,88.09000,1910,13560,BTP4_CCB
20091230,88.25000,88.28000,87.94000,88.00000,2934,13924,BTP4_CCB
20100104,87.87000,88.42000,87.76000,88.31000,1449,14375,BTP4_CCB
20100105,88.37000,88.54000,88.22000,88.46000,1791,14077,BTP4_CCB
20100106,88.29000,88.45000,88.20000,88.21000,1165,14047,BTP4_CCB
20100107,88.17000,88.57000,88.13000,88.54000,1111,14022,BTP4_CCB
20100108,88.41000,88.95000,88.34000,88.73000,3028,14330,BTP4_CCB
20100111,88.59000,88.93000,88.54000,88.89000,1379,14104,BTP4_CCB
20100112,88.91000,89.13000,88.69000,88.86000,3852,13783,BTP4_CCB
20100113,88.86000,88.86000,88.52000,88.56000,5916,13806,BTP4_CCB
20100114,88.44000,88.69000,88.36000,88.50000,5071,14447,BTP4_CCB
20100115,88.70000,88.83000,88.42000,88.81000,5467,13621,BTP4_CCB
20100118,88.84000,89.10000,88.72000,88.98000,5254,14509,BTP4_CCB
20100119,89.08000,89.16000,88.84000,88.94000,3956,14936,BTP4_CCB
20100120,89.10000,89.14000,88.67000,88.80000,5588,15992,BTP4_CCB
20100121,88.70000,88.97000,88.39000,88.93000,8617,16719,BTP4_CCB
20100122,88.94000,89.13000,88.71000,88.91000,6180,17191,BTP4_CCB
20100125,88.98000,89.22000,88.67000,89.22000,2906,16600,BTP4_CCB
20100126,89.36000,89.49000,89.21000,89.40000,3737,17204,BTP4_CCB
20100127,89.42000,89.52000,88.73000,88.80000,6850,17055,BTP4_CCB
20100128,88.56000,88.67000,88.11000,88.15000,16337,18929,BTP4_CCB
20100129,88.28000,88.72000,88.23000,88.66000,8193,19475,BTP4_CCB
20100201,88.63000,89.30000,88.60000,89.25000,7597,19711,BTP4_CCB
20100202,89.26000,89.31000,89.06000,89.15000,7426,19193,BTP4_CCB
20100203,89.09000,89.27000,88.68000,88.96000,9201,19742,BTP4_CCB
20100204,88.87000,89.27000,88.55000,89.21000,9469,20288,BTP4_CCB
20100205,89.20000,89.32000,88.92000,89.03000,8840,20015,BTP4_CCB
20100208,89.16000,89.22000,88.80000,88.88000,6407,21062,BTP4_CCB
20100209,88.67000,89.47000,88.67000,89.22000,12190,20934,BTP4_CCB
20100210,89.06000,89.80000,89.02000,89.65000,9757,21860,BTP4_CCB
20100211,89.66000,89.76000,89.31000,89.31000,7285,22441,BTP4_CCB
20100212,89.26000,89.44000,89.13000,89.29000,9601,20546,BTP4_CCB
20100215,89.16000,89.32000,89.14000,89.22000,1902,21001,BTP4_CCB
20100216,89.18000,89.36000,89.09000,89.36000,2966,21433,BTP4_CCB
20100217,89.28000,89.54000,89.27000,89.37000,3536,22542,BTP4_CCB
20100218,89.30000,89.40000,89.14000,89.24000,7078,23402,BTP4_CCB
20100219,89.22000,89.22000,88.80000,88.85000,4908,22789,BTP4_CCB
20100222,89.03000,89.10000,88.87000,89.09000,3072,23435,BTP4_CCB
20100223,89.01000,89.73000,88.97000,89.67000,5606,25201,BTP4_CCB
20100224,89.55000,89.87000,89.55000,89.70000,7595,25673,BTP4_CCB
20100225,89.87000,89.87000,89.46000,89.53000,12972,26380,BTP4_CCB
20100226,89.61000,90.20000,89.47000,90.13000,9150,26750,BTP4_CCB
20100301,89.96000,90.34000,89.86000,90.29000,6844,26293,BTP4_CCB
20100302,90.23000,90.36000,90.01000,90.20000,10303,24224,BTP4_CCB
20100303,90.36000,90.41000,90.13000,90.32000,8459,21937,BTP4_CCB
20100304,90.35000,90.59000,90.18000,90.51000,11692,14637,BTP4_CCB
20100305,90.61000,90.64000,90.34000,90.58000,6005,14452,BTP4_CCB
20100308,90.53000,90.73000,90.38000,90.60000,3757,15902,BTP4_CCB
20100309,90.65000,90.97000,90.52000,90.80000,3556,16077,BTP4_CCB
20100310,90.87000,91.02000,90.78000,90.84000,3686,16740,BTP4_CCB
20100311,90.80000,90.95000,90.50000,90.57000,4172,16272,BTP4_CCB
20100312,90.51000,90.76000,90.41000,90.71000,5008,16129,BTP4_CCB
20100315,90.73000,90.93000,90.66000,90.77000,3503,17083,BTP4_CCB
20100316,90.75000,91.05000,90.74000,90.97000,3920,17288,BTP4_CCB
20100317,91.07000,91.28000,90.99000,91.26000,4754,18891,BTP4_CCB
20100318,91.22000,91.23000,90.81000,90.81000,6645,19432,BTP4_CCB
20100319,90.89000,90.89000,90.72000,90.84000,4166,19867,BTP4_CCB
20100322,90.91000,91.18000,90.74000,91.10000,4503,19126,BTP4_CCB
20100323,91.14000,91.40000,91.09000,91.29000,3411,19790,BTP4_CCB
20100324,91.27000,91.45000,91.09000,91.09000,6209,21089,BTP4_CCB
20100325,91.04000,91.35000,90.94000,91.09000,5649,21502,BTP4_CCB
20100326,91.16000,91.46000,91.05000,91.44000,5045,21596,BTP4_CCB
20100329,91.31000,91.65000,91.29000,91.50000,4194,21016,BTP4_CCB
20100330,91.44000,91.78000,91.29000,91.77000,6513,21600,BTP4_CCB
20100331,91.82000,92.00000,91.74000,92.00000,3554,22221,BTP4_CCB
20100401,91.95000,92.22000,91.95000,92.22000,2433,21923,BTP4_CCB
20100406,91.98000,91.98000,91.43000,91.63000,5012,22442,BTP4_CCB
20100407,91.67000,91.86000,91.61000,91.74000,2835,22680,BTP4_CCB
20100408,91.93000,91.98000,91.63000,91.86000,6533,22979,BTP4_CCB
20100409,92.02000,92.02000,91.67000,91.82000,4461,22569,BTP4_CCB
20100412,91.69000,92.06000,91.59000,91.98000,2960,22259,BTP4_CCB
20100413,91.95000,92.05000,91.79000,91.91000,5373,22281,BTP4_CCB
20100414,91.80000,91.96000,91.69000,91.96000,3821,23242,BTP4_CCB
20100415,91.78000,92.07000,91.69000,92.02000,5265,22695,BTP4_CCB
20100416,92.09000,92.32000,92.01000,92.19000,1844,22343,BTP4_CCB
20100419,92.32000,92.37000,92.14000,92.19000,2830,23277,BTP4_CCB
20100420,92.19000,92.19000,91.91000,91.91000,3913,23511,BTP4_CCB
20100421,92.00000,92.04000,91.64000,91.80000,4332,24001,BTP4_CCB
20100422,91.69000,91.79000,91.29000,91.34000,8883,25239,BTP4_CCB
20100423,91.34000,91.56000,91.23000,91.25000,7042,25843,BTP4_CCB
20100426,91.23000,91.41000,91.04000,91.34000,6248,26924,BTP4_CCB
20100427,91.37000,91.37000,90.45000,90.59000,9400,26183,BTP4_CCB
20100428,90.56000,90.69000,89.69000,89.69000,14659,25015,BTP4_CCB
20100429,89.69000,90.57000,89.57000,90.47000,10220,25942,BTP4_CCB
20100430,90.69000,91.23000,90.57000,91.05000,6466,27518,BTP4_CCB
20100503,90.95000,91.23000,90.79000,91.12000,2414,27938,BTP4_CCB
20100504,91.13000,91.14000,90.69000,90.86000,8905,29813,BTP4_CCB
20100505,90.84000,91.13000,90.50000,90.77000,11045,28358,BTP4_CCB
20100506,90.71000,90.89000,88.49000,89.02000,12750,25706,BTP4_CCB
20100507,88.37000,88.68000,87.54000,88.55000,9946,25477,BTP4_CCB
20100510,90.04000,91.49000,89.49000,91.48000,11094,26872,BTP4_CCB
20100511,91.36000,91.51000,90.89000,91.33000,7422,28180,BTP4_CCB
20100512,91.39000,91.75000,91.39000,91.58000,4123,28577,BTP4_CCB
20100513,91.46000,92.14000,91.44000,92.03000,4712,29274,BTP4_CCB
20100514,92.09000,92.19000,91.54000,91.75000,4981,29772,BTP4_CCB
20100517,91.57000,91.78000,91.32000,91.70000,4084,30265,BTP4_CCB
20100518,91.54000,92.13000,91.49000,92.13000,2982,30190,BTP4_CCB
20100519,92.77000,92.83000,91.74000,91.74000,4991,29228,BTP4_CCB
20100520,91.84000,91.88000,91.14000,91.44000,6372,28201,BTP4_CCB
20100521,91.47000,91.91000,91.31000,91.83000,4828,27452,BTP4_CCB
20100524,91.75000,92.09000,91.74000,91.94000,1955,27395,BTP4_CCB
20100525,91.94000,92.11000,91.39000,91.58000,4636,27541,BTP4_CCB
20100526,91.49000,91.59000,90.93000,91.20000,7870,27452,BTP4_CCB
20100527,91.06000,91.11000,90.40000,90.60000,4777,26762,BTP4_CCB
20100528,90.49000,90.95000,90.24000,90.29000,6336,26182,BTP4_CCB
20100531,90.34000,90.60000,90.34000,90.37000,1246,25636,BTP4_CCB
20100601,90.34000,90.53000,90.11000,90.12000,5594,23789,BTP4_CCB
20100602,90.32000,90.32000,89.49000,89.50000,7211,21399,BTP4_CCB
20100603,89.42000,89.57000,89.07000,89.17000,9113,15007,BTP4_CCB
20100604,89.18000,89.51000,88.62000,89.30000,11690,6139,BTP4_CCB
20100607,89.26000,89.28000,88.56000,88.96000,8876,22120,BTP4_CCB
20100608,88.06000,89.35000,88.06000,89.34000,7784,22206,BTP4_CCB
20100609,89.20000,90.68000,89.16000,90.61000,5703,22790,BTP4_CCB
20100610,90.52000,91.59000,90.52000,91.40000,4356,23055,BTP4_CCB
20100611,91.10000,91.52000,91.10000,91.31000,4429,23382,BTP4_CCB
20100614,90.86000,91.42000,90.62000,90.76000,4793,24197,BTP4_CCB
20100615,90.76000,91.17000,90.56000,91.14000,4036,24726,BTP4_CCB
20100616,90.91000,91.11000,90.69000,91.01000,3588,24869,BTP4_CCB
20100617,91.01000,91.64000,90.78000,91.43000,4633,24225,BTP4_CCB
20100618,91.45000,92.12000,91.45000,92.06000,4211,24406,BTP4_CCB
20100621,92.01000,92.64000,92.01000,92.28000,3373,24731,BTP4_CCB
20100622,92.34000,92.34000,91.71000,91.94000,4542,24768,BTP4_CCB
20100623,91.87000,91.96000,91.58000,91.86000,3546,24973,BTP4_CCB
20100624,91.62000,92.04000,91.48000,91.81000,5904,25980,BTP4_CCB
20100625,91.66000,91.80000,91.31000,91.46000,3793,25265,BTP4_CCB
20100628,91.32000,91.73000,90.71000,91.43000,8368,23658,BTP4_CCB
20100629,91.37000,91.71000,91.15000,91.41000,3725,23215,BTP4_CCB
20100630,91.42000,91.70000,91.26000,91.60000,3881,23517,BTP4_CCB
20100701,91.68000,91.76000,91.32000,91.71000,3674,23594,BTP4_CCB
20100702,91.72000,92.30000,91.72000,92.15000,2098,23729,BTP4_CCB
20100705,92.27000,92.65000,92.27000,92.41000,2464,23422,BTP4_CCB
20100706,92.43000,92.45000,91.84000,91.84000,2090,23630,BTP4_CCB
20100707,92.01000,92.02000,91.64000,91.89000,2780,23663,BTP4_CCB
20100708,91.71000,92.10000,91.68000,92.01000,3910,23470,BTP4_CCB
20100709,91.97000,92.34000,91.87000,92.27000,3385,23277,BTP4_CCB
20100712,92.25000,92.42000,92.17000,92.18000,1256,22928,BTP4_CCB
20100713,92.27000,92.31000,91.94000,92.10000,3680,22326,BTP4_CCB
20100714,91.86000,91.92000,91.43000,91.55000,4636,22553,BTP4_CCB
20100715,91.56000,91.77000,91.32000,91.53000,2827,22151,BTP4_CCB
20100716,91.67000,92.26000,91.53000,92.17000,2631,22175,BTP4_CCB
20100719,92.21000,92.39000,92.04000,92.33000,2110,22189,BTP4_CCB
20100720,92.35000,92.84000,92.35000,92.76000,3939,22860,BTP4_CCB
20100721,92.71000,92.90000,92.56000,92.78000,3072,23275,BTP4_CCB
20100722,92.79000,93.01000,92.62000,92.75000,2986,23470,BTP4_CCB
20100723,92.93000,93.01000,92.58000,92.76000,3385,24035,BTP4_CCB
20100726,92.68000,93.30000,92.55000,93.21000,3463,23923,BTP4_CCB
20100727,93.11000,93.72000,93.05000,93.41000,6271,25611,BTP4_CCB
20100728,93.44000,93.81000,93.21000,93.29000,5710,25451,BTP4_CCB
20100729,93.42000,93.74000,93.31000,93.56000,4181,25081,BTP4_CCB
20100730,93.61000,93.96000,93.45000,93.96000,2855,24588,BTP4_CCB
20100802,93.80000,94.14000,93.74000,94.07000,1950,24212,BTP4_CCB
20100803,94.09000,94.60000,94.08000,94.55000,1518,24340,BTP4_CCB
20100804,94.59000,94.93000,94.56000,94.85000,1421,24313,BTP4_CCB
20100805,94.86000,95.13000,94.71000,95.01000,1259,24361,BTP4_CCB
20100806,95.04000,95.57000,95.03000,95.57000,2129,24250,BTP4_CCB
20100809,95.31000,95.67000,95.31000,95.36000,1471,24079,BTP4_CCB
20100810,95.43000,95.51000,94.86000,94.98000,4582,23555,BTP4_CCB
20100811,95.21000,95.46000,94.94000,95.45000,4652,23579,BTP4_CCB
20100812,95.31000,95.43000,94.99000,95.04000,3866,23481,BTP4_CCB
20100813,94.95000,94.98000,94.40000,94.81000,5605,24204,BTP4_CCB
20100816,94.50000,95.09000,94.50000,94.92000,2092,23807,BTP4_CCB
20100817,95.01000,95.29000,94.93000,95.26000,1669,23981,BTP4_CCB
20100818,95.35000,96.20000,95.22000,95.96000,3816,24561,BTP4_CCB
20100819,95.80000,95.95000,95.58000,95.79000,2665,24397,BTP4_CCB
20100820,95.56000,95.96000,95.56000,95.96000,3733,24355,BTP4_CCB
20100823,95.56000,96.14000,95.56000,95.81000,1507,24227,BTP4_CCB
20100824,95.62000,96.20000,95.61000,96.16000,3345,24107,BTP4_CCB
20100825,95.93000,96.28000,95.92000,96.11000,3968,23717,BTP4_CCB
20100826,96.04000,96.13000,95.76000,96.00000,2934,22897,BTP4_CCB
20100827,95.96000,96.30000,95.76000,95.76000,3981,23032,BTP4_CCB
20100830,95.95000,96.04000,95.79000,96.00000,4115,21322,BTP4_CCB
20100831,96.03000,96.29000,96.00000,96.21000,5419,20386,BTP4_CCB
20100901,95.86000,96.50000,95.86000,96.35000,4902,19380,BTP4_CCB
20100902,96.26000,96.41000,96.09000,96.25000,3723,17923,BTP4_CCB
20100903,96.21000,96.50000,95.93000,96.04000,4146,17704,BTP4_CCB
20100906,96.23000,96.29000,95.91000,96.13000,5249,9571,BTP4_CCB
20100907,96.38000,96.43000,96.06000,96.43000,10468,15896,BTP4_CCB
20100908,96.42000,96.50000,96.18000,96.23000,5435,17448,BTP4_CCB
20100909,96.43000,96.50000,96.14000,96.26000,2490,17617,BTP4_CCB
20100910,96.26000,96.29000,95.76000,95.78000,2670,17428,BTP4_CCB
20100913,95.80000,95.80000,95.28000,95.52000,4416,18644,BTP4_CCB
20100914,95.63000,95.73000,95.18000,95.63000,2205,18218,BTP4_CCB
20100915,95.58000,95.58000,95.38000,95.47000,2289,18330,BTP4_CCB
20100916,95.37000,95.38000,95.05000,95.08000,3169,18432,BTP4_CCB
20100917,95.13000,95.22000,94.89000,94.92000,3911,18536,BTP4_CCB
20100920,94.82000,95.01000,94.36000,94.43000,3356,18874,BTP4_CCB
20100921,94.58000,95.07000,94.52000,94.89000,5324,19519,BTP4_CCB
20100922,95.14000,95.72000,95.05000,95.28000,4909,19618,BTP4_CCB
20100923,95.28000,95.63000,95.18000,95.33000,3914,19767,BTP4_CCB
20100924,95.48000,95.53000,95.07000,95.25000,3981,19134,BTP4_CCB
20100927,95.19000,95.53000,95.14000,95.49000,2024,19320,BTP4_CCB
20100928,95.48000,95.63000,95.03000,95.10000,3961,19445,BTP4_CCB
20100929,95.08000,95.38000,95.00000,95.34000,5163,19786,BTP4_CCB
20100930,95.42000,95.82000,95.36000,95.61000,5191,20343,BTP4_CCB
20101001,95.65000,95.97000,95.63000,95.91000,4651,21460,BTP4_CCB
20101004,95.97000,96.37000,95.97000,96.20000,2457,21906,BTP4_CCB
20101005,96.33000,96.51000,96.22000,96.45000,2974,21349,BTP4_CCB
20101006,96.45000,97.07000,96.45000,97.04000,3749,21185,BTP4_CCB
20101007,96.88000,97.06000,96.51000,96.66000,1940,20944,BTP4_CCB
20101008,96.73000,97.20000,96.73000,97.16000,4141,21744,BTP4_CCB
20101011,97.16000,97.38000,97.16000,97.34000,2512,22701,BTP4_CCB
20101012,97.42000,97.62000,97.08000,97.13000,1728,22860,BTP4_CCB
20101013,97.03000,97.29000,96.96000,97.19000,4050,22617,BTP4_CCB
20101014,97.47000,97.47000,97.13000,97.40000,4959,22031,BTP4_CCB
20101015,97.22000,97.43000,97.12000,97.40000,5643,21310,BTP4_CCB
20101018,97.39000,97.39000,97.09000,97.23000,2823,21777,BTP4_CCB
20101019,97.33000,97.39000,96.79000,96.86000,3225,21504,BTP4_CCB
20101020,96.98000,97.01000,96.61000,96.83000,5932,22162,BTP4_CCB
20101021,96.80000,96.81000,96.13000,96.20000,3657,22122,BTP4_CCB
20101022,96.25000,96.46000,95.96000,96.34000,3126,21486,BTP4_CCB
20101025,96.42000,96.97000,96.41000,96.97000,2819,21520,BTP4_CCB
20101026,96.83000,96.98000,96.53000,96.59000,3078,22119,BTP4_CCB
20101027,96.59000,96.63000,95.60000,95.67000,5588,21811,BTP4_CCB
20101028,95.63000,95.80000,95.45000,95.69000,5628,21288,BTP4_CCB
20101029,95.73000,95.75000,95.51000,95.61000,3742,21245,BTP4_CCB
20101101,95.63000,95.88000,95.63000,95.81000,1167,21260,BTP4_CCB
20101102,95.70000,95.75000,95.38000,95.43000,5171,21176,BTP4_CCB
20101103,95.46000,95.87000,95.46000,95.66000,4083,21453,BTP4_CCB
20101104,95.65000,95.77000,95.01000,95.77000,6897,22419,BTP4_CCB
20101105,95.40000,95.56000,95.13000,95.48000,5736,21438,BTP4_CCB
20101108,95.23000,95.41000,94.64000,94.78000,5273,22357,BTP4_CCB
20101109,95.23000,95.25000,94.52000,94.72000,4003,22567,BTP4_CCB
20101110,94.61000,94.78000,94.05000,94.16000,9371,24360,BTP4_CCB
20101111,94.28000,94.53000,93.07000,93.19000,7940,24829,BTP4_CCB
20101112,93.38000,93.93000,92.62000,93.69000,17192,25753,BTP4_CCB
20101115,93.38000,94.08000,93.38000,93.97000,5242,25426,BTP4_CCB
20101116,93.70000,94.08000,93.13000,93.15000,8731,25224,BTP4_CCB
20101117,93.36000,93.61000,93.08000,93.39000,4573,25606,BTP4_CCB
20101118,93.21000,93.30000,92.59000,92.75000,7594,26356,BTP4_CCB
20101119,92.82000,93.43000,92.71000,93.43000,6551,25352,BTP4_CCB
20101122,93.46000,93.78000,93.26000,93.58000,6817,24795,BTP4_CCB
20101123,93.70000,93.74000,92.93000,92.97000,7767,24468,BTP4_CCB
20101124,92.99000,93.03000,92.36000,92.51000,8233,23494,BTP4_CCB
20101125,92.64000,92.72000,91.93000,92.14000,7529,21805,BTP4_CCB
20101126,92.12000,92.28000,91.85000,91.87000,4694,22012,BTP4_CCB
20101129,91.87000,91.98000,89.86000,90.32000,10669,20664,BTP4_CCB
20101130,90.42000,90.42000,89.02000,90.28000,11933,20011,BTP4_CCB
20101201,90.03000,91.63000,90.03000,91.58000,11370,22804,BTP4_CCB
20101202,91.39000,92.39000,91.18000,92.23000,10114,23382,BTP4_CCB
20101203,92.27000,93.12000,91.81000,92.22000,9339,21004,BTP4_CCB
20101206,92.16000,92.17000,91.40000,91.61000,11286,12977,BTP4_CCB
20101207,91.83000,91.83000,91.03000,91.37000,9825,18427,BTP4_CCB
20101208,90.87000,91.51000,90.87000,91.25000,2790,18944,BTP4_CCB
20101209,91.28000,91.66000,91.05000,91.16000,3694,19538,BTP4_CCB
20101210,91.30000,91.45000,90.89000,91.29000,2283,20029,BTP4_CCB
20101213,91.20000,91.30000,90.83000,91.06000,1382,19987,BTP4_CCB
20101214,91.04000,91.19000,90.73000,90.74000,2956,20119,BTP4_CCB
20101215,90.64000,91.37000,90.34000,91.11000,2511,19914,BTP4_CCB
20101216,90.70000,91.25000,90.61000,90.71000,2580,20462,BTP4_CCB
20101217,90.76000,90.85000,90.47000,90.49000,2754,21505,BTP4_CCB
20101220,90.78000,90.88000,90.45000,90.71000,1613,21890,BTP4_CCB
20101221,90.47000,90.63000,90.36000,90.50000,3326,22441,BTP4_CCB
20101222,90.55000,90.56000,90.30000,90.39000,1953,22995,BTP4_CCB
20101223,90.42000,90.53000,90.25000,90.26000,1101,22773,BTP4_CCB
20101227,89.95000,90.26000,89.78000,89.90000,701,22923,BTP4_CCB
20101228,90.30000,90.31000,89.40000,89.48000,592,23111,BTP4_CCB
20101229,89.29000,89.54000,88.93000,89.19000,1872,22983,BTP4_CCB
20101230,89.35000,89.52000,88.85000,89.41000,3751,23188,BTP4_CCB
20110103,90.30000,90.34000,89.43000,90.04000,2045,23127,BTP4_CCB
20110104,89.99000,90.97000,89.86000,90.95000,4396,23305,BTP4_CCB
20110105,90.88000,91.25000,90.60000,90.60000,4061,23353,BTP4_CCB
20110106,90.50000,90.64000,89.75000,89.87000,3529,22509,BTP4_CCB
20110107,89.76000,89.85000,89.31000,89.59000,4918,21427,BTP4_CCB
20110110,89.89000,89.89000,89.13000,89.15000,4899,21763,BTP4_CCB
20110111,89.26000,89.75000,88.77000,89.67000,7210,23580,BTP4_CCB
20110112,89.64000,90.05000,89.47000,89.76000,8621,25292,BTP4_CCB
20110113,89.76000,90.75000,89.65000,90.53000,10840,27233,BTP4_CCB
20110114,90.65000,91.18000,90.44000,90.74000,6756,27081,BTP4_CCB
20110117,90.65000,90.65000,90.00000,90.00000,6508,25719,BTP4_CCB
20110118,90.04000,90.19000,89.60000,89.86000,6818,26007,BTP4_CCB
20110119,89.83000,90.58000,89.72000,90.25000,5723,27140,BTP4_CCB
20110120,89.95000,90.61000,89.91000,90.00000,4298,27365,BTP4_CCB
20110121,89.91000,90.61000,89.90000,90.55000,7356,29815,BTP4_CCB
20110124,90.44000,91.03000,90.44000,90.82000,5301,30754,BTP4_CCB
20110125,90.60000,90.76000,90.24000,90.34000,6926,30087,BTP4_CCB
20110126,90.27000,90.39000,89.85000,89.93000,8771,29091,BTP4_CCB
20110127,89.76000,89.86000,89.50000,89.57000,7345,27927,BTP4_CCB
20110128,89.65000,90.01000,89.54000,89.92000,7177,28649,BTP4_CCB
20110131,89.75000,90.46000,89.75000,90.33000,4439,28090,BTP4_CCB
20110201,90.18000,91.15000,90.11000,91.13000,8812,28444,BTP4_CCB
20110202,91.10000,92.12000,91.06000,91.92000,18289,30587,BTP4_CCB
20110203,91.95000,92.05000,91.22000,91.36000,10396,29566,BTP4_CCB
20110204,91.29000,91.85000,91.29000,91.48000,8326,30320,BTP4_CCB
20110207,91.82000,91.82000,90.76000,90.80000,7073,29428,BTP4_CCB
20110208,90.86000,90.87000,90.24000,90.27000,8896,28178,BTP4_CCB
20110209,90.16000,90.55000,90.07000,90.20000,4672,28597,BTP4_CCB
20110210,90.18000,90.45000,89.69000,90.14000,8611,29125,BTP4_CCB
20110211,90.05000,90.34000,89.86000,90.07000,5657,28754,BTP4_CCB
20110214,90.08000,90.08000,89.71000,89.75000,4822,29206,BTP4_CCB
20110215,89.74000,90.02000,89.63000,89.96000,3974,29784,BTP4_CCB
20110216,89.94000,90.54000,89.93000,90.48000,5350,30174,BTP4_CCB
20110217,90.35000,90.60000,90.12000,90.50000,9365,30382,BTP4_CCB
20110218,90.50000,90.75000,90.10000,90.25000,6339,29614,BTP4_CCB
20110221,90.35000,90.45000,89.93000,90.14000,9027,30285,BTP4_CCB
20110222,90.20000,90.43000,89.95000,90.01000,8885,31592,BTP4_CCB
20110223,90.10000,90.10000,89.55000,89.90000,6249,32704,BTP4_CCB
20110224,89.88000,89.95000,89.65000,89.68000,7211,33957,BTP4_CCB
20110225,89.75000,89.75000,89.42000,89.56000,10431,31545,BTP4_CCB
20110228,89.60000,89.64000,89.50000,89.60000,3710,31765,BTP4_CCB
20110301,89.57000,89.82000,89.52000,89.71000,9584,30569,BTP4_CCB
20110302,89.75000,89.95000,89.65000,89.88000,8446,26411,BTP4_CCB
20110303,89.71000,89.85000,88.77000,89.03000,15300,20149,BTP4_CCB
20110304,89.07000,89.21000,88.85000,89.20000,12495,18912,BTP4_CCB
20110307,89.13000,89.28000,88.98000,89.18000,10456,22111,BTP4_CCB
20110308,89.16000,89.25000,88.70000,88.75000,7057,22398,BTP4_CCB
20110309,88.70000,88.72000,88.27000,88.47000,8860,21864,BTP4_CCB
20110310,88.49000,88.67000,88.13000,88.49000,6700,22588,BTP4_CCB
20110311,88.56000,89.58000,88.56000,89.43000,7062,22957,BTP4_CCB
20110314,89.46000,90.71000,89.46000,90.15000,9525,25079,BTP4_CCB
20110315,90.68000,91.15000,90.15000,90.95000,10312,24282,BTP4_CCB
20110316,90.47000,91.25000,90.47000,91.02000,7422,25890,BTP4_CCB
20110317,90.98000,91.11000,90.68000,90.78000,3326,25375,BTP4_CCB
20110318,90.75000,91.25000,90.73000,91.12000,3344,25757,BTP4_CCB
20110321,91.01000,91.11000,90.63000,90.86000,6340,25617,BTP4_CCB
20110322,90.93000,90.93000,90.28000,90.28000,5385,26059,BTP4_CCB
20110323,90.98000,90.98000,90.10000,90.48000,10899,26096,BTP4_CCB
20110324,90.97000,90.97000,90.24000,90.52000,5471,26496,BTP4_CCB
20110325,90.67000,90.77000,90.28000,90.56000,5333,25458,BTP4_CCB
20110328,90.28000,90.50000,90.27000,90.40000,4120,25461,BTP4_CCB
20110329,90.56000,90.56000,90.19000,90.25000,5296,26474,BTP4_CCB
20110330,90.15000,90.55000,90.08000,90.39000,8654,27130,BTP4_CCB
20110331,90.30000,90.53000,89.98000,90.08000,7851,28382,BTP4_CCB
20110401,90.28000,90.28000,89.92000,90.18000,6726,29055,BTP4_CCB
20110404,90.07000,90.78000,90.07000,90.78000,3733,27851,BTP4_CCB
20110405,90.28000,90.69000,90.28000,90.65000,5542,27180,BTP4_CCB
20110406,90.41000,91.16000,90.41000,90.92000,6929,27147,BTP4_CCB
20110407,90.92000,91.00000,90.60000,90.81000,4617,26477,BTP4_CCB
20110408,90.69000,90.99000,90.48000,90.76000,6055,27110,BTP4_CCB
20110411,90.90000,91.18000,90.76000,91.15000,3666,27452,BTP4_CCB
20110412,91.11000,91.65000,91.11000,91.56000,6220,28387,BTP4_CCB
20110413,91.48000,91.68000,91.18000,91.36000,10471,31803,BTP4_CCB
20110414,91.44000,91.48000,91.05000,91.17000,8994,30031,BTP4_CCB
20110415,91.03000,91.14000,90.65000,91.01000,6190,30174,BTP4_CCB
20110418,91.08000,91.08000,90.40000,90.48000,10369,29518,BTP4_CCB
20110419,90.53000,91.03000,90.47000,90.88000,7171,29093,BTP4_CCB
20110420,90.96000,91.25000,90.75000,91.04000,5770,29640,BTP4_CCB
20110421,91.14000,91.22000,90.64000,90.85000,5384,29640,BTP4_CCB
20110426,90.91000,90.91000,90.44000,90.49000,2806,28596,BTP4_CCB
20110427,90.55000,90.55000,90.23000,90.48000,9095,27515,BTP4_CCB
20110428,90.67000,90.95000,90.50000,90.82000,11534,27375,BTP4_CCB
20110429,90.93000,91.26000,90.88000,90.98000,3568,27627,BTP4_CCB
20110502,91.33000,91.44000,90.99000,91.43000,1734,27741,BTP4_CCB
20110503,91.51000,91.55000,91.22000,91.54000,4406,25544,BTP4_CCB
20110504,91.63000,91.69000,91.43000,91.48000,5404,25234,BTP4_CCB
20110505,91.34000,91.76000,91.08000,91.68000,6134,25098,BTP4_CCB
20110506,91.95000,92.05000,91.46000,91.71000,7070,23925,BTP4_CCB
20110509,91.81000,91.86000,91.50000,91.73000,5166,24098,BTP4_CCB
20110510,91.60000,92.07000,91.60000,92.06000,5458,22577,BTP4_CCB
20110511,91.98000,92.15000,91.93000,92.08000,4268,22196,BTP4_CCB
20110512,91.95000,92.50000,91.95000,92.30000,5774,24025,BTP4_CCB
20110513,92.25000,92.54000,92.02000,92.31000,9490,24242,BTP4_CCB
20110516,92.30000,92.56000,92.23000,92.45000,3037,23892,BTP4_CCB
20110517,92.25000,92.52000,92.25000,92.28000,4375,24590,BTP4_CCB
20110518,92.34000,92.34000,91.92000,92.16000,3895,24261,BTP4_CCB
20110519,92.34000,92.34000,91.73000,92.03000,5507,23939,BTP4_CCB
20110520,92.27000,92.27000,91.63000,91.83000,7898,24438,BTP4_CCB
20110523,91.63000,91.77000,90.97000,91.58000,9884,25347,BTP4_CCB
20110524,91.62000,91.87000,91.53000,91.83000,4295,25941,BTP4_CCB
20110525,91.93000,92.42000,91.66000,92.36000,9448,26332,BTP4_CCB
20110526,92.09000,92.75000,92.08000,92.48000,8363,26702,BTP4_CCB
20110527,92.38000,92.56000,92.12000,92.18000,6444,27556,BTP4_CCB
20110530,92.10000,92.10000,91.67000,91.78000,8314,25780,BTP4_CCB
20110531,91.78000,92.26000,91.60000,91.98000,7223,25867,BTP4_CCB
20110601,91.81000,92.51000,91.81000,92.44000,6183,24420,BTP4_CCB
20110602,92.54000,92.97000,92.28000,92.92000,6096,24329,BTP4_CCB
20110603,92.83000,93.47000,92.74000,93.44000,10452,21058,BTP4_CCB
20110606,93.35000,93.39000,92.99000,93.00000,9730,14061,BTP4_CCB
20110607,93.08000,93.08000,92.37000,92.45000,8038,17499,BTP4_CCB
20110608,92.45000,92.53000,92.17000,92.20000,7586,18151,BTP4_CCB
20110609,92.30000,92.30000,91.76000,91.80000,5626,18896,BTP4_CCB
20110610,91.78000,92.12000,91.49000,92.04000,5280,19706,BTP4_CCB
20110613,91.96000,92.31000,91.68000,92.17000,5648,20491,BTP4_CCB
20110614,92.11000,92.65000,92.03000,92.45000,7622,21404,BTP4_CCB
20110615,92.42000,92.47000,91.87000,91.90000,7422,21176,BTP4_CCB
20110616,91.90000,91.96000,91.03000,91.76000,12212,22117,BTP4_CCB
20110617,91.90000,92.36000,91.67000,92.09000,7395,20342,BTP4_CCB
20110620,92.00000,92.00000,91.56000,91.80000,6296,21684,BTP4_CCB
20110621,91.76000,92.17000,91.76000,92.03000,5499,20362,BTP4_CCB
20110622,92.15000,92.15000,91.51000,91.60000,7359,21538,BTP4_CCB
20110623,91.57000,91.57000,91.05000,91.14000,11683,22926,BTP4_CCB
20110624,91.08000,91.50000,90.70000,90.80000,10175,23910,BTP4_CCB
20110627,90.97000,90.97000,90.23000,90.77000,6258,23608,BTP4_CCB
20110628,90.80000,91.08000,90.40000,90.86000,11780,25130,BTP4_CCB
20110629,90.71000,91.29000,90.71000,91.00000,9257,25162,BTP4_CCB
20110630,90.86000,91.73000,90.86000,91.72000,6516,24158,BTP4_CCB
20110701,91.45000,92.03000,91.45000,91.80000,5833,24199,BTP4_CCB
20110704,91.50000,91.68000,91.38000,91.47000,5445,24250,BTP4_CCB
20110705,91.55000,91.55000,90.70000,90.81000,6687,25407,BTP4_CCB
20110706,90.98000,90.98000,89.63000,89.79000,13047,27562,BTP4_CCB
20110707,89.99000,89.99000,88.75000,88.86000,9133,26978,BTP4_CCB
20110708,88.96000,89.05000,87.54000,88.29000,21635,27692,BTP4_CCB
20110711,88.01000,88.08000,84.21000,84.69000,16173,28797,BTP4_CCB
20110712,84.76000,85.95000,81.72000,85.81000,17485,30354,BTP4_CCB
20110713,85.53000,86.82000,85.01000,86.00000,13423,28925,BTP4_CCB
20110714,85.61000,85.86000,84.43000,85.18000,14521,29749,BTP4_CCB
20110715,85.53000,85.53000,84.09000,84.13000,8786,31033,BTP4_CCB
20110718,84.50000,84.50000,82.15000,82.85000,9924,31299,BTP4_CCB
20110719,83.45000,84.91000,83.01000,84.55000,12392,32345,BTP4_CCB
20110720,84.78000,86.24000,84.78000,86.04000,12455,33975,BTP4_CCB
20110721,85.78000,88.20000,85.52000,88.10000,13774,33819,BTP4_CCB
20110722,87.95000,89.51000,86.68000,87.63000,19263,37761,BTP4_CCB
20110725,87.66000,87.66000,85.11000,85.54000,9104,31928,BTP4_CCB
20110726,85.78000,86.49000,84.97000,85.70000,9964,31332,BTP4_CCB
20110727,85.88000,85.88000,84.50000,84.85000,13051,30506,BTP4_CCB
20110728,85.00000,85.00000,83.00000,84.34000,20919,34794,BTP4_CCB
20110729,83.84000,84.05000,82.98000,83.85000,8941,33168,BTP4_CCB
20110801,84.25000,84.95000,82.16000,82.66000,10316,33685,BTP4_CCB
20110802,82.37000,82.61000,80.60000,81.93000,15801,34362,BTP4_CCB
20110803,81.45000,82.79000,80.90000,82.16000,13874,32956,BTP4_CCB
20110804,82.55000,83.68000,81.06000,81.08000,18899,31439,BTP4_CCB
20110805,80.85000,84.85000,79.85000,84.15000,14055,30936,BTP4_CCB
20110808,84.85000,88.44000,84.85000,87.98000,27751,35714,BTP4_CCB
20110809,87.83000,89.80000,87.81000,88.75000,14701,35123,BTP4_CCB
20110810,89.34000,89.73000,88.92000,89.60000,10101,36546,BTP4_CCB
20110811,89.84000,90.75000,89.43000,90.32000,10820,36292,BTP4_CCB
20110812,90.55000,90.78000,90.08000,90.55000,6230,35683,BTP4_CCB
20110815,90.32000,90.70000,90.32000,90.52000,1770,36118,BTP4_CCB
20110816,90.38000,91.24000,90.20000,90.78000,6674,35798,BTP4_CCB
20110817,91.04000,91.64000,90.69000,91.50000,7434,35105,BTP4_CCB
20110818,91.64000,92.10000,91.18000,91.40000,6773,35348,BTP4_CCB
20110819,91.50000,91.70000,91.05000,91.56000,6751,35510,BTP4_CCB
20110822,91.58000,91.74000,91.09000,91.30000,4193,34610,BTP4_CCB
20110823,91.30000,91.46000,90.99000,91.11000,6587,33880,BTP4_CCB
20110824,91.15000,91.15000,90.40000,90.75000,9294,35785,BTP4_CCB
20110825,91.30000,91.30000,90.69000,91.10000,8383,38864,BTP4_CCB
20110826,91.17000,91.27000,90.98000,91.15000,5957,38338,BTP4_CCB
20110829,90.82000,91.05000,90.70000,90.94000,1345,38112,BTP4_CCB
20110830,90.86000,90.95000,90.42000,90.60000,10939,37044,BTP4_CCB
20110831,90.95000,90.95000,90.44000,90.47000,5990,37037,BTP4_CCB
20110901,90.60000,90.60000,90.18000,90.50000,8628,33851,BTP4_CCB
20110902,90.36000,90.56000,89.31000,89.47000,7989,34146,BTP4_CCB
20110905,88.81000,88.89000,87.36000,87.36000,5732,5428,BTP4_CCB
20110906,86.89000,88.31000,86.89000,87.69000,14518,17344,BTP4_CCB
20110907,87.17000,89.36000,87.17000,89.36000,14698,26359,BTP4_CCB
20110908,88.93000,89.71000,88.81000,88.94000,8095,27397,BTP4_CCB
20110909,88.94000,88.96000,87.12000,87.63000,10195,28645,BTP4_CCB
20110912,87.71000,87.71000,86.13000,86.14000,7517,28890,BTP4_CCB
20110913,86.76000,87.07000,84.95000,85.86000,17654,27527,BTP4_CCB
20110914,85.42000,86.74000,85.14000,86.69000,8434,26993,BTP4_CCB
20110915,86.47000,86.96000,86.24000,86.46000,9568,25338,BTP4_CCB
20110916,86.61000,88.20000,86.26000,86.76000,7422,25704,BTP4_CCB
20110919,86.36000,86.59000,85.96000,86.43000,4384,25521,BTP4_CCB
20110920,85.62000,86.40000,85.11000,85.38000,6469,25687,BTP4_CCB
20110921,85.50000,85.50000,84.92000,85.25000,8554,26318,BTP4_CCB
20110922,85.01000,86.00000,84.26000,85.70000,9637,27375,BTP4_CCB
20110923,85.47000,86.44000,85.35000,86.04000,6744,27457,BTP4_CCB
20110926,86.61000,86.61000,85.38000,85.88000,5348,27074,BTP4_CCB
20110927,86.20000,86.61000,85.92000,86.39000,7544,27454,BTP4_CCB
20110928,85.76000,86.40000,85.68000,85.95000,5380,28031,BTP4_CCB
20110929,85.90000,86.86000,85.64000,86.68000,14718,26580,BTP4_CCB
20110930,86.61000,87.43000,86.51000,87.08000,7004,27249,BTP4_CCB
20111003,86.61000,87.38000,86.24000,86.77000,4670,27393,BTP4_CCB
20111004,86.61000,87.41000,86.60000,87.36000,5823,28089,BTP4_CCB
20111005,87.01000,87.29000,86.67000,87.29000,7846,28544,BTP4_CCB
20111006,87.06000,88.16000,87.06000,87.61000,8235,27582,BTP4_CCB
20111007,87.84000,87.88000,87.01000,87.47000,4911,28176,BTP4_CCB
20111010,87.66000,87.66000,87.35000,87.52000,3532,27823,BTP4_CCB
20111011,87.45000,87.55000,87.05000,87.31000,3747,27513,BTP4_CCB
20111012,87.23000,87.23000,86.41000,86.55000,6541,27102,BTP4_CCB
20111013,86.69000,86.69000,85.72000,85.81000,12414,28882,BTP4_CCB
20111014,85.82000,86.16000,85.46000,86.06000,5710,28855,BTP4_CCB
20111017,86.56000,86.61000,86.01000,86.03000,3645,28003,BTP4_CCB
20111018,86.00000,86.00000,85.29000,85.64000,4279,27976,BTP4_CCB
20111019,85.62000,85.76000,85.13000,85.41000,7121,27219,BTP4_CCB
20111020,85.28000,85.41000,84.18000,84.36000,7822,26502,BTP4_CCB
20111021,84.50000,85.61000,84.29000,85.42000,9947,26951,BTP4_CCB
20111024,85.41000,85.41000,84.81000,84.98000,3726,27220,BTP4_CCB
20111025,84.89000,85.13000,84.67000,84.99000,4534,27712,BTP4_CCB
20111026,85.07000,85.40000,84.71000,85.17000,7878,28153,BTP4_CCB
20111027,85.61000,86.71000,85.42000,85.61000,9168,29616,BTP4_CCB
20111028,85.66000,85.66000,84.17000,84.24000,12247,30809,BTP4_CCB
20111031,84.11000,84.26000,83.18000,83.77000,10274,30375,BTP4_CCB
20111101,83.76000,83.76000,81.77000,83.22000,11103,29571,BTP4_CCB
20111102,83.42000,84.38000,82.66000,82.99000,6959,29022,BTP4_CCB
20111103,83.11000,83.65000,81.57000,83.22000,9568,29784,BTP4_CCB
20111104,83.31000,83.46000,81.54000,81.81000,9696,29653,BTP4_CCB
20111107,82.11000,82.21000,79.28000,79.61000,15943,29293,BTP4_CCB
20111108,79.37000,80.40000,78.93000,78.99000,12900,29207,BTP4_CCB
20111109,80.06000,80.06000,74.07000,75.96000,25286,28516,BTP4_CCB
20111110,74.61000,78.78000,74.25000,78.09000,28617,31218,BTP4_CCB
20111111,78.48000,80.76000,77.82000,80.42000,15269,32880,BTP4_CCB
20111114,80.53000,81.31000,78.12000,78.12000,20559,34953,BTP4_CCB
20111115,78.60000,78.61000,75.93000,76.78000,15504,36822,BTP4_CCB
20111116,76.34000,78.49000,75.86000,76.63000,14253,35340,BTP4_CCB
20111117,76.59000,78.11000,75.41000,77.79000,13786,34668,BTP4_CCB
20111118,77.60000,79.40000,77.38000,79.01000,10950,35912,BTP4_CCB
20111121,79.12000,79.71000,78.41000,79.11000,9373,38896,BTP4_CCB
20111122,79.27000,79.46000,77.79000,77.95000,12257,38864,BTP4_CCB
20111123,77.95000,77.95000,76.78000,77.16000,6017,39377,BTP4_CCB
20111124,77.48000,77.92000,76.49000,76.49000,6880,39454,BTP4_CCB
20111125,76.98000,76.98000,75.23000,75.76000,5893,39548,BTP4_CCB
20111128,78.55000,78.61000,75.86000,76.20000,6199,39991,BTP4_CCB
20111129,75.94000,76.10000,74.97000,75.79000,18748,46826,BTP4_CCB
20111130,75.54000,77.62000,75.09000,77.54000,14849,47699,BTP4_CCB
20111201,77.21000,80.00000,77.21000,79.96000,14183,47498,BTP4_CCB
20111202,79.88000,81.32000,79.24000,79.41000,11858,46340,BTP4_CCB
20111205,80.05000,84.73000,80.05000,84.46000,9563,10773,BTP4_CCB
20111206,83.84000,85.47000,83.62000,84.69000,7674,15909,BTP4_CCB
20111207,84.88000,85.94000,83.44000,84.68000,14916,21399,BTP4_CCB
20111208,84.60000,85.11000,81.01000,81.36000,15374,22766,BTP4_CCB
20111209,81.49000,82.49000,79.72000,81.81000,16142,20283,BTP4_CCB
20111212,82.21000,82.21000,78.81000,80.19000,11074,21613,BTP4_CCB
20111213,80.51000,80.66000,79.42000,80.05000,8940,22648,BTP4_CCB
20111214,79.71000,80.54000,78.67000,78.96000,7952,22497,BTP4_CCB
20111215,78.86000,81.06000,78.36000,81.06000,9225,23463,BTP4_CCB
20111216,81.14000,82.28000,80.33000,80.87000,7034,23801,BTP4_CCB
20111219,79.98000,82.29000,79.89000,82.09000,3596,23549,BTP4_CCB
20111220,81.63000,83.78000,81.63000,83.11000,7299,23596,BTP4_CCB
20111221,83.41000,84.56000,81.13000,82.48000,8154,24282,BTP4_CCB
20111222,81.95000,82.71000,81.29000,81.55000,3313,24818,BTP4_CCB
20111223,81.65000,81.68000,80.17000,80.71000,2413,25503,BTP4_CCB
20111227,80.71000,80.91000,80.09000,80.83000,2065,25421,BTP4_CCB
20111228,81.06000,82.24000,80.21000,80.43000,4971,25798,BTP4_CCB
20111229,80.31000,80.45000,79.46000,80.11000,9157,27122,BTP4_CCB
20111230,80.11000,80.68000,79.84000,80.39000,1687,26912,BTP4_CCB
20120102,80.46000,81.36000,80.27000,81.09000,1733,27212,BTP4_CCB
20120103,80.90000,81.53000,80.66000,81.05000,4441,26915,BTP4_CCB
20120104,80.84000,81.36000,80.66000,81.00000,4287,26952,BTP4_CCB
20120105,80.93000,80.93000,79.50000,79.51000,7602,28316,BTP4_CCB
20120106,79.96000,79.96000,79.15000,79.54000,7436,29065,BTP4_CCB
20120109,79.52000,80.12000,79.21000,79.21000,4926,28882,BTP4_CCB
20120110,79.70000,79.93000,79.26000,79.88000,5602,28665,BTP4_CCB
20120111,79.88000,81.11000,79.88000,81.07000,13216,28063,BTP4_CCB
20120112,80.81000,83.69000,80.71000,83.13000,16851,29086,BTP4_CCB
20120113,83.21000,84.50000,81.86000,82.75000,17657,31525,BTP4_CCB
20120116,82.01000,83.47000,80.92000,83.17000,8299,30252,BTP4_CCB
20120117,83.66000,84.54000,83.56000,83.94000,9110,29839,BTP4_CCB
20120118,84.08000,85.05000,83.46000,84.79000,11675,30166,BTP4_CCB
20120119,84.62000,85.38000,84.50000,85.35000,9567,29710,BTP4_CCB
20120120,85.46000,86.26000,84.88000,86.26000,8952,30528,BTP4_CCB
20120123,86.05000,87.82000,86.01000,86.99000,11525,31837,BTP4_CCB
20120124,86.99000,87.71000,86.13000,86.59000,12175,31400,BTP4_CCB
20120125,86.89000,86.89000,85.66000,86.31000,8114,32031,BTP4_CCB
20120126,86.51000,88.29000,86.50000,87.86000,14930,32375,BTP4_CCB
20120127,87.76000,89.39000,87.53000,88.87000,12646,30930,BTP4_CCB
20120130,88.54000,88.55000,86.55000,87.21000,20149,31185,BTP4_CCB
20120131,87.46000,88.68000,87.46000,88.41000,11501,30877,BTP4_CCB
20120201,88.61000,90.84000,88.24000,90.78000,19978,33230,BTP4_CCB
20120202,90.81000,91.31000,89.51000,91.30000,19052,32427,BTP4_CCB
20120203,91.16000,91.75000,90.16000,90.67000,15005,31247,BTP4_CCB
20120206,90.52000,91.21000,89.51000,91.18000,13121,30688,BTP4_CCB
20120207,90.99000,92.00000,90.26000,91.53000,11379,29841,BTP4_CCB
20120208,91.48000,92.19000,90.97000,91.04000,12964,30643,BTP4_CCB
20120209,91.27000,92.93000,90.58000,92.93000,15150,32878,BTP4_CCB
20120210,92.49000,92.52000,90.98000,91.24000,14439,32395,BTP4_CCB
20120213,91.61000,92.38000,91.21000,91.26000,9641,32239,BTP4_CCB
20120214,90.97000,91.71000,90.56000,91.41000,10815,33183,BTP4_CCB
20120215,91.77000,91.99000,89.83000,89.85000,14003,33092,BTP4_CCB
20120216,90.12000,91.23000,88.91000,91.17000,20662,35594,BTP4_CCB
20120217,91.31000,92.06000,90.89000,91.66000,11060,37612,BTP4_CCB
20120220,92.11000,92.75000,91.54000,92.31000,10224,38443,BTP4_CCB
20120221,91.70000,93.45000,91.62000,92.66000,15359,38778,BTP4_CCB
20120222,92.51000,92.78000,91.85000,92.03000,18392,39322,BTP4_CCB
20120223,92.19000,92.29000,91.56000,92.12000,10758,33957,BTP4_CCB
20120224,92.23000,93.09000,92.14000,92.86000,7987,32719,BTP4_CCB
20120227,92.89000,93.29000,92.39000,93.20000,13858,32666,BTP4_CCB
20120228,93.03000,93.85000,93.03000,93.85000,14936,30392,BTP4_CCB
20120229,93.75000,95.24000,93.75000,95.08000,15134,31281,BTP4_CCB
20120301,94.96000,97.44000,94.96000,97.22000,22314,31138,BTP4_CCB
20120302,96.95000,97.53000,96.17000,97.41000,14903,30187,BTP4_CCB
20120305,97.22000,97.44000,96.76000,97.33000,9565,11969,BTP4_CCB
20120306,96.92000,97.12000,95.78000,95.78000,13034,20306,BTP4_CCB
20120307,95.93000,97.38000,95.45000,97.28000,16424,26285,BTP4_CCB
20120308,97.27000,98.80000,97.27000,98.61000,14948,28287,BTP4_CCB
20120309,98.47000,99.68000,98.00000,98.38000,14994,29307,BTP4_CCB
20120312,98.52000,98.52000,97.62000,97.88000,5240,30068,BTP4_CCB
20120313,97.94000,98.38000,97.76000,97.93000,7098,29370,BTP4_CCB
20120314,98.08000,98.57000,97.84000,98.28000,11296,29357,BTP4_CCB
20120315,98.32000,98.66000,98.02000,98.58000,6548,28438,BTP4_CCB
20120316,98.48000,98.73000,98.00000,98.42000,4679,28535,BTP4_CCB
20120319,98.29000,98.88000,98.27000,98.56000,6217,28707,BTP4_CCB
20120320,98.47000,98.63000,97.95000,97.95000,6756,28606,BTP4_CCB
20120321,97.88000,98.20000,97.13000,97.33000,11489,28821,BTP4_CCB
20120322,97.35000,97.54000,96.33000,96.67000,15597,31945,BTP4_CCB
20120323,96.63000,97.13000,95.71000,97.13000,19631,32691,BTP4_CCB
20120326,96.90000,97.60000,96.86000,97.07000,9057,32271,BTP4_CCB
20120327,97.11000,97.13000,96.18000,96.43000,11433,30876,BTP4_CCB
20120328,96.51000,96.93000,95.93000,96.49000,14377,31257,BTP4_CCB
20120329,96.56000,96.56000,95.13000,95.72000,30003,34455,BTP4_CCB
20120330,95.86000,96.55000,95.68000,96.55000,9717,34273,BTP4_CCB
20120402,96.70000,97.44000,96.43000,96.62000,9904,35071,BTP4_CCB
20120403,96.60000,96.71000,95.88000,96.09000,6570,35099,BTP4_CCB
20120404,95.98000,96.05000,94.16000,94.54000,18257,33875,BTP4_CCB
20120405,94.39000,94.91000,93.14000,93.77000,19418,34819,BTP4_CCB
20120410,94.08000,94.08000,91.93000,92.07000,13966,35781,BTP4_CCB
20120411,92.13000,93.77000,91.90000,93.51000,18390,34951,BTP4_CCB
20120412,93.52000,94.70000,93.30000,94.24000,22420,36875,BTP4_CCB
20120413,94.11000,94.52000,93.16000,93.38000,11724,37344,BTP4_CCB
20120416,93.54000,93.58000,92.24000,92.82000,11032,38166,BTP4_CCB
20120417,93.08000,93.93000,92.78000,93.88000,12442,38208,BTP4_CCB
20120418,93.86000,94.56000,93.21000,93.78000,16869,41705,BTP4_CCB
20120419,93.71000,94.14000,92.63000,92.78000,15331,42362,BTP4_CCB
20120420,92.90000,92.90000,91.61000,92.28000,15860,43946,BTP4_CCB
20120423,92.23000,92.26000,91.50000,91.94000,11451,44572,BTP4_CCB
20120424,91.74000,92.60000,91.68000,92.33000,17611,47181,BTP4_CCB
20120425,92.45000,93.22000,92.24000,92.73000,13684,47928,BTP4_CCB
20120426,92.78000,93.26000,92.15000,92.74000,16525,46795,BTP4_CCB
20120427,92.48000,92.88000,91.66000,92.87000,28550,47972,BTP4_CCB
20120430,92.97000,93.85000,92.66000,93.78000,7761,48437,BTP4_CCB
20120502,93.82000,94.23000,93.30000,93.59000,14106,49202,BTP4_CCB
20120503,93.43000,94.25000,93.33000,93.86000,12185,49289,BTP4_CCB
20120504,93.86000,94.84000,93.74000,94.43000,13549,49897,BTP4_CCB
20120507,93.34000,94.87000,93.33000,94.80000,8210,50167,BTP4_CCB
20120508,94.85000,95.26000,94.05000,94.20000,17246,50423,BTP4_CCB
20120509,94.29000,94.37000,92.83000,93.15000,25599,49778,BTP4_CCB
20120510,93.16000,94.13000,92.95000,93.91000,20449,50353,BTP4_CCB
20120511,93.78000,94.31000,93.53000,93.93000,13343,49689,BTP4_CCB
20120514,93.71000,93.91000,91.93000,92.73000,26798,48952,BTP4_CCB
20120515,92.56000,92.92000,91.26000,91.37000,28435,49617,BTP4_CCB
20120516,90.93000,92.38000,90.40000,91.83000,28176,49499,BTP4_CCB
20120517,92.08000,92.13000,91.05000,91.78000,16133,48662,BTP4_CCB
20120518,91.49000,92.90000,91.18000,92.00000,18947,50894,BTP4_CCB
20120521,92.28000,92.51000,91.77000,92.22000,11518,50383,BTP4_CCB
20120522,92.47000,93.88000,92.30000,93.73000,20376,49830,BTP4_CCB
20120523,93.40000,93.88000,92.73000,93.07000,19408,48873,BTP4_CCB
20120524,93.36000,94.50000,92.62000,94.00000,20689,49323,BTP4_CCB
20120525,93.88000,95.47000,93.07000,93.59000,26066,45875,BTP4_CCB
20120528,93.60000,93.93000,92.52000,92.92000,10756,45761,BTP4_CCB
20120529,92.61000,93.27000,92.41000,92.50000,17752,45909,BTP4_CCB
20120530,92.67000,92.67000,90.77000,91.41000,41496,44898,BTP4_CCB
20120531,91.36000,92.35000,91.29000,91.79000,33598,40878,BTP4_CCB
20120601,91.60000,93.41000,91.34000,92.93000,45785,30675,BTP4_CCB
20120604,92.87000,94.63000,92.63000,94.63000,17247,26419,BTP4_CCB
20120605,95.43000,95.43000,94.15000,94.72000,10052,31628,BTP4_CCB
20120606,94.73000,95.34000,94.25000,94.31000,24154,38568,BTP4_CCB
20120607,94.55000,95.76000,93.70000,94.20000,26650,40622,BTP4_CCB
20120608,94.10000,94.48000,93.53000,93.86000,15147,39927,BTP4_CCB
20120611,94.33000,95.11000,91.84000,92.00000,28452,41132,BTP4_CCB
20120612,91.95000,92.34000,89.98000,91.19000,31235,42094,BTP4_CCB
20120613,91.15000,91.75000,90.41000,90.60000,16158,41037,BTP4_CCB
20120614,90.59000,91.53000,89.76000,91.37000,28037,40647,BTP4_CCB
20120615,91.47000,93.02000,91.30000,92.75000,18411,39111,BTP4_CCB
20120618,93.54000,93.70000,90.99000,91.74000,18602,40281,BTP4_CCB
20120619,91.67000,93.05000,91.39000,92.95000,15114,40116,BTP4_CCB
20120620,92.62000,94.40000,92.62000,94.14000,20363,41662,BTP4_CCB
20120621,93.97000,95.21000,93.63000,94.16000,23137,42899,BTP4_CCB
20120622,94.05000,94.84000,93.24000,93.86000,20887,44627,BTP4_CCB
20120625,93.76000,93.88000,92.29000,92.29000,18156,45526,BTP4_CCB
20120626,92.63000,92.63000,91.00000,91.50000,22033,45934,BTP4_CCB
20120627,91.80000,91.91000,90.65000,90.95000,15592,46539,BTP4_CCB
20120628,91.14000,91.45000,90.44000,91.03000,33494,47428,BTP4_CCB
20120629,91.83000,94.55000,91.83000,93.83000,29288,47658,BTP4_CCB
20120702,93.61000,95.36000,93.58000,94.53000,16950,47244,BTP4_CCB
20120703,94.98000,95.43000,94.35000,95.27000,13226,47319,BTP4_CCB
20120704,95.39000,95.89000,94.22000,94.52000,15935,48764,BTP4_CCB
20120705,94.39000,94.75000,92.21000,92.61000,30922,50609,BTP4_CCB
20120706,92.71000,93.15000,92.05000,92.50000,14637,50649,BTP4_CCB
20120709,92.42000,92.46000,91.32000,92.11000,14184,50656,BTP4_CCB
20120710,91.79000,93.80000,91.79000,93.10000,19104,50932,BTP4_CCB
20120711,92.90000,94.35000,92.77000,94.27000,16382,50914,BTP4_CCB
20120712,94.04000,94.79000,93.30000,93.46000,13494,51274,BTP4_CCB
20120713,93.10000,93.45000,92.13000,92.40000,26950,54879,BTP4_CCB
20120716,92.19000,92.65000,91.56000,92.03000,12280,55549,BTP4_CCB
20120717,91.89000,93.30000,91.68000,92.63000,18054,55005,BTP4_CCB
20120718,92.20000,93.36000,92.11000,92.26000,18456,54437,BTP4_CCB
20120719,92.36000,93.33000,92.22000,92.93000,18177,54964,BTP4_CCB
20120720,92.78000,93.21000,91.15000,91.15000,15993,55765,BTP4_CCB
20120723,91.03000,91.20000,89.80000,90.45000,21203,54870,BTP4_CCB
20120724,90.34000,91.04000,88.40000,88.40000,27977,53339,BTP4_CCB
20120725,88.40000,89.95000,87.89000,89.69000,21612,52311,BTP4_CCB
20120726,89.93000,92.88000,89.44000,92.88000,30819,51020,BTP4_CCB
20120727,93.15000,94.22000,91.81000,93.39000,35189,51197,BTP4_CCB
20120730,93.85000,94.05000,92.55000,92.79000,28385,55471,BTP4_CCB
20120731,93.05000,93.44000,92.15000,92.55000,25205,55627,BTP4_CCB
20120801,92.68000,93.90000,92.49000,93.90000,20208,53842,BTP4_CCB
20120802,93.95000,95.69000,90.50000,90.57000,48387,54977,BTP4_CCB
20120803,90.80000,93.60000,89.95000,92.93000,33788,56364,BTP4_CCB
20120806,93.04000,93.41000,92.70000,93.20000,13039,56085,BTP4_CCB
20120807,93.27000,94.27000,92.55000,93.51000,19023,55581,BTP4_CCB
20120808,93.47000,94.15000,93.15000,94.03000,13112,54207,BTP4_CCB
20120809,94.25000,94.74000,93.99000,94.40000,13119,55180,BTP4_CCB
20120810,94.41000,94.41000,93.66000,93.85000,8937,55017,BTP4_CCB
20120813,94.01000,94.49000,93.68000,93.92000,6496,55388,BTP4_CCB
20120814,93.87000,94.59000,93.64000,94.59000,7965,55177,BTP4_CCB
20120815,94.34000,95.22000,94.26000,95.05000,5039,55071,BTP4_CCB
20120816,94.85000,95.15000,94.17000,94.89000,8777,54849,BTP4_CCB
20120817,94.97000,95.11000,94.57000,95.00000,7677,53824,BTP4_CCB
20120820,95.11000,95.67000,94.75000,95.14000,11580,54886,BTP4_CCB
20120821,94.99000,96.24000,94.98000,96.12000,16655,54792,BTP4_CCB
20120822,95.75000,96.71000,95.70000,96.07000,17147,53653,BTP4_CCB
20120823,95.98000,96.35000,95.31000,95.73000,16385,55949,BTP4_CCB
20120824,95.55000,95.95000,94.76000,95.79000,13372,54067,BTP4_CCB
20120827,95.82000,95.94000,95.56000,95.86000,4967,55460,BTP4_CCB
20120828,95.66000,95.79000,94.66000,94.95000,20424,56422,BTP4_CCB
20120829,94.89000,95.53000,94.30000,95.31000,18433,54308,BTP4_CCB
20120830,95.22000,95.55000,94.78000,95.12000,28550,54417,BTP4_CCB
20120831,95.06000,95.31000,94.48000,94.57000,25089,49742,BTP4_CCB
20120903,94.90000,95.41000,94.62000,95.33000,22835,40763,BTP4_CCB
20120904,95.33000,96.39000,94.90000,96.08000,38408,27676,BTP4_CCB
20120905,95.81000,97.55000,95.69000,97.42000,31434,51403,BTP4_CCB
20120906,97.55000,99.51000,97.35000,99.33000,31972,53949,BTP4_CCB
20120907,99.43000,101.30000,99.05000,101.08000,26679,52950,BTP4_CCB
20120910,100.76000,101.13000,99.82000,100.09000,14839,51878,BTP4_CCB
20120911,100.09000,101.16000,99.54000,101.05000,16914,52017,BTP4_CCB
20120912,100.98000,101.75000,100.89000,101.40000,20896,51878,BTP4_CCB
20120913,101.20000,101.99000,100.94000,101.85000,22185,53388,BTP4_CCB
20120914,101.86000,102.22000,101.39000,101.74000,17055,54850,BTP4_CCB
20120917,101.45000,101.79000,100.72000,100.85000,15431,54368,BTP4_CCB
20120918,100.69000,101.47000,100.37000,101.36000,15108,55898,BTP4_CCB
20120919,101.43000,102.67000,101.37000,102.58000,20930,55291,BTP4_CCB
20120920,102.14000,102.46000,101.33000,101.94000,22624,57131,BTP4_CCB
20120921,102.16000,102.28000,101.32000,101.43000,17364,57413,BTP4_CCB
20120924,101.29000,101.66000,100.66000,101.41000,13489,58552,BTP4_CCB
20120925,101.23000,101.25000,100.69000,100.98000,15917,59021,BTP4_CCB
20120926,100.79000,100.79000,99.96000,100.27000,25159,56988,BTP4_CCB
20120927,100.38000,101.09000,99.87000,101.09000,37817,58234,BTP4_CCB
20120928,101.09000,101.33000,100.44000,101.09000,17272,57152,BTP4_CCB
20121001,100.44000,101.53000,100.44000,101.38000,11712,55355,BTP4_CCB
20121002,101.11000,102.06000,101.11000,101.71000,16385,55767,BTP4_CCB
20121003,101.56000,102.29000,101.55000,101.71000,17365,54769,BTP4_CCB
20121004,101.88000,102.02000,101.40000,101.53000,15698,54635,BTP4_CCB
20121005,101.48000,102.35000,101.48000,102.11000,14107,57275,BTP4_CCB
20121008,101.92000,102.22000,101.73000,101.91000,9160,57002,BTP4_CCB
20121009,101.91000,102.03000,101.62000,101.76000,13980,55162,BTP4_CCB
20121010,101.61000,102.06000,101.52000,101.62000,14530,53868,BTP4_CCB
20121011,101.62000,102.54000,101.25000,102.51000,21907,53160,BTP4_CCB
20121012,102.57000,103.08000,102.47000,102.82000,18178,54891,BTP4_CCB
20121015,102.79000,103.18000,102.64000,102.86000,11020,54902,BTP4_CCB
20121016,102.94000,103.59000,102.84000,103.16000,15370,57329,BTP4_CCB
20121017,103.40000,104.70000,103.40000,104.66000,20930,58183,BTP4_CCB
20121018,104.60000,104.79000,104.13000,104.71000,19394,57307,BTP4_CCB
20121019,104.65000,105.19000,104.38000,104.57000,15229,59175,BTP4_CCB
20121022,104.57000,104.97000,104.51000,104.63000,10007,59477,BTP4_CCB
20121023,104.59000,104.68000,103.55000,103.69000,22218,60536,BTP4_CCB
20121024,104.00000,104.16000,103.50000,104.09000,18475,61125,BTP4_CCB
20121025,104.23000,104.51000,103.82000,103.88000,15844,61265,BTP4_CCB
20121026,103.79000,103.93000,103.36000,103.66000,19722,61306,BTP4_CCB
20121029,103.39000,103.39000,102.68000,102.70000,16202,62849,BTP4_CCB
20121030,102.89000,103.18000,102.70000,102.91000,30943,68822,BTP4_CCB
20121031,102.95000,103.34000,102.94000,103.34000,15534,69003,BTP4_CCB
20121101,103.04000,103.79000,103.04000,103.57000,11435,68159,BTP4_CCB
20121102,103.42000,103.75000,103.31000,103.42000,10129,66494,BTP4_CCB
20121105,103.30000,103.34000,102.71000,103.00000,12273,66858,BTP4_CCB
20121106,103.13000,103.89000,102.90000,103.85000,13152,67291,BTP4_CCB
20121107,103.80000,104.12000,103.53000,103.70000,23003,66907,BTP4_CCB
20121108,103.84000,103.90000,102.71000,102.84000,25635,68951,BTP4_CCB
20121109,102.97000,103.38000,102.33000,103.27000,20754,69411,BTP4_CCB
20121112,103.18000,103.44000,102.77000,102.94000,13396,68717,BTP4_CCB
20121113,102.82000,103.48000,102.39000,103.28000,21884,68778,BTP4_CCB
20121114,103.32000,103.84000,103.19000,103.47000,25248,72151,BTP4_CCB
20121115,103.19000,104.08000,102.94000,104.08000,16784,72185,BTP4_CCB
20121116,104.00000,104.39000,103.85000,104.28000,13981,72926,BTP4_CCB
20121119,104.35000,104.40000,103.90000,103.90000,13015,72594,BTP4_CCB
20121120,103.86000,104.45000,103.63000,104.41000,16235,74964,BTP4_CCB
20121121,103.98000,104.61000,103.98000,104.54000,16558,73034,BTP4_CCB
20121122,104.54000,105.02000,104.42000,104.94000,21623,74771,BTP4_CCB
20121123,105.04000,105.47000,104.78000,105.29000,13567,72457,BTP4_CCB
20121126,105.23000,105.27000,104.91000,105.23000,9682,71879,BTP4_CCB
20121127,105.35000,105.55000,105.04000,105.45000,19189,70997,BTP4_CCB
20121128,105.40000,106.83000,105.35000,106.77000,27557,70491,BTP4_CCB
20121129,106.66000,107.65000,106.45000,106.93000,60388,72265,BTP4_CCB
20121130,107.07000,107.50000,106.85000,107.41000,22399,67053,BTP4_CCB
20121203,107.46000,108.62000,107.22000,107.98000,45921,53586,BTP4_CCB
20121204,108.04000,108.42000,107.82000,108.03000,48217,27602,BTP4_CCB
20121205,108.22000,108.24000,107.50000,107.89000,33743,64318,BTP4_CCB
20121206,107.58000,108.10000,106.42000,106.85000,31265,66149,BTP4_CCB
20121207,107.03000,107.40000,106.26000,107.37000,26573,67982,BTP4_CCB
20121210,106.46000,106.46000,104.23000,104.85000,52932,74089,BTP4_CCB
20121211,105.25000,105.81000,104.31000,105.74000,29367,74425,BTP4_CCB
20121212,105.77000,106.72000,105.66000,106.63000,20942,75852,BTP4_CCB
20121213,106.62000,106.88000,106.25000,106.44000,22550,75098,BTP4_CCB
20121214,106.51000,107.16000,106.40000,106.85000,14586,75912,BTP4_CCB
20121217,106.84000,107.23000,106.74000,107.01000,7377,75494,BTP4_CCB
20121218,107.06000,108.16000,107.06000,108.09000,17222,74285,BTP4_CCB
20121219,108.07000,108.94000,108.04000,108.54000,26490,76834,BTP4_CCB
20121220,108.39000,108.65000,108.22000,108.28000,15994,75238,BTP4_CCB
20121221,108.05000,108.30000,107.66000,107.93000,12345,73805,BTP4_CCB
20121227,107.92000,107.94000,107.45000,107.54000,6751,74386,BTP4_CCB
20121228,107.47000,107.87000,107.12000,107.84000,20662,75432,BTP4_CCB
20130102,107.99000,110.01000,107.90000,109.98000,21438,76408,BTP4_CCB
20130103,110.10000,110.27000,109.34000,110.11000,16052,76210,BTP4_CCB
20130104,109.94000,110.17000,109.62000,109.87000,15688,76973,BTP4_CCB
20130107,109.89000,110.02000,109.03000,109.07000,19996,74986,BTP4_CCB
20130108,109.01000,109.81000,108.96000,109.66000,18969,76450,BTP4_CCB
20130109,109.71000,109.97000,109.35000,109.90000,19335,76944,BTP4_CCB
20130110,109.95000,111.14000,109.62000,110.86000,29092,79367,BTP4_CCB
20130111,110.88000,111.48000,110.46000,111.27000,25250,80288,BTP4_CCB
20130114,111.21000,111.21000,110.32000,110.56000,19470,80159,BTP4_CCB
20130115,110.58000,111.07000,110.17000,110.28000,34804,83610,BTP4_CCB
20130116,110.29000,110.77000,109.94000,110.72000,25220,84809,BTP4_CCB
20130117,110.55000,111.15000,110.53000,110.74000,22792,84713,BTP4_CCB
20130118,110.77000,111.18000,110.40000,110.79000,16436,83851,BTP4_CCB
20130121,110.86000,110.95000,110.27000,110.27000,15108,83386,BTP4_CCB
20130122,110.39000,111.04000,110.14000,110.54000,29533,86611,BTP4_CCB
20130123,110.61000,110.96000,110.44000,110.62000,23589,88127,BTP4_CCB
20130124,110.79000,111.12000,110.53000,111.09000,22747,90273,BTP4_CCB
20130125,111.09000,111.80000,110.98000,111.18000,33439,92793,BTP4_CCB
20130128,111.25000,111.35000,110.51000,110.61000,27929,87659,BTP4_CCB
20130129,110.49000,111.12000,110.24000,110.97000,30992,87076,BTP4_CCB
20130130,111.08000,111.14000,109.39000,109.59000,50046,90511,BTP4_CCB
20130131,109.81000,110.00000,109.02000,109.84000,42453,91514,BTP4_CCB
20130201,109.92000,110.22000,109.51000,109.61000,31213,91909,BTP4_CCB
20130204,109.69000,109.69000,108.34000,108.40000,40529,88889,BTP4_CCB
20130205,108.43000,108.89000,107.82000,108.61000,35513,83826,BTP4_CCB
20130206,108.72000,108.92000,107.49000,107.70000,43020,84163,BTP4_CCB
20130207,107.52000,108.22000,107.33000,107.60000,35282,81644,BTP4_CCB
20130208,107.69000,108.23000,107.15000,107.87000,37026,82113,BTP4_CCB
20130211,108.08000,108.08000,107.28000,107.28000,21918,84079,BTP4_CCB
20130212,107.39000,108.54000,107.28000,108.39000,34548,83318,BTP4_CCB
20130213,108.36000,109.42000,108.36000,109.27000,57425,82819,BTP4_CCB
20130214,109.24000,109.73000,108.98000,109.22000,35206,80309,BTP4_CCB
20130215,109.29000,109.78000,109.01000,109.42000,26689,82079,BTP4_CCB
20130218,109.48000,109.49000,108.72000,109.27000,21082,82697,BTP4_CCB
20130219,109.15000,109.66000,108.79000,109.27000,25356,83793,BTP4_CCB
20130220,109.26000,109.63000,109.06000,109.12000,29340,85118,BTP4_CCB
20130221,108.99000,109.01000,108.38000,108.60000,44061,85869,BTP4_CCB
20130222,108.55000,109.11000,108.32000,108.98000,33751,84414,BTP4_CCB
20130225,108.84000,111.32000,107.85000,107.93000,95255,89099,BTP4_CCB
20130226,107.10000,107.15000,105.01000,105.19000,114891,86576,BTP4_CCB
20130227,105.13000,106.24000,104.84000,106.15000,83136,81007,BTP4_CCB
20130228,106.29000,106.76000,106.09000,106.76000,44280,76714,BTP4_CCB
20130301,106.59000,107.01000,105.82000,106.37000,46120,70985,BTP4_CCB
20130304,106.00000,106.25000,105.42000,105.54000,56469,56288,BTP4_CCB
20130305,105.90000,106.89000,105.76000,106.89000,49469,60496,BTP4_CCB
20130306,106.64000,107.96000,106.64000,107.49000,60183,76410,BTP4_CCB
20130307,107.20000,108.06000,107.20000,108.00000,29798,77492,BTP4_CCB
20130308,108.18000,108.57000,106.99000,107.15000,34621,80029,BTP4_CCB
20130311,107.28000,107.83000,107.04000,107.59000,20964,81140,BTP4_CCB
20130312,107.39000,108.01000,107.32000,107.83000,24688,80539,BTP4_CCB
20130313,107.91000,107.98000,106.91000,107.44000,43009,82273,BTP4_CCB
20130314,107.63000,107.74000,107.14000,107.46000,21520,83551,BTP4_CCB
20130315,107.48000,108.44000,107.38000,108.00000,26622,82222,BTP4_CCB
20130318,106.83000,107.84000,106.20000,107.71000,33443,81770,BTP4_CCB
20130319,107.78000,107.80000,106.83000,106.86000,31378,84891,BTP4_CCB
20130320,107.01000,108.06000,107.00000,107.86000,30341,85788,BTP4_CCB
20130321,107.83000,108.46000,107.75000,108.18000,30864,87875,BTP4_CCB
20130322,107.98000,109.09000,107.88000,108.98000,28529,89339,BTP4_CCB
20130325,109.24000,109.53000,107.86000,108.09000,46249,86709,BTP4_CCB
20130326,108.22000,108.90000,108.01000,108.39000,34028,87028,BTP4_CCB
20130327,108.26000,108.49000,106.68000,106.78000,61151,88497,BTP4_CCB
20130328,106.97000,107.32000,106.14000,107.27000,37948,87861,BTP4_CCB
20130402,107.02000,108.16000,106.82000,108.06000,25606,88202,BTP4_CCB
20130403,108.02000,108.70000,107.94000,108.31000,26453,88956,BTP4_CCB
20130404,108.44000,109.10000,108.30000,108.98000,33431,89648,BTP4_CCB
20130405,108.77000,110.40000,108.77000,110.37000,38360,95612,BTP4_CCB
20130408,110.26000,111.12000,110.12000,110.49000,36210,91867,BTP4_CCB
20130409,110.58000,110.82000,110.09000,110.44000,21762,92399,BTP4_CCB
20130410,110.44000,110.83000,110.31000,110.78000,20868,91732,BTP4_CCB
20130411,110.75000,111.10000,110.36000,110.65000,36205,92227,BTP4_CCB
20130412,110.44000,110.81000,110.16000,110.81000,27050,94865,BTP4_CCB
20130415,110.69000,110.87000,110.37000,110.46000,16198,94462,BTP4_CCB
20130416,110.32000,111.04000,110.32000,110.87000,16845,97277,BTP4_CCB
20130417,110.76000,111.66000,110.76000,111.37000,32833,98318,BTP4_CCB
20130418,111.34000,111.98000,111.26000,111.43000,26716,96600,BTP4_CCB
20130419,111.45000,111.74000,111.28000,111.54000,19394,95031,BTP4_CCB
20130422,112.01000,113.12000,111.96000,113.06000,48654,97583,BTP4_CCB
20130423,113.09000,114.47000,112.87000,113.95000,49392,98834,BTP4_CCB
20130424,113.79000,114.44000,113.34000,113.41000,41511,100717,BTP4_CCB
20130425,113.43000,113.68000,112.45000,113.14000,35031,101426,BTP4_CCB
20130426,112.84000,113.37000,112.25000,113.37000,34657,99665,BTP4_CCB
20130429,113.40000,114.39000,113.27000,114.34000,42270,98684,BTP4_CCB
20130430,114.36000,114.87000,114.24000,114.57000,37557,97931,BTP4_CCB
20130502,114.49000,115.86000,114.34000,115.82000,45012,96339,BTP4_CCB
20130503,115.86000,116.51000,115.15000,115.36000,40398,96198,BTP4_CCB
20130506,115.14000,115.59000,114.72000,114.87000,15257,96601,BTP4_CCB
20130507,115.10000,115.53000,114.75000,115.26000,25096,96957,BTP4_CCB
20130508,115.26000,115.62000,115.04000,115.60000,26119,96840,BTP4_CCB
20130509,115.45000,115.80000,114.91000,115.15000,27083,95328,BTP4_CCB
20130510,115.16000,115.47000,114.84000,115.06000,28240,96534,BTP4_CCB
20130513,114.94000,115.10000,113.89000,114.02000,36164,100763,BTP4_CCB
20130514,113.87000,114.64000,113.65000,113.72000,37129,103037,BTP4_CCB
20130515,113.86000,114.24000,113.41000,114.20000,49213,104558,BTP4_CCB
20130516,113.94000,114.79000,113.93000,114.58000,39331,100135,BTP4_CCB
20130517,114.24000,115.23000,114.24000,115.22000,30550,97112,BTP4_CCB
20130520,114.95000,115.54000,114.95000,115.11000,20859,94777,BTP4_CCB
20130521,115.06000,115.23000,114.77000,114.94000,25923,92807,BTP4_CCB
20130522,114.94000,115.17000,114.86000,114.89000,24226,93161,BTP4_CCB
20130523,114.76000,114.79000,113.55000,114.08000,58250,88429,BTP4_CCB
20130524,113.94000,114.04000,112.62000,113.21000,58598,85315,BTP4_CCB
20130527,113.12000,113.93000,113.00000,113.86000,12630,84063,BTP4_CCB
20130528,113.99000,114.24000,113.69000,113.81000,31634,84378,BTP4_CCB
20130529,113.69000,113.73000,112.65000,112.71000,43358,82566,BTP4_CCB
20130530,112.64000,113.59000,112.39000,113.28000,52400,79368,BTP4_CCB
20130531,113.45000,113.66000,112.91000,113.06000,37166,74749,BTP4_CCB
20130603,112.91000,113.22000,112.39000,112.94000,52188,61451,BTP4_CCB
20130604,113.13000,113.64000,112.98000,113.52000,65939,29302,BTP4_CCB
20130605,113.33000,113.71000,113.14000,113.33000,48877,77468,BTP4_CCB
20130606,113.08000,113.30000,110.92000,110.92000,63890,82864,BTP4_CCB
20130607,111.35000,112.90000,111.02000,112.90000,52820,80919,BTP4_CCB
20130610,112.84000,113.08000,111.78000,111.90000,23095,80230,BTP4_CCB
20130611,111.94000,112.03000,110.41000,111.25000,52073,78980,BTP4_CCB
20130612,111.23000,112.19000,111.00000,111.37000,38340,78671,BTP4_CCB
20130613,111.00000,111.75000,110.55000,111.44000,52308,80373,BTP4_CCB
20130614,111.49000,112.55000,111.49000,111.99000,33728,80497,BTP4_CCB
20130617,112.08000,112.54000,111.95000,112.18000,16648,80173,BTP4_CCB
20130618,112.11000,112.51000,111.69000,111.96000,25695,81034,BTP4_CCB
20130619,111.99000,112.39000,111.66000,112.37000,28876,80592,BTP4_CCB
20130620,111.49000,111.49000,109.41000,109.72000,67787,81038,BTP4_CCB
20130621,109.41000,110.21000,108.93000,109.20000,43664,78139,BTP4_CCB
20130624,108.88000,108.95000,106.84000,106.87000,57357,82907,BTP4_CCB
20130625,107.15000,108.44000,106.61000,106.94000,54221,84816,BTP4_CCB
20130626,106.80000,108.44000,106.39000,108.35000,46258,84851,BTP4_CCB
20130627,108.59000,109.95000,108.36000,109.59000,60565,81255,BTP4_CCB
20130628,109.70000,110.54000,109.09000,109.48000,43092,82981,BTP4_CCB
20130701,109.88000,110.66000,109.47000,110.55000,23934,82234,BTP4_CCB
20130702,110.56000,110.99000,110.21000,110.25000,24764,81120,BTP4_CCB
20130703,110.15000,110.30000,109.11000,109.69000,48760,82683,BTP4_CCB
20130704,109.99000,111.43000,109.23000,110.97000,46507,80793,BTP4_CCB
20130705,111.00000,111.37000,110.28000,110.58000,29147,82701,BTP4_CCB
20130708,110.57000,111.27000,110.57000,110.95000,24087,82428,BTP4_CCB
20130709,111.09000,111.43000,110.57000,110.57000,32446,85077,BTP4_CCB
20130710,110.39000,110.62000,109.89000,110.49000,33215,86105,BTP4_CCB
20130711,111.10000,111.35000,109.54000,110.28000,51244,89374,BTP4_CCB
20130712,110.44000,111.00000,109.50000,110.06000,32170,88850,BTP4_CCB
20130715,110.29000,110.46000,109.85000,110.37000,16773,88764,BTP4_CCB
20130716,110.29000,110.52000,110.13000,110.42000,19443,89347,BTP4_CCB
20130717,110.35000,110.63000,110.04000,110.24000,23251,92368,BTP4_CCB
20130718,110.15000,111.11000,109.90000,110.96000,35328,90812,BTP4_CCB
20130719,110.96000,111.31000,110.84000,111.09000,17863,91403,BTP4_CCB
20130722,111.17000,111.99000,111.01000,111.88000,23472,93765,BTP4_CCB
20130723,111.86000,112.19000,111.44000,111.54000,25409,94616,BTP4_CCB
20130724,111.39000,111.99000,111.37000,111.42000,26770,92966,BTP4_CCB
20130725,111.40000,111.73000,111.33000,111.43000,20593,92949,BTP4_CCB
20130726,111.51000,111.52000,111.04000,111.48000,22021,92526,BTP4_CCB
20130729,111.36000,111.54000,110.82000,110.82000,18757,92125,BTP4_CCB
20130730,110.87000,111.51000,110.87000,111.39000,35551,96091,BTP4_CCB
20130731,111.38000,111.50000,111.24000,111.32000,18057,94980,BTP4_CCB
20130801,111.49000,111.83000,111.47000,111.61000,24294,96556,BTP4_CCB
20130802,111.56000,112.70000,111.41000,112.62000,28426,100535,BTP4_CCB
20130805,112.37000,112.91000,112.34000,112.46000,20357,0,BTP4_CCB
