20090914,86.97000,86.97000,86.55000,86.68000,8090,4885,BTP__CCB
20090915,86.57000,86.80000,86.39000,86.59000,6065,4953,BTP__CCB
20090916,86.54000,86.78000,86.37000,86.55000,4090,5381,BTP__CCB
20090917,86.29000,86.46000,86.20000,86.40000,4662,5655,BTP__CCB
20090918,86.54000,86.67000,86.23000,86.49000,3916,6352,BTP__CCB
20090921,86.21000,86.46000,86.19000,86.26000,2319,6032,BTP__CCB
20090922,86.11000,86.25000,85.84000,86.18000,6387,6168,BTP__CCB
20090923,86.11000,86.19000,85.88000,86.17000,3391,7085,BTP__CCB
20090924,86.22000,86.88000,86.22000,86.75000,5827,7404,BTP__CCB
20090925,86.76000,87.31000,86.76000,87.09000,2600,7928,BTP__CCB
20090928,87.22000,87.22000,86.95000,87.06000,3527,7109,BTP__CCB
20090929,86.96000,87.17000,86.72000,87.11000,7309,6896,BTP__CCB
20090930,87.11000,87.19000,86.92000,87.07000,4174,6769,BTP__CCB
20091001,86.94000,87.13000,86.59000,87.02000,6424,7525,BTP__CCB
20091002,87.25000,87.67000,87.02000,87.51000,4100,8403,BTP__CCB
20091005,87.63000,87.84000,87.63000,87.77000,3156,8588,BTP__CCB
20091006,87.63000,87.73000,87.53000,87.68000,4131,8981,BTP__CCB
20091007,87.66000,88.09000,87.61000,88.07000,4440,9595,BTP__CCB
20091008,87.94000,88.33000,87.89000,88.23000,3985,10028,BTP__CCB
20091009,87.92000,88.21000,87.57000,87.66000,5277,10503,BTP__CCB
20091012,87.59000,87.79000,87.38000,87.75000,1182,10511,BTP__CCB
20091013,87.73000,87.79000,87.49000,87.63000,3621,10175,BTP__CCB
20091014,87.49000,87.49000,87.07000,87.22000,5250,10123,BTP__CCB
20091015,86.92000,87.02000,86.37000,86.65000,5198,10896,BTP__CCB
20091016,86.38000,86.87000,86.36000,86.80000,3132,11664,BTP__CCB
20091019,86.73000,87.00000,86.64000,86.92000,2697,12012,BTP__CCB
20091020,86.96000,87.63000,86.96000,87.49000,5053,13154,BTP__CCB
20091021,87.52000,87.52000,86.86000,86.97000,6234,14416,BTP__CCB
20091022,87.07000,87.24000,86.95000,87.05000,5351,14947,BTP__CCB
20091023,86.77000,86.99000,86.62000,86.71000,4875,15700,BTP__CCB
20091026,86.54000,86.88000,86.54000,86.81000,3563,15717,BTP__CCB
20091027,86.68000,87.66000,86.68000,87.58000,4643,17136,BTP__CCB
20091028,87.59000,87.81000,87.47000,87.72000,4372,18075,BTP__CCB
20091029,87.80000,87.80000,87.11000,87.23000,7376,16219,BTP__CCB
20091030,87.26000,87.93000,87.26000,87.86000,3391,16126,BTP__CCB
20091102,87.81000,88.15000,87.80000,88.00000,1602,16021,BTP__CCB
20091103,88.03000,88.39000,87.74000,87.84000,3776,16085,BTP__CCB
20091104,87.77000,87.77000,87.42000,87.59000,4012,16339,BTP__CCB
20091105,87.55000,87.71000,87.18000,87.51000,2514,16330,BTP__CCB
20091106,87.52000,87.78000,87.25000,87.47000,2856,16500,BTP__CCB
20091109,87.34000,87.94000,87.30000,87.91000,1590,16528,BTP__CCB
20091110,87.81000,88.41000,87.75000,88.41000,2386,16860,BTP__CCB
20091111,88.41000,88.46000,88.07000,88.40000,2213,17270,BTP__CCB
20091112,88.54000,88.65000,88.10000,88.29000,2747,16773,BTP__CCB
20091113,88.39000,88.47000,87.78000,87.87000,4568,16628,BTP__CCB
20091116,87.64000,88.23000,87.64000,88.13000,5059,16098,BTP__CCB
20091117,88.24000,88.67000,88.16000,88.54000,3163,15967,BTP__CCB
20091118,88.57000,88.63000,88.19000,88.39000,2502,15478,BTP__CCB
20091119,88.46000,88.48000,87.97000,88.28000,4553,16037,BTP__CCB
20091120,88.32000,88.33000,87.90000,88.25000,5460,15870,BTP__CCB
20091123,88.23000,88.34000,88.02000,88.30000,2840,15597,BTP__CCB
20091124,88.51000,88.51000,88.17000,88.46000,2642,16202,BTP__CCB
20091125,88.42000,88.50000,88.22000,88.37000,2368,16104,BTP__CCB
20091126,88.55000,88.77000,88.28000,88.47000,5906,14472,BTP__CCB
20091127,88.67000,88.74000,88.22000,88.57000,10373,13930,BTP__CCB
20091130,88.63000,88.87000,88.58000,88.83000,2740,13531,BTP__CCB
20091201,88.90000,89.26000,88.78000,89.15000,3542,12523,BTP__CCB
20091202,88.86000,89.31000,88.86000,89.27000,5216,11858,BTP__CCB
20091203,89.06000,89.26000,88.87000,89.20000,4505,12042,BTP__CCB
20091204,89.18000,89.38000,88.61000,89.05000,6119,10626,BTP__CCB
20091207,89.07000,89.65000,89.01000,89.59000,5165,8660,BTP__CCB
20091208,89.70000,90.14000,89.27000,89.45000,7222,11756,BTP__CCB
20091209,89.41000,89.41000,88.83000,89.10000,5365,11825,BTP__CCB
20091210,88.86000,89.07000,88.29000,88.93000,7839,12723,BTP__CCB
20091211,88.83000,89.50000,88.65000,88.91000,3979,12560,BTP__CCB
20091214,88.98000,89.22000,88.90000,89.11000,1721,12379,BTP__CCB
20091215,89.00000,89.17000,88.61000,88.88000,3017,12112,BTP__CCB
20091216,88.89000,89.29000,88.80000,89.18000,2848,12217,BTP__CCB
20091217,89.14000,89.67000,88.88000,89.58000,2740,12209,BTP__CCB
20091218,89.58000,89.70000,89.41000,89.48000,2967,12999,BTP__CCB
20091221,89.44000,89.55000,88.90000,89.02000,1634,13168,BTP__CCB
20091222,88.44000,89.30000,88.44000,89.03000,2541,13179,BTP__CCB
20091223,88.91000,89.24000,88.81000,88.99000,1616,13463,BTP__CCB
20091228,88.53000,88.81000,88.49000,88.68000,2146,13883,BTP__CCB
20091229,88.60000,88.93000,88.19000,88.33000,1910,13560,BTP__CCB
20091230,88.35000,88.38000,88.04000,88.04000,2934,13924,BTP__CCB
20100104,87.97000,88.52000,87.86000,88.48000,1449,14375,BTP__CCB
20100105,88.47000,88.64000,88.32000,88.51000,1791,14077,BTP__CCB
20100106,88.39000,88.55000,88.30000,88.37000,1165,14047,BTP__CCB
20100107,88.27000,88.67000,88.23000,88.64000,1111,14022,BTP__CCB
20100108,88.51000,89.05000,88.44000,88.81000,3028,14330,BTP__CCB
20100111,88.69000,89.03000,88.64000,89.00000,1379,14104,BTP__CCB
20100112,89.01000,89.23000,88.79000,89.04000,3852,13783,BTP__CCB
20100113,88.96000,88.96000,88.62000,88.75000,5916,13806,BTP__CCB
20100114,88.54000,88.79000,88.46000,88.67000,5071,14447,BTP__CCB
20100115,88.80000,88.93000,88.52000,88.86000,5467,13621,BTP__CCB
20100118,88.94000,89.20000,88.82000,89.08000,5254,14509,BTP__CCB
20100119,89.18000,89.26000,88.94000,89.06000,3956,14936,BTP__CCB
20100120,89.20000,89.24000,88.77000,88.98000,5588,15992,BTP__CCB
20100121,88.80000,89.07000,88.49000,88.89000,8617,16719,BTP__CCB
20100122,89.04000,89.23000,88.81000,88.98000,6180,17191,BTP__CCB
20100125,89.08000,89.32000,88.77000,89.29000,2906,16600,BTP__CCB
20100126,89.46000,89.59000,89.31000,89.52000,3737,17204,BTP__CCB
20100127,89.52000,89.62000,88.83000,88.98000,6850,17055,BTP__CCB
20100128,88.66000,88.77000,88.21000,88.43000,16337,18929,BTP__CCB
20100129,88.38000,88.82000,88.33000,88.71000,8193,19475,BTP__CCB
20100201,88.73000,89.40000,88.70000,89.28000,7597,19711,BTP__CCB
20100202,89.36000,89.41000,89.16000,89.25000,7426,19193,BTP__CCB
20100203,89.19000,89.37000,88.78000,89.05000,9201,19742,BTP__CCB
20100204,88.97000,89.37000,88.65000,89.22000,9469,20288,BTP__CCB
20100205,89.30000,89.42000,89.02000,89.20000,8840,20015,BTP__CCB
20100208,89.26000,89.32000,88.90000,88.98000,6407,21062,BTP__CCB
20100209,88.77000,89.57000,88.77000,89.39000,12190,20934,BTP__CCB
20100210,89.16000,89.90000,89.12000,89.73000,9757,21860,BTP__CCB
20100211,89.76000,89.86000,89.41000,89.56000,7285,22441,BTP__CCB
20100212,89.36000,89.54000,89.23000,89.41000,9601,20546,BTP__CCB
20100215,89.26000,89.42000,89.24000,89.31000,1902,21001,BTP__CCB
20100216,89.28000,89.46000,89.19000,89.37000,2966,21433,BTP__CCB
20100217,89.38000,89.64000,89.37000,89.56000,3536,22542,BTP__CCB
20100218,89.40000,89.50000,89.24000,89.33000,7078,23402,BTP__CCB
20100219,89.32000,89.32000,88.90000,89.16000,4908,22789,BTP__CCB
20100222,89.13000,89.20000,88.97000,89.17000,3072,23435,BTP__CCB
20100223,89.11000,89.83000,89.07000,89.75000,5606,25201,BTP__CCB
20100224,89.65000,89.97000,89.65000,89.85000,7595,25673,BTP__CCB
20100225,89.97000,89.97000,89.56000,89.59000,12972,26380,BTP__CCB
20100226,89.71000,90.30000,89.57000,90.21000,9150,26750,BTP__CCB
20100301,90.06000,90.44000,89.96000,90.39000,6844,26293,BTP__CCB
20100302,90.33000,90.46000,90.11000,90.39000,10303,24224,BTP__CCB
20100303,90.46000,90.51000,90.23000,90.45000,8459,21937,BTP__CCB
20100304,90.45000,90.69000,90.28000,90.63000,11692,14637,BTP__CCB
20100305,90.71000,90.74000,90.44000,90.67000,6005,14452,BTP__CCB
20100308,90.63000,90.83000,90.48000,90.69000,3757,15902,BTP__CCB
20100309,90.75000,91.07000,90.62000,90.96000,3556,16077,BTP__CCB
20100310,90.97000,91.12000,90.88000,91.01000,3686,16740,BTP__CCB
20100311,90.90000,91.05000,90.60000,90.74000,4172,16272,BTP__CCB
20100312,90.61000,90.86000,90.51000,90.81000,5008,16129,BTP__CCB
20100315,90.83000,91.03000,90.76000,90.90000,3503,17083,BTP__CCB
20100316,90.85000,91.15000,90.84000,91.06000,3920,17288,BTP__CCB
20100317,91.17000,91.38000,91.09000,91.29000,4754,18891,BTP__CCB
20100318,91.32000,91.33000,90.91000,90.93000,6645,19432,BTP__CCB
20100319,90.99000,90.99000,90.82000,90.92000,4166,19867,BTP__CCB
20100322,91.01000,91.28000,90.84000,91.19000,4503,19126,BTP__CCB
20100323,91.24000,91.50000,91.19000,91.42000,3411,19790,BTP__CCB
20100324,91.37000,91.55000,91.19000,91.34000,6209,21089,BTP__CCB
20100325,91.14000,91.45000,91.04000,91.27000,5649,21502,BTP__CCB
20100326,91.26000,91.56000,91.15000,91.53000,5045,21596,BTP__CCB
20100329,91.41000,91.75000,91.39000,91.67000,4194,21016,BTP__CCB
20100330,91.54000,91.88000,91.39000,91.85000,6513,21600,BTP__CCB
20100331,91.92000,92.10000,91.84000,92.04000,3554,22221,BTP__CCB
20100401,92.05000,92.32000,92.05000,92.31000,2433,21923,BTP__CCB
20100406,92.08000,92.08000,91.53000,91.69000,5012,22442,BTP__CCB
20100407,91.77000,91.96000,91.71000,91.85000,2835,22680,BTP__CCB
20100408,92.03000,92.08000,91.73000,92.02000,6533,22979,BTP__CCB
20100409,92.12000,92.12000,91.77000,91.90000,4461,22569,BTP__CCB
20100412,91.79000,92.16000,91.69000,92.05000,2960,22259,BTP__CCB
20100413,92.05000,92.15000,91.89000,92.09000,5373,22281,BTP__CCB
20100414,91.90000,92.06000,91.79000,92.01000,3821,23242,BTP__CCB
20100415,91.88000,92.17000,91.79000,92.12000,5265,22695,BTP__CCB
20100416,92.19000,92.42000,92.11000,92.30000,1844,22343,BTP__CCB
20100419,92.42000,92.47000,92.24000,92.30000,2830,23277,BTP__CCB
20100420,92.29000,92.29000,92.01000,92.11000,3913,23511,BTP__CCB
20100421,92.10000,92.14000,91.74000,91.87000,4332,24001,BTP__CCB
20100422,91.79000,91.89000,91.39000,91.56000,8883,25239,BTP__CCB
20100423,91.44000,91.66000,91.33000,91.43000,7042,25843,BTP__CCB
20100426,91.33000,91.51000,91.14000,91.40000,6248,26924,BTP__CCB
20100427,91.47000,91.47000,90.55000,90.99000,9400,26183,BTP__CCB
20100428,90.66000,90.79000,89.79000,90.18000,14659,25015,BTP__CCB
20100429,89.79000,90.67000,89.67000,90.52000,10220,25942,BTP__CCB
20100430,90.79000,91.33000,90.67000,91.11000,6466,27518,BTP__CCB
20100503,91.05000,91.33000,90.89000,91.27000,2414,27938,BTP__CCB
20100504,91.23000,91.24000,90.79000,91.02000,8905,29813,BTP__CCB
20100505,90.94000,91.23000,90.60000,90.88000,11045,28358,BTP__CCB
20100506,90.81000,90.99000,88.59000,88.81000,12750,25706,BTP__CCB
20100507,88.47000,88.78000,87.64000,88.39000,9946,25477,BTP__CCB
20100510,90.14000,91.59000,89.59000,91.31000,11094,26872,BTP__CCB
20100511,91.46000,91.61000,90.99000,91.49000,7422,28180,BTP__CCB
20100512,91.49000,91.85000,91.49000,91.64000,4123,28577,BTP__CCB
20100513,91.56000,92.24000,91.54000,92.12000,4712,29274,BTP__CCB
20100514,92.19000,92.29000,91.64000,91.76000,4981,29772,BTP__CCB
20100517,91.67000,91.88000,91.42000,91.74000,4084,30265,BTP__CCB
20100518,91.64000,92.23000,91.59000,91.81000,2982,30190,BTP__CCB
20100519,92.87000,92.93000,91.84000,91.93000,4991,29228,BTP__CCB
20100520,91.94000,91.98000,91.24000,91.54000,6372,28201,BTP__CCB
20100521,91.57000,92.01000,91.41000,91.89000,4828,27452,BTP__CCB
20100524,91.85000,92.19000,91.84000,92.02000,1955,27395,BTP__CCB
20100525,92.04000,92.21000,91.49000,91.71000,4636,27541,BTP__CCB
20100526,91.59000,91.69000,91.03000,91.17000,7870,27452,BTP__CCB
20100527,91.16000,91.21000,90.50000,90.73000,4777,26762,BTP__CCB
20100528,90.59000,91.05000,90.34000,90.59000,6336,26182,BTP__CCB
20100531,90.44000,90.70000,90.44000,90.49000,1246,25636,BTP__CCB
20100601,90.44000,90.63000,90.21000,90.30000,5594,23789,BTP__CCB
20100602,90.42000,90.42000,89.59000,89.63000,7211,21399,BTP__CCB
20100603,89.52000,89.67000,89.17000,89.33000,9113,15007,BTP__CCB
20100604,89.28000,89.61000,88.72000,89.49000,11690,6139,BTP__CCB
20100607,89.48000,89.50000,88.78000,88.88000,8876,22120,BTP__CCB
20100608,88.28000,89.57000,88.28000,89.48000,7784,22206,BTP__CCB
20100609,89.42000,90.90000,89.38000,90.56000,5703,22790,BTP__CCB
20100610,90.74000,91.81000,90.74000,91.71000,4356,23055,BTP__CCB
20100611,91.32000,91.74000,91.32000,91.65000,4429,23382,BTP__CCB
20100614,91.08000,91.64000,90.84000,90.97000,4793,24197,BTP__CCB
20100615,90.98000,91.39000,90.78000,91.18000,4036,24726,BTP__CCB
20100616,91.13000,91.33000,90.91000,91.16000,3588,24869,BTP__CCB
20100617,91.23000,91.86000,91.00000,91.68000,4633,24225,BTP__CCB
20100618,91.67000,92.34000,91.67000,92.23000,4211,24406,BTP__CCB
20100621,92.23000,92.86000,92.23000,92.57000,3373,24731,BTP__CCB
20100622,92.56000,92.56000,91.93000,92.24000,4542,24768,BTP__CCB
20100623,92.09000,92.18000,91.80000,92.03000,3546,24973,BTP__CCB
20100624,91.84000,92.26000,91.70000,91.98000,5904,25980,BTP__CCB
20100625,91.88000,92.02000,91.53000,91.73000,3793,25265,BTP__CCB
20100628,91.54000,91.95000,90.93000,91.54000,8368,23658,BTP__CCB
20100629,91.59000,91.93000,91.37000,91.56000,3725,23215,BTP__CCB
20100630,91.64000,91.92000,91.48000,91.81000,3881,23517,BTP__CCB
20100701,91.90000,91.98000,91.54000,91.85000,3674,23594,BTP__CCB
20100702,91.94000,92.52000,91.94000,92.41000,2098,23729,BTP__CCB
20100705,92.49000,92.87000,92.49000,92.65000,2464,23422,BTP__CCB
20100706,92.65000,92.67000,92.06000,92.18000,2090,23630,BTP__CCB
20100707,92.23000,92.24000,91.86000,92.01000,2780,23663,BTP__CCB
20100708,91.93000,92.32000,91.90000,92.19000,3910,23470,BTP__CCB
20100709,92.19000,92.56000,92.09000,92.51000,3385,23277,BTP__CCB
20100712,92.47000,92.64000,92.39000,92.45000,1256,22928,BTP__CCB
20100713,92.49000,92.53000,92.16000,92.26000,3680,22326,BTP__CCB
20100714,92.08000,92.14000,91.65000,91.80000,4636,22553,BTP__CCB
20100715,91.78000,91.99000,91.54000,91.87000,2827,22151,BTP__CCB
20100716,91.89000,92.48000,91.75000,92.40000,2631,22175,BTP__CCB
20100719,92.43000,92.61000,92.26000,92.52000,2110,22189,BTP__CCB
20100720,92.57000,93.06000,92.57000,92.97000,3939,22860,BTP__CCB
20100721,92.93000,93.12000,92.78000,93.08000,3072,23275,BTP__CCB
20100722,93.01000,93.23000,92.84000,93.10000,2986,23470,BTP__CCB
20100723,93.15000,93.23000,92.80000,93.10000,3385,24035,BTP__CCB
20100726,92.90000,93.52000,92.77000,93.38000,3463,23923,BTP__CCB
20100727,93.33000,93.94000,93.27000,93.73000,6271,25611,BTP__CCB
20100728,93.66000,94.03000,93.43000,93.57000,5710,25451,BTP__CCB
20100729,93.64000,93.96000,93.53000,93.92000,4181,25081,BTP__CCB
20100730,93.83000,94.18000,93.67000,94.07000,2855,24588,BTP__CCB
20100802,94.02000,94.36000,93.96000,94.31000,1950,24212,BTP__CCB
20100803,94.31000,94.82000,94.30000,94.75000,1518,24340,BTP__CCB
20100804,94.81000,95.15000,94.78000,94.97000,1421,24313,BTP__CCB
20100805,95.08000,95.35000,94.93000,95.32000,1259,24361,BTP__CCB
20100806,95.26000,95.79000,95.25000,95.71000,2129,24250,BTP__CCB
20100809,95.53000,95.89000,95.53000,95.71000,1471,24079,BTP__CCB
20100810,95.65000,95.73000,95.08000,95.12000,4582,23555,BTP__CCB
20100811,95.43000,95.68000,95.16000,95.58000,4652,23579,BTP__CCB
20100812,95.53000,95.65000,95.21000,95.31000,3866,23481,BTP__CCB
20100813,95.17000,95.20000,94.62000,95.03000,5605,24204,BTP__CCB
20100816,94.72000,95.31000,94.72000,95.19000,2092,23807,BTP__CCB
20100817,95.23000,95.51000,95.15000,95.47000,1669,23981,BTP__CCB
20100818,95.57000,96.42000,95.44000,96.20000,3816,24561,BTP__CCB
20100819,96.02000,96.17000,95.80000,96.01000,2665,24397,BTP__CCB
20100820,95.78000,96.18000,95.78000,96.00000,3733,24355,BTP__CCB
20100823,95.78000,96.36000,95.78000,96.08000,1507,24227,BTP__CCB
20100824,95.84000,96.42000,95.83000,96.41000,3345,24107,BTP__CCB
20100825,96.15000,96.50000,96.14000,96.39000,3968,23717,BTP__CCB
20100826,96.26000,96.35000,95.98000,96.27000,2934,22897,BTP__CCB
20100827,96.18000,96.52000,95.98000,96.29000,3981,23032,BTP__CCB
20100830,96.17000,96.26000,96.01000,96.13000,4115,21322,BTP__CCB
20100831,96.25000,96.51000,96.22000,96.45000,5419,20386,BTP__CCB
20100901,96.08000,96.72000,96.08000,96.47000,4902,19380,BTP__CCB
20100902,96.48000,96.63000,96.31000,96.45000,3723,17923,BTP__CCB
20100903,96.43000,96.72000,96.15000,96.37000,4146,17704,BTP__CCB
20100906,96.44000,96.50000,96.12000,96.37000,5249,9571,BTP__CCB
20100907,96.59000,96.64000,96.27000,96.41000,10468,15896,BTP__CCB
20100908,96.63000,96.71000,96.39000,96.56000,5435,17448,BTP__CCB
20100909,96.64000,96.71000,96.35000,96.51000,2490,17617,BTP__CCB
20100910,96.47000,96.50000,95.97000,96.06000,2670,17428,BTP__CCB
20100913,96.01000,96.01000,95.49000,95.60000,4416,18644,BTP__CCB
20100914,95.84000,95.94000,95.39000,95.88000,2205,18218,BTP__CCB
20100915,95.79000,95.79000,95.59000,95.68000,2289,18330,BTP__CCB
20100916,95.58000,95.59000,95.26000,95.28000,3169,18432,BTP__CCB
20100917,95.34000,95.43000,95.10000,95.12000,3911,18536,BTP__CCB
20100920,95.03000,95.22000,94.57000,94.71000,3356,18874,BTP__CCB
20100921,94.79000,95.28000,94.73000,94.99000,5324,19519,BTP__CCB
20100922,95.35000,95.93000,95.26000,95.58000,4909,19618,BTP__CCB
20100923,95.49000,95.84000,95.39000,95.80000,3914,19767,BTP__CCB
20100924,95.69000,95.74000,95.28000,95.42000,3981,19134,BTP__CCB
20100927,95.40000,95.74000,95.35000,95.72000,2024,19320,BTP__CCB
20100928,95.69000,95.84000,95.24000,95.47000,3961,19445,BTP__CCB
20100929,95.29000,95.59000,95.21000,95.53000,5163,19786,BTP__CCB
20100930,95.63000,96.03000,95.57000,95.92000,5191,20343,BTP__CCB
20101001,95.86000,96.18000,95.84000,96.10000,4651,21460,BTP__CCB
20101004,96.18000,96.58000,96.18000,96.49000,2457,21906,BTP__CCB
20101005,96.54000,96.72000,96.43000,96.68000,2974,21349,BTP__CCB
20101006,96.66000,97.28000,96.66000,97.14000,3749,21185,BTP__CCB
20101007,97.09000,97.27000,96.72000,96.95000,1940,20944,BTP__CCB
20101008,96.94000,97.41000,96.94000,97.36000,4141,21744,BTP__CCB
20101011,97.37000,97.59000,97.37000,97.52000,2512,22701,BTP__CCB
20101012,97.63000,97.83000,97.29000,97.56000,1728,22860,BTP__CCB
20101013,97.24000,97.50000,97.17000,97.30000,4050,22617,BTP__CCB
20101014,97.68000,97.68000,97.34000,97.63000,4959,22031,BTP__CCB
20101015,97.43000,97.64000,97.33000,97.39000,5643,21310,BTP__CCB
20101018,97.60000,97.60000,97.30000,97.49000,2823,21777,BTP__CCB
20101019,97.54000,97.60000,97.00000,97.12000,3225,21504,BTP__CCB
20101020,97.19000,97.22000,96.82000,96.97000,5932,22162,BTP__CCB
20101021,97.01000,97.02000,96.34000,96.54000,3657,22122,BTP__CCB
20101022,96.46000,96.67000,96.17000,96.64000,3126,21486,BTP__CCB
20101025,96.63000,97.18000,96.62000,97.09000,2819,21520,BTP__CCB
20101026,97.04000,97.19000,96.74000,96.82000,3078,22119,BTP__CCB
20101027,96.80000,96.84000,95.81000,95.83000,5588,21811,BTP__CCB
20101028,95.84000,96.01000,95.66000,95.88000,5628,21288,BTP__CCB
20101029,95.94000,95.96000,95.72000,95.82000,3742,21245,BTP__CCB
20101101,95.84000,96.09000,95.84000,95.90000,1167,21260,BTP__CCB
20101102,95.91000,95.96000,95.59000,95.67000,5171,21176,BTP__CCB
20101103,95.67000,96.08000,95.67000,95.77000,4083,21453,BTP__CCB
20101104,95.86000,95.98000,95.22000,95.68000,6897,22419,BTP__CCB
20101105,95.61000,95.77000,95.34000,95.64000,5736,21438,BTP__CCB
20101108,95.44000,95.62000,94.85000,94.99000,5273,22357,BTP__CCB
20101109,95.44000,95.46000,94.73000,94.93000,4003,22567,BTP__CCB
20101110,94.82000,94.99000,94.26000,94.52000,9371,24360,BTP__CCB
20101111,94.49000,94.74000,93.28000,93.42000,7940,24829,BTP__CCB
20101112,93.59000,94.14000,92.83000,93.99000,17192,25753,BTP__CCB
20101115,93.59000,94.29000,93.59000,94.17000,5242,25426,BTP__CCB
20101116,93.91000,94.29000,93.34000,93.54000,8731,25224,BTP__CCB
20101117,93.57000,93.82000,93.29000,93.62000,4573,25606,BTP__CCB
20101118,93.42000,93.51000,92.80000,92.99000,7594,26356,BTP__CCB
20101119,93.03000,93.64000,92.92000,93.56000,6551,25352,BTP__CCB
20101122,93.67000,93.99000,93.47000,93.86000,6817,24795,BTP__CCB
20101123,93.91000,93.95000,93.14000,93.45000,7767,24468,BTP__CCB
20101124,93.20000,93.24000,92.57000,92.84000,8233,23494,BTP__CCB
20101125,92.85000,92.93000,92.14000,92.39000,7529,21805,BTP__CCB
20101126,92.33000,92.49000,92.06000,92.17000,4694,22012,BTP__CCB
20101129,92.08000,92.19000,90.07000,90.56000,10669,20664,BTP__CCB
20101130,90.63000,90.63000,89.23000,90.29000,11933,20011,BTP__CCB
20101201,90.24000,91.84000,90.24000,91.54000,11370,22804,BTP__CCB
20101202,91.60000,92.60000,91.39000,92.41000,10114,23382,BTP__CCB
20101203,92.48000,93.33000,92.02000,92.37000,9339,21004,BTP__CCB
20101206,92.35000,92.36000,91.59000,91.93000,11286,12977,BTP__CCB
20101207,92.02000,92.02000,91.22000,91.47000,9825,18427,BTP__CCB
20101208,91.06000,91.70000,91.06000,91.44000,2790,18944,BTP__CCB
20101209,91.47000,91.85000,91.24000,91.50000,3694,19538,BTP__CCB
20101210,91.49000,91.64000,91.08000,91.45000,2283,20029,BTP__CCB
20101213,91.39000,91.49000,91.02000,91.13000,1382,19987,BTP__CCB
20101214,91.23000,91.38000,90.92000,90.95000,2956,20119,BTP__CCB
20101215,90.83000,91.56000,90.53000,91.50000,2511,19914,BTP__CCB
20101216,90.89000,91.44000,90.80000,90.84000,2580,20462,BTP__CCB
20101217,90.95000,91.04000,90.66000,90.81000,2754,21505,BTP__CCB
20101220,90.97000,91.07000,90.64000,91.00000,1613,21890,BTP__CCB
20101221,90.66000,90.82000,90.55000,90.71000,3326,22441,BTP__CCB
20101222,90.74000,90.75000,90.49000,90.62000,1953,22995,BTP__CCB
20101223,90.61000,90.72000,90.44000,90.50000,1101,22773,BTP__CCB
20101227,90.14000,90.45000,89.97000,90.06000,701,22923,BTP__CCB
20101228,90.49000,90.50000,89.59000,89.89000,592,23111,BTP__CCB
20101229,89.48000,89.73000,89.12000,89.29000,1872,22983,BTP__CCB
20101230,89.54000,89.71000,89.04000,89.41000,3751,23188,BTP__CCB
20110103,90.49000,90.53000,89.62000,90.12000,2045,23127,BTP__CCB
20110104,90.18000,91.16000,90.05000,91.02000,4396,23305,BTP__CCB
20110105,91.07000,91.44000,90.79000,90.94000,4061,23353,BTP__CCB
20110106,90.69000,90.83000,89.94000,90.03000,3529,22509,BTP__CCB
20110107,89.95000,90.04000,89.50000,89.74000,4918,21427,BTP__CCB
20110110,90.08000,90.08000,89.32000,89.45000,4899,21763,BTP__CCB
20110111,89.45000,89.94000,88.96000,89.73000,7210,23580,BTP__CCB
20110112,89.83000,90.24000,89.66000,90.00000,8621,25292,BTP__CCB
20110113,89.95000,90.94000,89.84000,90.61000,10840,27233,BTP__CCB
20110114,90.84000,91.37000,90.63000,91.06000,6756,27081,BTP__CCB
20110117,90.84000,90.84000,90.19000,90.51000,6508,25719,BTP__CCB
20110118,90.23000,90.38000,89.79000,89.87000,6818,26007,BTP__CCB
20110119,90.02000,90.77000,89.91000,90.55000,5723,27140,BTP__CCB
20110120,90.14000,90.80000,90.10000,90.18000,4298,27365,BTP__CCB
20110121,90.10000,90.80000,90.09000,90.74000,7356,29815,BTP__CCB
20110124,90.63000,91.22000,90.63000,90.96000,5301,30754,BTP__CCB
20110125,90.79000,90.95000,90.43000,90.53000,6926,30087,BTP__CCB
20110126,90.46000,90.58000,90.04000,90.09000,8771,29091,BTP__CCB
20110127,89.95000,90.05000,89.69000,89.85000,7345,27927,BTP__CCB
20110128,89.84000,90.20000,89.73000,90.13000,7177,28649,BTP__CCB
20110131,89.94000,90.65000,89.94000,90.54000,4439,28090,BTP__CCB
20110201,90.37000,91.34000,90.30000,91.28000,8812,28444,BTP__CCB
20110202,91.29000,92.31000,91.25000,92.24000,18289,30587,BTP__CCB
20110203,92.14000,92.24000,91.41000,91.46000,10396,29566,BTP__CCB
20110204,91.48000,92.04000,91.48000,91.63000,8326,30320,BTP__CCB
20110207,92.01000,92.01000,90.95000,91.00000,7073,29428,BTP__CCB
20110208,91.05000,91.06000,90.43000,90.47000,8896,28178,BTP__CCB
20110209,90.35000,90.74000,90.26000,90.34000,4672,28597,BTP__CCB
20110210,90.37000,90.64000,89.88000,90.34000,8611,29125,BTP__CCB
20110211,90.24000,90.53000,90.05000,90.22000,5657,28754,BTP__CCB
20110214,90.27000,90.27000,89.90000,89.93000,4822,29206,BTP__CCB
20110215,89.93000,90.21000,89.82000,90.11000,3974,29784,BTP__CCB
20110216,90.13000,90.73000,90.12000,90.71000,5350,30174,BTP__CCB
20110217,90.54000,90.79000,90.31000,90.73000,9365,30382,BTP__CCB
20110218,90.69000,90.94000,90.29000,90.38000,6339,29614,BTP__CCB
20110221,90.54000,90.64000,90.12000,90.40000,9027,30285,BTP__CCB
20110222,90.39000,90.62000,90.14000,90.24000,8885,31592,BTP__CCB
20110223,90.29000,90.29000,89.74000,90.12000,6249,32704,BTP__CCB
20110224,90.07000,90.14000,89.84000,89.90000,7211,33957,BTP__CCB
20110225,89.94000,89.94000,89.61000,89.75000,10431,31545,BTP__CCB
20110228,89.79000,89.83000,89.69000,89.75000,3710,31765,BTP__CCB
20110301,89.76000,90.01000,89.71000,89.92000,9584,30569,BTP__CCB
20110302,89.94000,90.14000,89.84000,90.07000,8446,26411,BTP__CCB
20110303,89.90000,90.04000,88.96000,89.24000,15300,20149,BTP__CCB
20110304,89.26000,89.40000,89.04000,89.37000,12495,18912,BTP__CCB
20110307,89.30000,89.45000,89.15000,89.39000,10456,22111,BTP__CCB
20110308,89.33000,89.42000,88.87000,88.92000,7057,22398,BTP__CCB
20110309,88.87000,88.89000,88.44000,88.58000,8860,21864,BTP__CCB
20110310,88.66000,88.84000,88.30000,88.74000,6700,22588,BTP__CCB
20110311,88.73000,89.75000,88.73000,89.63000,7062,22957,BTP__CCB
20110314,89.63000,90.88000,89.63000,90.48000,9525,25079,BTP__CCB
20110315,90.85000,91.32000,90.32000,91.04000,10312,24282,BTP__CCB
20110316,90.64000,91.42000,90.64000,91.31000,7422,25890,BTP__CCB
20110317,91.15000,91.28000,90.85000,90.87000,3326,25375,BTP__CCB
20110318,90.92000,91.42000,90.90000,91.34000,3344,25757,BTP__CCB
20110321,91.18000,91.28000,90.80000,90.97000,6340,25617,BTP__CCB
20110322,91.10000,91.10000,90.45000,90.57000,5385,26059,BTP__CCB
20110323,91.15000,91.15000,90.27000,90.60000,10899,26096,BTP__CCB
20110324,91.14000,91.14000,90.41000,90.65000,5471,26496,BTP__CCB
20110325,90.84000,90.94000,90.45000,90.80000,5333,25458,BTP__CCB
20110328,90.45000,90.67000,90.44000,90.55000,4120,25461,BTP__CCB
20110329,90.73000,90.73000,90.36000,90.44000,5296,26474,BTP__CCB
20110330,90.32000,90.72000,90.25000,90.58000,8654,27130,BTP__CCB
20110331,90.47000,90.70000,90.15000,90.21000,7851,28382,BTP__CCB
20110401,90.45000,90.45000,90.09000,90.36000,6726,29055,BTP__CCB
20110404,90.24000,90.95000,90.24000,90.83000,3733,27851,BTP__CCB
20110405,90.45000,90.86000,90.45000,90.77000,5542,27180,BTP__CCB
20110406,90.58000,91.33000,90.58000,91.10000,6929,27147,BTP__CCB
20110407,91.09000,91.17000,90.77000,91.03000,4617,26477,BTP__CCB
20110408,90.86000,91.16000,90.65000,90.94000,6055,27110,BTP__CCB
20110411,91.07000,91.35000,90.93000,91.27000,3666,27452,BTP__CCB
20110412,91.28000,91.82000,91.28000,91.75000,6220,28387,BTP__CCB
20110413,91.65000,91.85000,91.35000,91.46000,10471,31803,BTP__CCB
20110414,91.61000,91.65000,91.22000,91.31000,8994,30031,BTP__CCB
20110415,91.20000,91.31000,90.82000,91.20000,6190,30174,BTP__CCB
20110418,91.25000,91.25000,90.57000,90.85000,10369,29518,BTP__CCB
20110419,90.70000,91.20000,90.64000,91.07000,7171,29093,BTP__CCB
20110420,91.13000,91.42000,90.92000,91.20000,5770,29640,BTP__CCB
20110421,91.31000,91.39000,90.81000,91.00000,5384,29640,BTP__CCB
20110426,91.08000,91.08000,90.61000,90.62000,2806,28596,BTP__CCB
20110427,90.72000,90.72000,90.40000,90.60000,9095,27515,BTP__CCB
20110428,90.84000,91.12000,90.67000,91.07000,11534,27375,BTP__CCB
20110429,91.10000,91.43000,91.05000,91.40000,3568,27627,BTP__CCB
20110502,91.50000,91.61000,91.16000,91.48000,1734,27741,BTP__CCB
20110503,91.68000,91.72000,91.39000,91.64000,4406,25544,BTP__CCB
20110504,91.80000,91.86000,91.60000,91.69000,5404,25234,BTP__CCB
20110505,91.51000,91.93000,91.25000,91.90000,6134,25098,BTP__CCB
20110506,92.12000,92.22000,91.63000,92.04000,7070,23925,BTP__CCB
20110509,91.98000,92.03000,91.67000,91.95000,5166,24098,BTP__CCB
20110510,91.77000,92.24000,91.77000,92.20000,5458,22577,BTP__CCB
20110511,92.15000,92.32000,92.10000,92.23000,4268,22196,BTP__CCB
20110512,92.12000,92.67000,92.12000,92.65000,5774,24025,BTP__CCB
20110513,92.42000,92.71000,92.19000,92.43000,9490,24242,BTP__CCB
20110516,92.47000,92.73000,92.40000,92.66000,3037,23892,BTP__CCB
20110517,92.42000,92.69000,92.42000,92.45000,4375,24590,BTP__CCB
20110518,92.51000,92.51000,92.09000,92.36000,3895,24261,BTP__CCB
20110519,92.51000,92.51000,91.90000,92.18000,5507,23939,BTP__CCB
20110520,92.44000,92.44000,91.80000,92.11000,7898,24438,BTP__CCB
20110523,91.80000,91.94000,91.14000,91.76000,9884,25347,BTP__CCB
20110524,91.79000,92.04000,91.70000,92.02000,4295,25941,BTP__CCB
20110525,92.10000,92.59000,91.83000,92.51000,9448,26332,BTP__CCB
20110526,92.26000,92.92000,92.25000,92.65000,8363,26702,BTP__CCB
20110527,92.55000,92.73000,92.29000,92.45000,6444,27556,BTP__CCB
20110530,92.27000,92.27000,91.84000,91.94000,8314,25780,BTP__CCB
20110531,91.95000,92.43000,91.77000,92.11000,7223,25867,BTP__CCB
20110601,91.98000,92.68000,91.98000,92.58000,6183,24420,BTP__CCB
20110602,92.71000,93.14000,92.45000,92.99000,6096,24329,BTP__CCB
20110603,93.00000,93.64000,92.91000,93.53000,10452,21058,BTP__CCB
20110606,93.52000,93.56000,93.16000,93.25000,9730,14061,BTP__CCB
20110607,93.25000,93.25000,92.54000,92.67000,8038,17499,BTP__CCB
20110608,92.62000,92.70000,92.34000,92.42000,7586,18151,BTP__CCB
20110609,92.47000,92.47000,91.93000,92.07000,5626,18896,BTP__CCB
20110610,91.95000,92.29000,91.66000,92.26000,5280,19706,BTP__CCB
20110613,92.13000,92.48000,91.85000,92.36000,5648,20491,BTP__CCB
20110614,92.28000,92.82000,92.20000,92.64000,7622,21404,BTP__CCB
20110615,92.59000,92.64000,92.04000,92.07000,7422,21176,BTP__CCB
20110616,92.07000,92.13000,91.20000,91.82000,12212,22117,BTP__CCB
20110617,92.07000,92.53000,91.84000,92.29000,7395,20342,BTP__CCB
20110620,92.17000,92.17000,91.73000,91.98000,6296,21684,BTP__CCB
20110621,91.93000,92.34000,91.93000,92.24000,5499,20362,BTP__CCB
20110622,92.32000,92.32000,91.68000,91.73000,7359,21538,BTP__CCB
20110623,91.74000,91.74000,91.22000,91.36000,11683,22926,BTP__CCB
20110624,91.25000,91.67000,90.87000,91.03000,10175,23910,BTP__CCB
20110627,91.14000,91.14000,90.40000,90.92000,6258,23608,BTP__CCB
20110628,90.97000,91.25000,90.57000,91.00000,11780,25130,BTP__CCB
20110629,90.88000,91.46000,90.88000,91.19000,9257,25162,BTP__CCB
20110630,91.03000,91.90000,91.03000,91.80000,6516,24158,BTP__CCB
20110701,91.62000,92.20000,91.62000,91.97000,5833,24199,BTP__CCB
20110704,91.67000,91.85000,91.55000,91.62000,5445,24250,BTP__CCB
20110705,91.72000,91.72000,90.87000,90.93000,6687,25407,BTP__CCB
20110706,91.15000,91.15000,89.80000,89.85000,13047,27562,BTP__CCB
20110707,90.16000,90.16000,88.92000,89.46000,9133,26978,BTP__CCB
20110708,89.13000,89.22000,87.71000,88.43000,21635,27692,BTP__CCB
20110711,88.18000,88.25000,84.38000,84.47000,16173,28797,BTP__CCB
20110712,84.93000,86.12000,81.89000,85.82000,17485,30354,BTP__CCB
20110713,85.70000,86.99000,85.18000,85.99000,13423,28925,BTP__CCB
20110714,85.78000,86.03000,84.60000,85.45000,14521,29749,BTP__CCB
20110715,85.70000,85.70000,84.26000,84.58000,8786,31033,BTP__CCB
20110718,84.67000,84.67000,82.32000,83.01000,9924,31299,BTP__CCB
20110719,83.62000,85.08000,83.18000,84.83000,12392,32345,BTP__CCB
20110720,84.95000,86.41000,84.95000,86.07000,12455,33975,BTP__CCB
20110721,85.95000,88.37000,85.69000,88.05000,13774,33819,BTP__CCB
20110722,88.12000,89.68000,86.85000,87.57000,19263,37761,BTP__CCB
20110725,87.83000,87.83000,85.28000,85.64000,9104,31928,BTP__CCB
20110726,85.95000,86.66000,85.14000,85.91000,9964,31332,BTP__CCB
20110727,86.05000,86.05000,84.67000,85.00000,13051,30506,BTP__CCB
20110728,85.17000,85.17000,83.17000,84.40000,20919,34794,BTP__CCB
20110729,84.01000,84.22000,83.15000,84.00000,8941,33168,BTP__CCB
20110801,84.42000,85.12000,82.33000,83.20000,10316,33685,BTP__CCB
20110802,82.54000,82.78000,80.77000,82.12000,15801,34362,BTP__CCB
20110803,81.62000,82.96000,81.07000,82.46000,13874,32956,BTP__CCB
20110804,82.72000,83.85000,81.23000,81.33000,18899,31439,BTP__CCB
20110805,81.02000,85.02000,80.02000,82.22000,14055,30936,BTP__CCB
20110808,85.02000,88.61000,85.02000,87.96000,27751,35714,BTP__CCB
20110809,88.00000,89.97000,87.98000,89.02000,14701,35123,BTP__CCB
20110810,89.51000,89.90000,89.09000,89.72000,10101,36546,BTP__CCB
20110811,90.01000,90.92000,89.60000,90.54000,10820,36292,BTP__CCB
20110812,90.72000,90.95000,90.25000,90.66000,6230,35683,BTP__CCB
20110815,90.49000,90.87000,90.49000,90.72000,1770,36118,BTP__CCB
20110816,90.55000,91.41000,90.37000,90.97000,6674,35798,BTP__CCB
20110817,91.21000,91.81000,90.86000,91.65000,7434,35105,BTP__CCB
20110818,91.81000,92.27000,91.35000,91.49000,6773,35348,BTP__CCB
20110819,91.67000,91.87000,91.22000,91.76000,6751,35510,BTP__CCB
20110822,91.75000,91.91000,91.26000,91.52000,4193,34610,BTP__CCB
20110823,91.47000,91.63000,91.16000,91.23000,6587,33880,BTP__CCB
20110824,91.32000,91.32000,90.57000,90.91000,9294,35785,BTP__CCB
20110825,91.47000,91.47000,90.86000,90.92000,8383,38864,BTP__CCB
20110826,91.34000,91.44000,91.15000,91.30000,5957,38338,BTP__CCB
20110829,90.99000,91.22000,90.87000,91.14000,1345,38112,BTP__CCB
20110830,91.03000,91.12000,90.59000,90.84000,10939,37044,BTP__CCB
20110831,91.12000,91.12000,90.61000,90.74000,5990,37037,BTP__CCB
20110901,90.77000,90.77000,90.35000,90.71000,8628,33851,BTP__CCB
20110902,90.53000,90.73000,89.48000,89.66000,7989,34146,BTP__CCB
20110905,89.02000,89.10000,87.57000,87.86000,5732,5428,BTP__CCB
20110906,87.10000,88.52000,87.10000,87.84000,14518,17344,BTP__CCB
20110907,87.38000,89.57000,87.38000,89.47000,14698,26359,BTP__CCB
20110908,89.14000,89.92000,89.02000,89.27000,8095,27397,BTP__CCB
20110909,89.15000,89.17000,87.33000,88.32000,10195,28645,BTP__CCB
20110912,87.92000,87.92000,86.34000,86.73000,7517,28890,BTP__CCB
20110913,86.97000,87.28000,85.16000,86.04000,17654,27527,BTP__CCB
20110914,85.63000,86.95000,85.35000,86.57000,8434,26993,BTP__CCB
20110915,86.68000,87.17000,86.45000,86.59000,9568,25338,BTP__CCB
20110916,86.82000,88.41000,86.47000,87.33000,7422,25704,BTP__CCB
20110919,86.57000,86.80000,86.17000,86.67000,4384,25521,BTP__CCB
20110920,85.83000,86.61000,85.32000,85.82000,6469,25687,BTP__CCB
20110921,85.71000,85.71000,85.13000,85.36000,8554,26318,BTP__CCB
20110922,85.22000,86.21000,84.47000,86.04000,9637,27375,BTP__CCB
20110923,85.68000,86.65000,85.56000,86.13000,6744,27457,BTP__CCB
20110926,86.82000,86.82000,85.59000,86.10000,5348,27074,BTP__CCB
20110927,86.41000,86.82000,86.13000,86.61000,7544,27454,BTP__CCB
20110928,85.97000,86.61000,85.89000,86.16000,5380,28031,BTP__CCB
20110929,86.11000,87.07000,85.85000,86.83000,14718,26580,BTP__CCB
20110930,86.82000,87.64000,86.72000,87.08000,7004,27249,BTP__CCB
20111003,86.82000,87.59000,86.45000,87.14000,4670,27393,BTP__CCB
20111004,86.82000,87.62000,86.81000,87.44000,5823,28089,BTP__CCB
20111005,87.22000,87.50000,86.88000,87.35000,7846,28544,BTP__CCB
20111006,87.27000,88.37000,87.27000,88.07000,8235,27582,BTP__CCB
20111007,88.05000,88.09000,87.22000,87.85000,4911,28176,BTP__CCB
20111010,87.87000,87.87000,87.56000,87.71000,3532,27823,BTP__CCB
20111011,87.66000,87.76000,87.26000,87.44000,3747,27513,BTP__CCB
20111012,87.44000,87.44000,86.62000,86.82000,6541,27102,BTP__CCB
20111013,86.90000,86.90000,85.93000,86.15000,12414,28882,BTP__CCB
20111014,86.03000,86.37000,85.67000,86.23000,5710,28855,BTP__CCB
20111017,86.77000,86.82000,86.22000,86.29000,3645,28003,BTP__CCB
20111018,86.21000,86.21000,85.50000,85.76000,4279,27976,BTP__CCB
20111019,85.83000,85.97000,85.34000,85.65000,7121,27219,BTP__CCB
20111020,85.49000,85.62000,84.39000,84.84000,7822,26502,BTP__CCB
20111021,84.71000,85.82000,84.50000,85.54000,9947,26951,BTP__CCB
20111024,85.62000,85.62000,85.02000,85.10000,3726,27220,BTP__CCB
20111025,85.10000,85.34000,84.88000,85.21000,4534,27712,BTP__CCB
20111026,85.28000,85.61000,84.92000,85.28000,7878,28153,BTP__CCB
20111027,85.82000,86.92000,85.63000,85.79000,9168,29616,BTP__CCB
20111028,85.87000,85.87000,84.38000,84.71000,12247,30809,BTP__CCB
20111031,84.32000,84.47000,83.39000,83.95000,10274,30375,BTP__CCB
20111101,83.97000,83.97000,81.98000,83.43000,11103,29571,BTP__CCB
20111102,83.63000,84.59000,82.87000,83.42000,6959,29022,BTP__CCB
20111103,83.32000,83.86000,81.78000,83.37000,9568,29784,BTP__CCB
20111104,83.52000,83.67000,81.75000,82.02000,9696,29653,BTP__CCB
20111107,82.32000,82.42000,79.49000,80.16000,15943,29293,BTP__CCB
20111108,79.58000,80.61000,79.14000,79.51000,12900,29207,BTP__CCB
20111109,80.27000,80.27000,74.28000,76.11000,25286,28516,BTP__CCB
20111110,74.82000,78.99000,74.46000,77.82000,28617,31218,BTP__CCB
20111111,78.69000,80.97000,78.03000,80.48000,15269,32880,BTP__CCB
20111114,80.74000,81.52000,78.33000,78.97000,20559,34953,BTP__CCB
20111115,78.81000,78.82000,76.14000,76.63000,15504,36822,BTP__CCB
20111116,76.55000,78.70000,76.07000,77.12000,14253,35340,BTP__CCB
20111117,76.80000,78.32000,75.62000,78.14000,13786,34668,BTP__CCB
20111118,77.81000,79.61000,77.59000,79.56000,10950,35912,BTP__CCB
20111121,79.33000,79.92000,78.62000,79.56000,9373,38896,BTP__CCB
20111122,79.48000,79.67000,78.00000,78.41000,12257,38864,BTP__CCB
20111123,78.16000,78.16000,76.99000,77.48000,6017,39377,BTP__CCB
20111124,77.69000,78.13000,76.70000,76.85000,6880,39454,BTP__CCB
20111125,77.19000,77.19000,75.44000,76.16000,5893,39548,BTP__CCB
20111128,78.76000,78.82000,76.07000,76.23000,6199,39991,BTP__CCB
20111129,76.15000,76.31000,75.18000,76.16000,18748,46826,BTP__CCB
20111130,75.75000,77.83000,75.30000,77.62000,14849,47699,BTP__CCB
20111201,77.42000,80.21000,77.42000,79.89000,14183,47498,BTP__CCB
20111202,80.09000,81.53000,79.45000,79.62000,11858,46340,BTP__CCB
20111205,80.22000,84.90000,80.22000,84.43000,9563,10773,BTP__CCB
20111206,84.01000,85.64000,83.79000,85.02000,7674,15909,BTP__CCB
20111207,85.05000,86.11000,83.61000,84.27000,14916,21399,BTP__CCB
20111208,84.77000,85.28000,81.18000,81.52000,15374,22766,BTP__CCB
20111209,81.66000,82.66000,79.89000,82.19000,16142,20283,BTP__CCB
20111212,82.38000,82.38000,78.98000,80.93000,11074,21613,BTP__CCB
20111213,80.68000,80.83000,79.59000,80.13000,8940,22648,BTP__CCB
20111214,79.88000,80.71000,78.84000,79.30000,7952,22497,BTP__CCB
20111215,79.03000,81.23000,78.53000,80.88000,9225,23463,BTP__CCB
20111216,81.31000,82.45000,80.50000,80.73000,7034,23801,BTP__CCB
20111219,80.15000,82.46000,80.06000,81.89000,3596,23549,BTP__CCB
20111220,81.80000,83.95000,81.80000,83.43000,7299,23596,BTP__CCB
20111221,83.58000,84.73000,81.30000,82.32000,8154,24282,BTP__CCB
20111222,82.12000,82.88000,81.46000,81.81000,3313,24818,BTP__CCB
20111223,81.82000,81.85000,80.34000,81.06000,2413,25503,BTP__CCB
20111227,80.88000,81.08000,80.26000,81.08000,2065,25421,BTP__CCB
20111228,81.23000,82.41000,80.38000,80.53000,4971,25798,BTP__CCB
20111229,80.48000,80.62000,79.63000,80.39000,9157,27122,BTP__CCB
20111230,80.28000,80.85000,80.01000,80.59000,1687,26912,BTP__CCB
20120102,80.63000,81.53000,80.44000,81.36000,1733,27212,BTP__CCB
20120103,81.07000,81.70000,80.83000,81.30000,4441,26915,BTP__CCB
20120104,81.01000,81.53000,80.83000,81.00000,4287,26952,BTP__CCB
20120105,81.10000,81.10000,79.67000,79.99000,7602,28316,BTP__CCB
20120106,80.13000,80.13000,79.32000,79.74000,7436,29065,BTP__CCB
20120109,79.69000,80.29000,79.38000,79.67000,4926,28882,BTP__CCB
20120110,79.87000,80.10000,79.43000,79.83000,5602,28665,BTP__CCB
20120111,80.05000,81.28000,80.05000,80.74000,13216,28063,BTP__CCB
20120112,80.98000,83.86000,80.88000,83.36000,16851,29086,BTP__CCB
20120113,83.38000,84.67000,82.03000,83.19000,17657,31525,BTP__CCB
20120116,82.18000,83.64000,81.09000,83.44000,8299,30252,BTP__CCB
20120117,83.83000,84.71000,83.73000,84.25000,9110,29839,BTP__CCB
20120118,84.25000,85.22000,83.63000,84.97000,11675,30166,BTP__CCB
20120119,84.79000,85.55000,84.67000,85.30000,9567,29710,BTP__CCB
20120120,85.63000,86.43000,85.05000,86.10000,8952,30528,BTP__CCB
20120123,86.22000,87.99000,86.18000,87.22000,11525,31837,BTP__CCB
20120124,87.16000,87.88000,86.30000,86.98000,12175,31400,BTP__CCB
20120125,87.06000,87.06000,85.83000,86.50000,8114,32031,BTP__CCB
20120126,86.68000,88.46000,86.67000,87.85000,14930,32375,BTP__CCB
20120127,87.93000,89.56000,87.70000,89.00000,12646,30930,BTP__CCB
20120130,88.71000,88.72000,86.72000,87.68000,20149,31185,BTP__CCB
20120131,87.63000,88.85000,87.63000,88.39000,11501,30877,BTP__CCB
20120201,88.78000,91.01000,88.41000,90.82000,19978,33230,BTP__CCB
20120202,90.98000,91.48000,89.68000,91.29000,19052,32427,BTP__CCB
20120203,91.33000,91.92000,90.33000,90.61000,15005,31247,BTP__CCB
20120206,90.69000,91.38000,89.68000,91.36000,13121,30688,BTP__CCB
20120207,91.16000,92.17000,90.43000,91.47000,11379,29841,BTP__CCB
20120208,91.65000,92.36000,91.14000,91.55000,12964,30643,BTP__CCB
20120209,91.44000,93.10000,90.75000,92.46000,15150,32878,BTP__CCB
20120210,92.66000,92.69000,91.15000,91.45000,14439,32395,BTP__CCB
20120213,91.78000,92.55000,91.38000,91.64000,9641,32239,BTP__CCB
20120214,91.14000,91.88000,90.73000,91.74000,10815,33183,BTP__CCB
20120215,91.94000,92.16000,90.00000,90.60000,14003,33092,BTP__CCB
20120216,90.29000,91.40000,89.08000,90.73000,20662,35594,BTP__CCB
20120217,91.48000,92.23000,91.06000,91.71000,11060,37612,BTP__CCB
20120220,92.28000,92.92000,91.71000,92.56000,10224,38443,BTP__CCB
20120221,91.87000,93.62000,91.79000,92.87000,15359,38778,BTP__CCB
20120222,92.68000,92.95000,92.02000,92.43000,18392,39322,BTP__CCB
20120223,92.36000,92.46000,91.73000,92.29000,10758,33957,BTP__CCB
20120224,92.40000,93.26000,92.31000,92.84000,7987,32719,BTP__CCB
20120227,93.06000,93.46000,92.56000,93.17000,13858,32666,BTP__CCB
20120228,93.20000,94.02000,93.20000,93.86000,14936,30392,BTP__CCB
20120229,93.92000,95.41000,93.92000,95.13000,15134,31281,BTP__CCB
20120301,95.13000,97.61000,95.13000,97.12000,22314,31138,BTP__CCB
20120302,97.12000,97.70000,96.34000,97.57000,14903,30187,BTP__CCB
20120305,97.33000,97.55000,96.87000,97.37000,9565,11969,BTP__CCB
20120306,97.03000,97.23000,95.89000,96.26000,13034,20306,BTP__CCB
20120307,96.04000,97.49000,95.56000,97.16000,16424,26285,BTP__CCB
20120308,97.38000,98.91000,97.38000,98.57000,14948,28287,BTP__CCB
20120309,98.58000,99.79000,98.11000,98.46000,14994,29307,BTP__CCB
20120312,98.63000,98.63000,97.73000,97.84000,5240,30068,BTP__CCB
20120313,98.05000,98.49000,97.87000,98.04000,7098,29370,BTP__CCB
20120314,98.19000,98.68000,97.95000,98.49000,11296,29357,BTP__CCB
20120315,98.43000,98.77000,98.13000,98.35000,6548,28438,BTP__CCB
20120316,98.59000,98.84000,98.11000,98.40000,4679,28535,BTP__CCB
20120319,98.40000,98.99000,98.38000,98.66000,6217,28707,BTP__CCB
20120320,98.58000,98.74000,98.06000,98.13000,6756,28606,BTP__CCB
20120321,97.99000,98.31000,97.24000,97.30000,11489,28821,BTP__CCB
20120322,97.46000,97.65000,96.44000,96.69000,15597,31945,BTP__CCB
20120323,96.74000,97.24000,95.82000,96.83000,19631,32691,BTP__CCB
20120326,97.01000,97.71000,96.97000,97.26000,9057,32271,BTP__CCB
20120327,97.22000,97.24000,96.29000,96.46000,11433,30876,BTP__CCB
20120328,96.62000,97.04000,96.04000,96.62000,14377,31257,BTP__CCB
20120329,96.67000,96.67000,95.24000,95.58000,30003,34455,BTP__CCB
20120330,95.97000,96.66000,95.79000,96.56000,9717,34273,BTP__CCB
20120402,96.81000,97.55000,96.54000,96.72000,9904,35071,BTP__CCB
20120403,96.71000,96.82000,95.99000,96.38000,6570,35099,BTP__CCB
20120404,96.09000,96.16000,94.27000,94.50000,18257,33875,BTP__CCB
20120405,94.50000,95.02000,93.25000,94.25000,19418,34819,BTP__CCB
20120410,94.19000,94.19000,92.04000,92.14000,13966,35781,BTP__CCB
20120411,92.24000,93.88000,92.01000,93.47000,18390,34951,BTP__CCB
20120412,93.63000,94.81000,93.41000,94.54000,22420,36875,BTP__CCB
20120413,94.22000,94.63000,93.27000,93.39000,11724,37344,BTP__CCB
20120416,93.65000,93.69000,92.35000,93.02000,11032,38166,BTP__CCB
20120417,93.19000,94.04000,92.89000,93.88000,12442,38208,BTP__CCB
20120418,93.97000,94.67000,93.32000,93.82000,16869,41705,BTP__CCB
20120419,93.82000,94.25000,92.74000,93.05000,15331,42362,BTP__CCB
20120420,93.01000,93.01000,91.72000,92.45000,15860,43946,BTP__CCB
20120423,92.34000,92.37000,91.61000,92.00000,11451,44572,BTP__CCB
20120424,91.85000,92.71000,91.79000,92.36000,17611,47181,BTP__CCB
20120425,92.56000,93.33000,92.35000,92.77000,13684,47928,BTP__CCB
20120426,92.89000,93.37000,92.26000,92.99000,16525,46795,BTP__CCB
20120427,92.59000,92.99000,91.77000,92.79000,28550,47972,BTP__CCB
20120430,93.08000,93.96000,92.77000,93.70000,7761,48437,BTP__CCB
20120502,93.93000,94.34000,93.41000,93.62000,14106,49202,BTP__CCB
20120503,93.54000,94.36000,93.44000,93.88000,12185,49289,BTP__CCB
20120504,93.97000,94.95000,93.85000,94.28000,13549,49897,BTP__CCB
20120507,93.45000,94.98000,93.44000,94.91000,8210,50167,BTP__CCB
20120508,94.96000,95.37000,94.16000,94.46000,17246,50423,BTP__CCB
20120509,94.40000,94.48000,92.94000,93.24000,25599,49778,BTP__CCB
20120510,93.27000,94.24000,93.06000,94.12000,20449,50353,BTP__CCB
20120511,93.89000,94.42000,93.64000,94.12000,13343,49689,BTP__CCB
20120514,93.82000,94.02000,92.04000,92.72000,26798,48952,BTP__CCB
20120515,92.67000,93.03000,91.37000,91.53000,28435,49617,BTP__CCB
20120516,91.04000,92.49000,90.51000,91.87000,28176,49499,BTP__CCB
20120517,92.19000,92.24000,91.16000,91.90000,16133,48662,BTP__CCB
20120518,91.60000,93.01000,91.29000,92.30000,18947,50894,BTP__CCB
20120521,92.39000,92.62000,91.88000,92.31000,11518,50383,BTP__CCB
20120522,92.58000,93.99000,92.41000,93.91000,20376,49830,BTP__CCB
20120523,93.51000,93.99000,92.84000,93.37000,19408,48873,BTP__CCB
20120524,93.47000,94.61000,92.73000,94.02000,20689,49323,BTP__CCB
20120525,93.99000,95.58000,93.18000,93.42000,26066,45875,BTP__CCB
20120528,93.71000,94.04000,92.63000,92.91000,10756,45761,BTP__CCB
20120529,92.72000,93.38000,92.52000,92.78000,17752,45909,BTP__CCB
20120530,92.78000,92.78000,90.88000,91.48000,41496,44898,BTP__CCB
20120531,91.47000,92.46000,91.40000,91.53000,33598,40878,BTP__CCB
20120601,91.71000,93.52000,91.45000,93.08000,45785,30675,BTP__CCB
20120604,92.98000,94.74000,92.74000,94.68000,17247,26419,BTP__CCB
20120605,95.49000,95.49000,94.21000,94.81000,10052,31628,BTP__CCB
20120606,94.79000,95.40000,94.31000,94.76000,24154,38568,BTP__CCB
20120607,94.61000,95.82000,93.76000,94.63000,26650,40622,BTP__CCB
20120608,94.16000,94.54000,93.59000,93.91000,15147,39927,BTP__CCB
20120611,94.39000,95.17000,91.90000,92.15000,28452,41132,BTP__CCB
20120612,92.01000,92.40000,90.04000,91.21000,31235,42094,BTP__CCB
20120613,91.21000,91.81000,90.47000,90.83000,16158,41037,BTP__CCB
20120614,90.65000,91.59000,89.82000,91.12000,28037,40647,BTP__CCB
20120615,91.53000,93.08000,91.36000,92.79000,18411,39111,BTP__CCB
20120618,93.60000,93.76000,91.05000,91.97000,18602,40281,BTP__CCB
20120619,91.73000,93.11000,91.45000,93.07000,15114,40116,BTP__CCB
20120620,92.68000,94.46000,92.68000,94.12000,20363,41662,BTP__CCB
20120621,94.03000,95.27000,93.69000,94.27000,23137,42899,BTP__CCB
20120622,94.11000,94.90000,93.30000,94.31000,20887,44627,BTP__CCB
20120625,93.82000,93.94000,92.35000,92.51000,18156,45526,BTP__CCB
20120626,92.69000,92.69000,91.06000,91.26000,22033,45934,BTP__CCB
20120627,91.86000,91.97000,90.71000,91.30000,15592,46539,BTP__CCB
20120628,91.20000,91.51000,90.50000,91.08000,33494,47428,BTP__CCB
20120629,91.89000,94.61000,91.89000,94.07000,29288,47658,BTP__CCB
20120702,93.67000,95.42000,93.64000,94.68000,16950,47244,BTP__CCB
20120703,95.04000,95.49000,94.41000,95.34000,13226,47319,BTP__CCB
20120704,95.45000,95.95000,94.28000,94.45000,15935,48764,BTP__CCB
20120705,94.45000,94.81000,92.27000,92.87000,30922,50609,BTP__CCB
20120706,92.77000,93.21000,92.11000,92.45000,14637,50649,BTP__CCB
20120709,92.48000,92.52000,91.38000,91.86000,14184,50656,BTP__CCB
20120710,91.85000,93.86000,91.85000,93.11000,19104,50932,BTP__CCB
20120711,92.96000,94.41000,92.83000,94.20000,16382,50914,BTP__CCB
20120712,94.10000,94.85000,93.36000,93.49000,13494,51274,BTP__CCB
20120713,93.16000,93.51000,92.19000,92.49000,26950,54879,BTP__CCB
20120716,92.25000,92.71000,91.62000,91.95000,12280,55549,BTP__CCB
20120717,91.95000,93.36000,91.74000,92.45000,18054,55005,BTP__CCB
20120718,92.26000,93.42000,92.17000,92.42000,18456,54437,BTP__CCB
20120719,92.42000,93.39000,92.28000,92.95000,18177,54964,BTP__CCB
20120720,92.84000,93.27000,91.21000,91.74000,15993,55765,BTP__CCB
20120723,91.09000,91.26000,89.86000,90.53000,21203,54870,BTP__CCB
20120724,90.40000,91.10000,88.46000,88.97000,27977,53339,BTP__CCB
20120725,88.46000,90.01000,87.95000,89.61000,21612,52311,BTP__CCB
20120726,89.99000,92.94000,89.50000,92.50000,30819,51020,BTP__CCB
20120727,93.21000,94.28000,91.87000,93.37000,35189,51197,BTP__CCB
20120730,93.91000,94.11000,92.61000,93.16000,28385,55471,BTP__CCB
20120731,93.11000,93.50000,92.21000,92.58000,25205,55627,BTP__CCB
20120801,92.74000,93.96000,92.55000,93.60000,20208,53842,BTP__CCB
20120802,94.01000,95.75000,90.56000,91.44000,48387,54977,BTP__CCB
20120803,90.86000,93.66000,90.01000,92.65000,33788,56364,BTP__CCB
20120806,93.10000,93.47000,92.76000,93.26000,13039,56085,BTP__CCB
20120807,93.33000,94.33000,92.61000,93.55000,19023,55581,BTP__CCB
20120808,93.53000,94.21000,93.21000,94.16000,13112,54207,BTP__CCB
20120809,94.31000,94.80000,94.05000,94.59000,13119,55180,BTP__CCB
20120810,94.47000,94.47000,93.72000,94.03000,8937,55017,BTP__CCB
20120813,94.07000,94.55000,93.74000,94.08000,6496,55388,BTP__CCB
20120814,93.93000,94.65000,93.70000,94.50000,7965,55177,BTP__CCB
20120815,94.40000,95.28000,94.32000,95.10000,5039,55071,BTP__CCB
20120816,94.91000,95.21000,94.23000,94.93000,8777,54849,BTP__CCB
20120817,95.03000,95.17000,94.63000,94.87000,7677,53824,BTP__CCB
20120820,95.17000,95.73000,94.81000,95.10000,11580,54886,BTP__CCB
20120821,95.05000,96.30000,95.04000,96.03000,16655,54792,BTP__CCB
20120822,95.81000,96.77000,95.76000,96.04000,17147,53653,BTP__CCB
20120823,96.04000,96.41000,95.37000,95.86000,16385,55949,BTP__CCB
20120824,95.61000,96.01000,94.82000,95.21000,13372,54067,BTP__CCB
20120827,95.88000,96.00000,95.62000,95.73000,4967,55460,BTP__CCB
20120828,95.72000,95.85000,94.72000,94.98000,20424,56422,BTP__CCB
20120829,94.95000,95.59000,94.36000,95.29000,18433,54308,BTP__CCB
20120830,95.28000,95.61000,94.84000,95.22000,28550,54417,BTP__CCB
20120831,95.12000,95.37000,94.54000,94.69000,25089,49742,BTP__CCB
20120903,94.96000,95.47000,94.68000,95.28000,22835,40763,BTP__CCB
20120904,95.39000,96.45000,94.96000,96.12000,38408,27676,BTP__CCB
20120905,95.79000,97.53000,95.67000,97.28000,31434,51403,BTP__CCB
20120906,97.53000,99.49000,97.33000,99.01000,31972,53949,BTP__CCB
20120907,99.41000,101.28000,99.03000,100.92000,26679,52950,BTP__CCB
20120910,100.74000,101.11000,99.80000,100.26000,14839,51878,BTP__CCB
20120911,100.07000,101.14000,99.52000,100.89000,16914,52017,BTP__CCB
20120912,100.96000,101.73000,100.87000,101.48000,20896,51878,BTP__CCB
20120913,101.18000,101.97000,100.92000,101.53000,22185,53388,BTP__CCB
20120914,101.84000,102.20000,101.37000,101.64000,17055,54850,BTP__CCB
20120917,101.43000,101.77000,100.70000,100.91000,15431,54368,BTP__CCB
20120918,100.67000,101.45000,100.35000,101.32000,15108,55898,BTP__CCB
20120919,101.41000,102.65000,101.35000,102.33000,20930,55291,BTP__CCB
20120920,102.12000,102.44000,101.31000,101.94000,22624,57131,BTP__CCB
20120921,102.14000,102.26000,101.30000,101.43000,17364,57413,BTP__CCB
20120924,101.27000,101.64000,100.64000,101.37000,13489,58552,BTP__CCB
20120925,101.21000,101.23000,100.67000,100.96000,15917,59021,BTP__CCB
20120926,100.77000,100.77000,99.94000,100.23000,25159,56988,BTP__CCB
20120927,100.36000,101.07000,99.85000,100.84000,37817,58234,BTP__CCB
20120928,101.07000,101.31000,100.42000,101.07000,17272,57152,BTP__CCB
20121001,100.42000,101.51000,100.42000,101.33000,11712,55355,BTP__CCB
20121002,101.09000,102.04000,101.09000,101.77000,16385,55767,BTP__CCB
20121003,101.54000,102.27000,101.53000,101.65000,17365,54769,BTP__CCB
20121004,101.86000,102.00000,101.38000,101.49000,15698,54635,BTP__CCB
20121005,101.46000,102.33000,101.46000,102.14000,14107,57275,BTP__CCB
20121008,101.90000,102.20000,101.71000,101.92000,9160,57002,BTP__CCB
20121009,101.89000,102.01000,101.60000,101.70000,13980,55162,BTP__CCB
20121010,101.59000,102.04000,101.50000,101.80000,14530,53868,BTP__CCB
20121011,101.60000,102.52000,101.23000,102.44000,21907,53160,BTP__CCB
20121012,102.55000,103.06000,102.45000,102.84000,18178,54891,BTP__CCB
20121015,102.77000,103.16000,102.62000,102.75000,11020,54902,BTP__CCB
20121016,102.92000,103.57000,102.82000,103.14000,15370,57329,BTP__CCB
20121017,103.38000,104.68000,103.38000,104.55000,20930,58183,BTP__CCB
20121018,104.58000,104.77000,104.11000,104.54000,19394,57307,BTP__CCB
20121019,104.63000,105.17000,104.36000,104.53000,15229,59175,BTP__CCB
20121022,104.55000,104.95000,104.49000,104.66000,10007,59477,BTP__CCB
20121023,104.57000,104.66000,103.53000,103.83000,22218,60536,BTP__CCB
20121024,103.98000,104.14000,103.48000,104.09000,18475,61125,BTP__CCB
20121025,104.21000,104.49000,103.80000,103.96000,15844,61265,BTP__CCB
20121026,103.77000,103.91000,103.34000,103.55000,19722,61306,BTP__CCB
20121029,103.37000,103.37000,102.66000,102.73000,16202,62849,BTP__CCB
20121030,102.87000,103.16000,102.68000,102.90000,30943,68822,BTP__CCB
20121031,102.93000,103.32000,102.92000,103.23000,15534,69003,BTP__CCB
20121101,103.02000,103.77000,103.02000,103.50000,11435,68159,BTP__CCB
20121102,103.40000,103.73000,103.29000,103.32000,10129,66494,BTP__CCB
20121105,103.28000,103.32000,102.69000,102.93000,12273,66858,BTP__CCB
20121106,103.11000,103.87000,102.88000,103.78000,13152,67291,BTP__CCB
20121107,103.78000,104.10000,103.51000,103.68000,23003,66907,BTP__CCB
20121108,103.82000,103.88000,102.69000,102.88000,25635,68951,BTP__CCB
20121109,102.95000,103.36000,102.31000,103.21000,20754,69411,BTP__CCB
20121112,103.16000,103.42000,102.75000,102.86000,13396,68717,BTP__CCB
20121113,102.80000,103.46000,102.37000,103.29000,21884,68778,BTP__CCB
20121114,103.30000,103.82000,103.17000,103.37000,25248,72151,BTP__CCB
20121115,103.17000,104.06000,102.92000,103.89000,16784,72185,BTP__CCB
20121116,103.98000,104.37000,103.83000,104.15000,13981,72926,BTP__CCB
20121119,104.33000,104.38000,103.88000,103.94000,13015,72594,BTP__CCB
20121120,103.84000,104.43000,103.61000,104.14000,16235,74964,BTP__CCB
20121121,103.96000,104.59000,103.96000,104.46000,16558,73034,BTP__CCB
20121122,104.52000,105.00000,104.40000,104.93000,21623,74771,BTP__CCB
20121123,105.02000,105.45000,104.76000,105.22000,13567,72457,BTP__CCB
20121126,105.21000,105.25000,104.89000,105.22000,9682,71879,BTP__CCB
20121127,105.33000,105.53000,105.02000,105.47000,19189,70997,BTP__CCB
20121128,105.38000,106.81000,105.33000,106.68000,27557,70491,BTP__CCB
20121129,106.64000,107.63000,106.43000,106.90000,60388,72265,BTP__CCB
20121130,107.05000,107.48000,106.83000,107.45000,22399,67053,BTP__CCB
20121203,107.44000,108.60000,107.20000,107.87000,45921,53586,BTP__CCB
20121204,108.02000,108.40000,107.80000,108.09000,48217,27602,BTP__CCB
20121205,108.21000,108.23000,107.49000,107.81000,33743,64318,BTP__CCB
20121206,107.57000,108.09000,106.41000,107.08000,31265,66149,BTP__CCB
20121207,107.02000,107.39000,106.25000,107.18000,26573,67982,BTP__CCB
20121210,106.45000,106.45000,104.22000,105.00000,52932,74089,BTP__CCB
20121211,105.24000,105.80000,104.30000,105.57000,29367,74425,BTP__CCB
20121212,105.76000,106.71000,105.65000,106.31000,20942,75852,BTP__CCB
20121213,106.61000,106.87000,106.24000,106.42000,22550,75098,BTP__CCB
20121214,106.50000,107.15000,106.39000,106.83000,14586,75912,BTP__CCB
20121217,106.83000,107.22000,106.73000,107.04000,7377,75494,BTP__CCB
20121218,107.05000,108.15000,107.05000,108.01000,17222,74285,BTP__CCB
20121219,108.06000,108.93000,108.03000,108.63000,26490,76834,BTP__CCB
20121220,108.38000,108.64000,108.21000,108.38000,15994,75238,BTP__CCB
20121221,108.04000,108.29000,107.65000,107.99000,12345,73805,BTP__CCB
20121227,107.91000,107.93000,107.44000,107.50000,6751,74386,BTP__CCB
20121228,107.46000,107.86000,107.11000,107.79000,20662,75432,BTP__CCB
20130102,107.98000,110.00000,107.89000,109.74000,21438,76408,BTP__CCB
20130103,110.09000,110.26000,109.33000,109.99000,16052,76210,BTP__CCB
20130104,109.93000,110.16000,109.61000,109.82000,15688,76973,BTP__CCB
20130107,109.88000,110.01000,109.02000,109.18000,19996,74986,BTP__CCB
20130108,109.00000,109.80000,108.95000,109.70000,18969,76450,BTP__CCB
20130109,109.70000,109.96000,109.34000,109.84000,19335,76944,BTP__CCB
20130110,109.94000,111.13000,109.61000,110.72000,29092,79367,BTP__CCB
20130111,110.87000,111.47000,110.45000,111.20000,25250,80288,BTP__CCB
20130114,111.20000,111.20000,110.31000,110.62000,19470,80159,BTP__CCB
20130115,110.57000,111.06000,110.16000,110.47000,34804,83610,BTP__CCB
20130116,110.28000,110.76000,109.93000,110.59000,25220,84809,BTP__CCB
20130117,110.54000,111.14000,110.52000,110.73000,22792,84713,BTP__CCB
20130118,110.76000,111.17000,110.39000,110.91000,16436,83851,BTP__CCB
20130121,110.85000,110.94000,110.26000,110.41000,15108,83386,BTP__CCB
20130122,110.38000,111.03000,110.13000,110.60000,29533,86611,BTP__CCB
20130123,110.60000,110.95000,110.43000,110.69000,23589,88127,BTP__CCB
20130124,110.78000,111.11000,110.52000,111.09000,22747,90273,BTP__CCB
20130125,111.08000,111.79000,110.97000,111.25000,33439,92793,BTP__CCB
20130128,111.24000,111.34000,110.50000,110.69000,27929,87659,BTP__CCB
20130129,110.48000,111.11000,110.23000,110.97000,30992,87076,BTP__CCB
20130130,111.07000,111.13000,109.38000,110.06000,50046,90511,BTP__CCB
20130131,109.80000,109.99000,109.01000,109.97000,42453,91514,BTP__CCB
20130201,109.91000,110.21000,109.50000,109.68000,31213,91909,BTP__CCB
20130204,109.68000,109.68000,108.33000,108.44000,40529,88889,BTP__CCB
20130205,108.42000,108.88000,107.81000,108.56000,35513,83826,BTP__CCB
20130206,108.71000,108.91000,107.48000,107.92000,43020,84163,BTP__CCB
20130207,107.51000,108.21000,107.32000,107.72000,35282,81644,BTP__CCB
20130208,107.68000,108.22000,107.14000,107.78000,37026,82113,BTP__CCB
20130211,108.07000,108.07000,107.27000,107.43000,21918,84079,BTP__CCB
20130212,107.38000,108.53000,107.27000,108.34000,34548,83318,BTP__CCB
20130213,108.35000,109.41000,108.35000,109.37000,57425,82819,BTP__CCB
20130214,109.23000,109.72000,108.97000,109.31000,35206,80309,BTP__CCB
20130215,109.28000,109.77000,109.00000,109.51000,26689,82079,BTP__CCB
20130218,109.47000,109.48000,108.71000,109.17000,21082,82697,BTP__CCB
20130219,109.14000,109.65000,108.78000,109.26000,25356,83793,BTP__CCB
20130220,109.25000,109.62000,109.05000,109.16000,29340,85118,BTP__CCB
20130221,108.98000,109.00000,108.37000,108.65000,44061,85869,BTP__CCB
20130222,108.54000,109.10000,108.31000,108.93000,33751,84414,BTP__CCB
20130225,108.83000,111.31000,107.84000,109.63000,95255,89099,BTP__CCB
20130226,107.09000,107.14000,105.00000,105.38000,114891,86576,BTP__CCB
20130227,105.12000,106.23000,104.83000,106.00000,83136,81007,BTP__CCB
20130228,106.28000,106.75000,106.08000,106.67000,44280,76714,BTP__CCB
20130301,106.58000,107.00000,105.81000,106.25000,46120,70985,BTP__CCB
20130304,105.99000,106.24000,105.41000,105.60000,56469,56288,BTP__CCB
20130305,105.87000,106.86000,105.73000,106.71000,49469,60496,BTP__CCB
20130306,106.61000,107.93000,106.61000,107.33000,60183,76410,BTP__CCB
20130307,107.17000,108.03000,107.17000,107.82000,29798,77492,BTP__CCB
20130308,108.15000,108.54000,106.96000,107.98000,34621,80029,BTP__CCB
20130311,107.25000,107.80000,107.01000,107.55000,20964,81140,BTP__CCB
20130312,107.36000,107.98000,107.29000,107.92000,24688,80539,BTP__CCB
20130313,107.88000,107.95000,106.88000,107.35000,43009,82273,BTP__CCB
20130314,107.60000,107.71000,107.11000,107.67000,21520,83551,BTP__CCB
20130315,107.45000,108.41000,107.35000,107.98000,26622,82222,BTP__CCB
20130318,106.80000,107.81000,106.17000,107.78000,33443,81770,BTP__CCB
20130319,107.75000,107.77000,106.80000,107.12000,31378,84891,BTP__CCB
20130320,106.98000,108.03000,106.97000,107.71000,30341,85788,BTP__CCB
20130321,107.80000,108.43000,107.72000,108.23000,30864,87875,BTP__CCB
20130322,107.95000,109.06000,107.85000,108.73000,28529,89339,BTP__CCB
20130325,109.21000,109.50000,107.83000,108.35000,46249,86709,BTP__CCB
20130326,108.19000,108.87000,107.98000,108.27000,34028,87028,BTP__CCB
20130327,108.23000,108.46000,106.65000,106.90000,61151,88497,BTP__CCB
20130328,106.94000,107.29000,106.11000,107.12000,37948,87861,BTP__CCB
20130402,106.99000,108.13000,106.79000,107.88000,25606,88202,BTP__CCB
20130403,107.99000,108.67000,107.91000,108.30000,26453,88956,BTP__CCB
20130404,108.41000,109.07000,108.27000,108.48000,33431,89648,BTP__CCB
20130405,108.74000,110.37000,108.74000,109.84000,38360,95612,BTP__CCB
20130408,110.23000,111.09000,110.09000,110.52000,36210,91867,BTP__CCB
20130409,110.55000,110.79000,110.06000,110.26000,21762,92399,BTP__CCB
20130410,110.41000,110.80000,110.28000,110.72000,20868,91732,BTP__CCB
20130411,110.72000,111.07000,110.33000,110.58000,36205,92227,BTP__CCB
20130412,110.41000,110.78000,110.13000,110.55000,27050,94865,BTP__CCB
20130415,110.66000,110.84000,110.34000,110.50000,16198,94462,BTP__CCB
20130416,110.29000,111.01000,110.29000,110.79000,16845,97277,BTP__CCB
20130417,110.73000,111.63000,110.73000,111.31000,32833,98318,BTP__CCB
20130418,111.31000,111.95000,111.23000,111.35000,26716,96600,BTP__CCB
20130419,111.42000,111.71000,111.25000,111.61000,19394,95031,BTP__CCB
20130422,111.98000,113.09000,111.93000,112.75000,48654,97583,BTP__CCB
20130423,113.06000,114.44000,112.84000,113.76000,49392,98834,BTP__CCB
20130424,113.76000,114.41000,113.31000,113.56000,41511,100717,BTP__CCB
20130425,113.40000,113.65000,112.42000,113.04000,35031,101426,BTP__CCB
20130426,112.81000,113.34000,112.22000,113.02000,34657,99665,BTP__CCB
20130429,113.37000,114.36000,113.24000,114.33000,42270,98684,BTP__CCB
20130430,114.33000,114.84000,114.21000,114.56000,37557,97931,BTP__CCB
20130502,114.46000,115.83000,114.31000,115.48000,45012,96339,BTP__CCB
20130503,115.83000,116.48000,115.12000,115.25000,40398,96198,BTP__CCB
20130506,115.11000,115.56000,114.69000,114.74000,15257,96601,BTP__CCB
20130507,115.07000,115.50000,114.72000,115.22000,25096,96957,BTP__CCB
20130508,115.23000,115.59000,115.01000,115.42000,26119,96840,BTP__CCB
20130509,115.42000,115.77000,114.88000,115.12000,27083,95328,BTP__CCB
20130510,115.13000,115.44000,114.81000,114.97000,28240,96534,BTP__CCB
20130513,114.91000,115.07000,113.86000,114.40000,36164,100763,BTP__CCB
20130514,113.84000,114.61000,113.62000,114.12000,37129,103037,BTP__CCB
20130515,113.83000,114.21000,113.38000,113.72000,49213,104558,BTP__CCB
20130516,113.91000,114.76000,113.90000,114.39000,39331,100135,BTP__CCB
20130517,114.21000,115.20000,114.21000,115.08000,30550,97112,BTP__CCB
20130520,114.92000,115.51000,114.92000,115.14000,20859,94777,BTP__CCB
20130521,115.03000,115.20000,114.74000,114.81000,25923,92807,BTP__CCB
20130522,114.91000,115.14000,114.83000,114.99000,24226,93161,BTP__CCB
20130523,114.73000,114.76000,113.52000,114.00000,58250,88429,BTP__CCB
20130524,113.91000,114.01000,112.59000,112.76000,58598,85315,BTP__CCB
20130527,113.09000,113.90000,112.97000,113.80000,12630,84063,BTP__CCB
20130528,113.96000,114.21000,113.66000,113.82000,31634,84378,BTP__CCB
20130529,113.66000,113.70000,112.62000,112.84000,43358,82566,BTP__CCB
20130530,112.61000,113.56000,112.36000,113.53000,52400,79368,BTP__CCB
20130531,113.42000,113.63000,112.88000,113.15000,37166,74749,BTP__CCB
20130603,112.88000,113.19000,112.36000,113.05000,52188,61451,BTP__CCB
20130604,113.10000,113.61000,112.95000,113.48000,65939,29302,BTP__CCB
20130605,113.33000,113.71000,113.14000,113.37000,48877,77468,BTP__CCB
20130606,113.08000,113.30000,110.92000,111.65000,63890,82864,BTP__CCB
20130607,111.35000,112.90000,111.02000,112.65000,52820,80919,BTP__CCB
20130610,112.84000,113.08000,111.78000,112.05000,23095,80230,BTP__CCB
20130611,111.94000,112.03000,110.41000,111.34000,52073,78980,BTP__CCB
20130612,111.23000,112.19000,111.00000,111.37000,38340,78671,BTP__CCB
20130613,111.00000,111.75000,110.55000,111.40000,52308,80373,BTP__CCB
20130614,111.49000,112.55000,111.49000,112.02000,33728,80497,BTP__CCB
20130617,112.08000,112.54000,111.95000,112.20000,16648,80173,BTP__CCB
20130618,112.11000,112.51000,111.69000,112.03000,25695,81034,BTP__CCB
20130619,111.99000,112.39000,111.66000,112.30000,28876,80592,BTP__CCB
20130620,111.49000,111.49000,109.41000,109.52000,67787,81038,BTP__CCB
20130621,109.41000,110.21000,108.93000,109.32000,43664,78139,BTP__CCB
20130624,108.88000,108.95000,106.84000,107.51000,57357,82907,BTP__CCB
20130625,107.15000,108.44000,106.61000,106.86000,54221,84816,BTP__CCB
20130626,106.80000,108.44000,106.39000,108.35000,46258,84851,BTP__CCB
20130627,108.59000,109.95000,108.36000,109.41000,60565,81255,BTP__CCB
20130628,109.70000,110.54000,109.09000,109.67000,43092,82981,BTP__CCB
20130701,109.88000,110.66000,109.47000,110.22000,23934,82234,BTP__CCB
20130702,110.56000,110.99000,110.21000,110.74000,24764,81120,BTP__CCB
20130703,110.15000,110.30000,109.11000,109.74000,48760,82683,BTP__CCB
20130704,109.99000,111.43000,109.23000,110.58000,46507,80793,BTP__CCB
20130705,111.00000,111.37000,110.28000,110.62000,29147,82701,BTP__CCB
20130708,110.57000,111.27000,110.57000,110.99000,24087,82428,BTP__CCB
20130709,111.09000,111.43000,110.57000,110.86000,32446,85077,BTP__CCB
20130710,110.39000,110.62000,109.89000,110.46000,33215,86105,BTP__CCB
20130711,111.10000,111.35000,109.54000,110.11000,51244,89374,BTP__CCB
20130712,110.44000,111.00000,109.50000,110.20000,32170,0,BTP__CCB
