20081006,94.65000,94.91000,94.65000,94.82500,187386,558236,LEU4_CCB
20081007,94.86000,95.05500,94.85500,95.00500,215274,547210,LEU4_CCB
20081008,94.99500,95.45000,94.95000,95.03500,206106,551027,LEU4_CCB
20081009,95.06500,95.09000,94.68500,94.97500,135174,545510,LEU4_CCB
20081010,94.97500,95.30000,94.93000,95.12500,125694,545965,LEU4_CCB
20081013,95.11500,95.28000,95.11500,95.22000,112190,555395,LEU4_CCB
20081014,95.23000,95.25500,95.00500,95.04500,152408,561014,LEU4_CCB
20081015,95.07000,95.12000,94.90500,95.09000,156470,560176,LEU4_CCB
20081016,95.10500,95.21000,95.05500,95.13000,113540,571278,LEU4_CCB
20081017,95.12000,95.31000,95.12000,95.30500,86295,574988,LEU4_CCB
20081020,95.33000,95.33500,95.19000,95.25000,84394,578152,LEU4_CCB
20081021,95.27000,95.32000,95.22000,95.30500,89829,578812,LEU4_CCB
20081022,95.30500,95.40000,95.30500,95.39000,92038,576746,LEU4_CCB
20081023,95.41000,95.41000,95.24000,95.32000,99513,579779,LEU4_CCB
20081024,95.33000,95.42500,95.30000,95.37500,72240,585657,LEU4_CCB
20081027,95.39500,95.47500,95.38000,95.46500,69148,585114,LEU4_CCB
20081028,95.47500,95.50000,95.37000,95.44500,97580,589026,LEU4_CCB
20081029,95.47000,95.51000,95.43000,95.49000,92071,587156,LEU4_CCB
20081030,95.51000,95.57500,95.45000,95.56000,87509,593844,LEU4_CCB
20081031,95.55500,95.63500,95.49000,95.52500,90089,597622,LEU4_CCB
20081103,95.52500,95.56000,95.43500,95.54500,64853,596969,LEU4_CCB
20081104,95.53000,95.57500,95.45000,95.46500,72470,598321,LEU4_CCB
20081105,95.47500,95.50500,95.39500,95.46000,91810,604345,LEU4_CCB
20081106,95.46500,95.80000,95.46500,95.64500,180994,609182,LEU4_CCB
20081107,95.64500,95.71500,95.59500,95.69500,102083,612381,LEU4_CCB
20081117,95.88000,95.97000,95.83500,95.94000,98335,615966,LEU4_CCB
20081118,95.95000,95.97500,95.92500,95.95500,71600,617109,LEU4_CCB
20081119,95.96500,96.02000,95.93500,96.01000,91410,626458,LEU4_CCB
20081120,96.00500,96.14500,96.00000,96.14000,138736,627416,LEU4_CCB
20081121,96.14500,96.14500,96.00500,96.11500,99688,629473,LEU4_CCB
20081124,96.10500,96.10500,95.98000,95.98000,57706,634380,LEU4_CCB
20081125,96.00000,96.03500,95.92500,95.98500,135309,612014,LEU4_CCB
20081126,95.96500,96.04500,95.94000,96.02000,91747,610566,LEU4_CCB
20081127,96.00000,96.03500,95.97500,96.00500,53630,601385,LEU4_CCB
20081128,96.00000,96.09000,95.99000,96.00500,69182,599846,LEU4_CCB
20081201,96.01000,96.03000,95.96000,96.00000,74585,591735,LEU4_CCB
20081202,96.01500,96.07000,95.99500,96.05000,82434,584099,LEU4_CCB
20081203,96.03500,96.17000,96.02500,96.15000,104509,579222,LEU4_CCB
20081204,96.15000,96.28500,95.98500,96.01500,206572,591729,LEU4_CCB
20081205,96.02000,96.07500,95.96500,95.99500,89136,592926,LEU4_CCB
20081208,95.99000,95.99500,95.85000,95.95000,128411,628016,LEU4_CCB
20081209,95.93500,95.98500,95.84000,95.90000,135146,642659,LEU4_CCB
20081210,95.89000,95.98500,95.88500,95.96500,112501,643751,LEU4_CCB
20081211,95.97500,96.02000,95.94500,95.98500,119892,657573,LEU4_CCB
20081212,96.00000,96.06500,95.96000,95.97500,122168,669848,LEU4_CCB
20081215,96.00500,96.06000,95.95000,96.03500,85769,538023,LEU4_CCB
20081216,96.04000,96.26000,96.02000,96.23000,85260,531564,LEU4_CCB
20081217,96.24000,96.30000,96.18000,96.24500,96965,541089,LEU4_CCB
20081218,96.27000,96.31500,96.23000,96.26000,65270,535222,LEU4_CCB
20081219,96.30500,96.32000,96.23000,96.28500,37315,532321,LEU4_CCB
20081222,96.25500,96.40000,96.25500,96.39000,33159,531230,LEU4_CCB
20081223,96.37500,96.43500,96.32000,96.41500,33525,536684,LEU4_CCB
20081224,96.42000,96.43000,96.38500,96.42500,5079,536663,LEU4_CCB
20081229,96.38500,96.52000,96.38500,96.50500,37049,535740,LEU4_CCB
20081230,96.50500,96.53000,96.45500,96.47500,50615,526627,LEU4_CCB
20081231,96.47500,96.52500,96.47500,96.52000,9185,528784,LEU4_CCB
20090102,96.50500,96.54000,96.48500,96.49500,29433,533248,LEU4_CCB
20090105,96.52000,96.55000,96.46000,96.52000,66062,541102,LEU4_CCB
20090106,96.53000,96.55500,96.48500,96.54000,103161,551712,LEU4_CCB
20090107,96.54000,96.67000,96.53500,96.62500,105214,550419,LEU4_CCB
20090108,96.63000,96.68000,96.55500,96.65500,129677,560038,LEU4_CCB
20090109,96.65500,96.80000,96.65500,96.76500,117871,576364,LEU4_CCB
20090112,96.77000,96.82500,96.71500,96.80500,111302,613641,LEU4_CCB
20090113,96.81000,96.83000,96.77000,96.78000,108221,621559,LEU4_CCB
20090114,96.77500,96.81000,96.70500,96.72500,117144,629619,LEU4_CCB
20090115,96.73500,96.78500,96.59500,96.62500,242030,661325,LEU4_CCB
20090116,96.62500,96.77500,96.59500,96.76000,113322,661398,LEU4_CCB
20090119,96.75000,96.77500,96.69500,96.75000,72949,655295,LEU4_CCB
20090120,96.75500,96.85000,96.75500,96.84500,114580,660114,LEU4_CCB
20090121,96.84000,96.89500,96.81500,96.85500,119585,656770,LEU4_CCB
20090122,96.86000,96.90000,96.82000,96.85000,128676,649883,LEU4_CCB
20090123,96.85500,96.89500,96.78500,96.82000,118657,642493,LEU4_CCB
20090126,96.82000,96.82500,96.61000,96.64000,212092,651505,LEU4_CCB
20090127,96.64000,96.67000,96.56000,96.65500,172074,655147,LEU4_CCB
20090128,96.64500,96.72000,96.63500,96.69000,135894,629845,LEU4_CCB
20090129,96.67500,96.76500,96.65500,96.72500,158033,624093,LEU4_CCB
20090130,96.72500,96.80500,96.72000,96.76500,120124,624393,LEU4_CCB
20090202,96.76500,96.80000,96.72000,96.74000,85917,618436,LEU4_CCB
20090203,96.74000,96.80000,96.73500,96.76500,73964,616569,LEU4_CCB
20090204,96.76000,96.84500,96.74500,96.83000,98778,618129,LEU4_CCB
20090205,96.82500,96.90500,96.78500,96.88500,178527,641560,LEU4_CCB
20090206,96.89000,96.92500,96.86000,96.92500,107432,645043,LEU4_CCB
20090209,96.92000,96.93000,96.86000,96.86500,99692,636086,LEU4_CCB
20090210,96.86500,96.90000,96.79500,96.82500,164724,634950,LEU4_CCB
20090211,96.83000,96.91000,96.81000,96.90000,126900,642304,LEU4_CCB
20090212,96.90500,96.92500,96.87500,96.90500,108659,652769,LEU4_CCB
20090213,96.90000,96.92000,96.87500,96.89000,83927,650145,LEU4_CCB
20090216,96.88000,96.92000,96.88000,96.91500,59960,648634,LEU4_CCB
20090217,96.92000,96.97000,96.89000,96.93500,135501,654328,LEU4_CCB
20090218,96.93000,96.93500,96.86000,96.86500,129697,657389,LEU4_CCB
20090219,96.86500,96.87500,96.79500,96.82500,164869,661350,LEU4_CCB
20090220,96.83000,96.90500,96.82500,96.89500,100102,658754,LEU4_CCB
20090223,96.88500,96.89500,96.82000,96.86500,74218,664859,LEU4_CCB
20090224,96.86000,96.92500,96.86000,96.91000,132402,686554,LEU4_CCB
20090225,96.91000,96.95500,96.90000,96.92000,114999,695126,LEU4_CCB
20090226,96.93000,96.95500,96.90500,96.95000,131488,695871,LEU4_CCB
20090227,96.94500,96.99500,96.93500,96.95500,98751,689409,LEU4_CCB
20090302,96.96000,97.00500,96.95000,97.00000,114982,684185,LEU4_CCB
20090303,97.00500,97.06000,96.96500,97.05500,143745,702552,LEU4_CCB
20090304,97.06000,97.08500,97.04500,97.08500,112753,701205,LEU4_CCB
20090305,97.08500,97.14500,97.01500,97.02000,260616,665110,LEU4_CCB
20090306,97.02000,97.05500,96.99500,97.00500,183099,656638,LEU4_CCB
20090309,97.00500,97.01000,96.94500,96.96500,159479,658235,LEU4_CCB
20090310,96.96000,97.00500,96.94500,96.96000,144481,672868,LEU4_CCB
20090311,96.96500,96.99000,96.95000,96.98000,109996,679499,LEU4_CCB
20090312,96.98000,97.03500,96.97500,97.03500,179187,668656,LEU4_CCB
20090313,97.03000,97.04000,96.98500,97.01500,116244,556865,LEU4_CCB
20090316,97.02000,97.05500,97.00000,97.05000,86845,562693,LEU4_CCB
20090317,97.05000,97.09000,97.02500,97.06500,90442,570649,LEU4_CCB
20090318,97.06500,97.19500,97.05000,97.19000,107234,576545,LEU4_CCB
20090319,97.18500,97.21000,97.11000,97.11500,125260,573258,LEU4_CCB
20090320,97.10500,97.19500,97.10000,97.17500,90604,574425,LEU4_CCB
20090323,97.17000,97.19000,97.14500,97.15500,57146,564376,LEU4_CCB
20090324,97.15500,97.16500,97.11500,97.13500,84319,564417,LEU4_CCB
20090325,97.13000,97.16000,97.10500,97.12000,92635,565658,LEU4_CCB
20090326,97.11000,97.16000,97.10500,97.15000,87597,567333,LEU4_CCB
20090327,97.15500,97.24000,97.14500,97.22000,103269,568033,LEU4_CCB
20090330,97.23000,97.27000,97.21000,97.26000,84503,572720,LEU4_CCB
20090331,97.26500,97.29000,97.25000,97.28500,84272,563535,LEU4_CCB
20090401,97.28500,97.31500,97.28000,97.30500,87757,563662,LEU4_CCB
20090402,97.30500,97.30500,97.15500,97.18000,236511,571875,LEU4_CCB
20090403,97.17500,97.17500,97.07000,97.08500,189547,591196,LEU4_CCB
20090406,97.06500,97.17500,97.06500,97.16500,117503,575068,LEU4_CCB
20090407,97.20000,97.21000,97.14500,97.19500,89574,568212,LEU4_CCB
20090408,97.20000,97.24000,97.19000,97.20000,80195,563080,LEU4_CCB
20090409,97.20500,97.23000,97.18500,97.20500,62988,541744,LEU4_CCB
20090414,97.20000,97.27000,97.20000,97.24500,98758,544331,LEU4_CCB
20090415,97.24000,97.29000,97.24000,97.27500,109181,552964,LEU4_CCB
20090416,97.27000,97.28500,97.23000,97.24000,77495,550116,LEU4_CCB
20090417,97.24500,97.26000,97.16500,97.18000,117400,557067,LEU4_CCB
20090420,97.17500,97.20500,97.15000,97.19000,142771,539602,LEU4_CCB
20090421,97.19500,97.21000,97.15500,97.17500,90388,538103,LEU4_CCB
20090422,97.18000,97.18500,97.14500,97.15500,108025,536678,LEU4_CCB
20090423,97.15000,97.19500,97.14500,97.18500,106141,535514,LEU4_CCB
20090424,97.18000,97.23000,97.18000,97.22000,92301,528213,LEU4_CCB
20090427,97.22500,97.26000,97.22500,97.24500,101500,528678,LEU4_CCB
20090428,97.25500,97.27500,97.24000,97.25500,110728,531810,LEU4_CCB
20090429,97.26000,97.28000,97.23500,97.27500,107441,526019,LEU4_CCB
20090430,97.27500,97.29000,97.25000,97.28500,94328,523583,LEU4_CCB
20090501,97.29000,97.29500,97.26000,97.28000,22233,523300,LEU4_CCB
20090504,97.28000,97.29500,97.26500,97.27000,47014,533041,LEU4_CCB
20090505,97.27000,97.30500,97.27000,97.29000,84388,530022,LEU4_CCB
20090506,97.29500,97.33000,97.29000,97.33000,145345,533653,LEU4_CCB
20090507,97.33000,97.41000,97.28500,97.41000,251806,544767,LEU4_CCB
20090508,97.40500,97.44500,97.38500,97.44000,197922,535547,LEU4_CCB
20090511,97.44000,97.45000,97.39500,97.41000,109314,536434,LEU4_CCB
20090512,97.40500,97.40500,97.38000,97.39000,102817,539259,LEU4_CCB
20090513,97.38500,97.43000,97.37000,97.42000,107769,531193,LEU4_CCB
20090514,97.41500,97.45000,97.41500,97.44500,130255,532351,LEU4_CCB
20090515,97.44500,97.48500,97.44000,97.47500,128348,549500,LEU4_CCB
20090518,97.47000,97.52500,97.47000,97.51000,146789,561280,LEU4_CCB
20090519,97.51500,97.51500,97.44500,97.45500,151169,564336,LEU4_CCB
20090520,97.46000,97.47000,97.39500,97.43000,176878,571444,LEU4_CCB
20090521,97.43000,97.46500,97.40500,97.41500,133134,575158,LEU4_CCB
20090522,97.42500,97.43000,97.37500,97.38000,96196,584583,LEU4_CCB
20090525,97.39000,97.40000,97.36000,97.36500,26789,580711,LEU4_CCB
20090526,97.36500,97.42000,97.35500,97.37500,103386,574895,LEU4_CCB
20090527,97.37000,97.39000,97.34500,97.37500,105808,574959,LEU4_CCB
20090528,97.38000,97.41000,97.36000,97.40500,113850,575366,LEU4_CCB
20090529,97.41500,97.45000,97.39500,97.44500,96280,575752,LEU4_CCB
20090601,97.43500,97.45000,97.41000,97.41500,86567,576654,LEU4_CCB
20090602,97.42000,97.47500,97.41000,97.47000,144709,590697,LEU4_CCB
20090603,97.46000,97.48000,97.42000,97.42500,169528,599847,LEU4_CCB
20090604,97.42000,97.43500,97.26500,97.29000,276344,569534,LEU4_CCB
20090605,97.28000,97.31000,97.23000,97.25000,269027,580452,LEU4_CCB
20090608,97.23000,97.24500,97.10000,97.23000,168247,570606,LEU4_CCB
20090609,97.24000,97.27000,97.22000,97.26000,156471,571170,LEU4_CCB
20090610,97.26000,97.30000,97.24500,97.28500,102150,563051,LEU4_CCB
20090611,97.28500,97.31000,97.27500,97.28500,146369,584393,LEU4_CCB
20090612,97.28000,97.33500,97.28000,97.33500,136516,593258,LEU4_CCB
20090615,97.34000,97.42500,97.33000,97.41500,134149,497201,LEU4_CCB
20090616,97.42000,97.43500,97.38000,97.41500,97673,505569,LEU4_CCB
20090617,97.41500,97.45500,97.40500,97.43000,117078,512134,LEU4_CCB
20090618,97.43000,97.49500,97.43000,97.44500,154591,516428,LEU4_CCB
20090619,97.45500,97.52000,97.45000,97.51000,116999,522176,LEU4_CCB
20090622,97.51000,97.53000,97.49500,97.51000,73613,520187,LEU4_CCB
20090623,97.51500,97.53500,97.47500,97.50500,126261,519353,LEU4_CCB
20090624,97.49500,97.61500,97.49000,97.57000,159673,533269,LEU4_CCB
20090625,97.57000,97.63000,97.56500,97.62000,125946,534176,LEU4_CCB
20090626,97.61500,97.63000,97.58000,97.60500,97096,521909,LEU4_CCB
20090629,97.60500,97.61500,97.55500,97.57000,81401,518695,LEU4_CCB
20090630,97.56500,97.59500,97.52000,97.56500,138438,525301,LEU4_CCB
20090701,97.56000,97.58500,97.56000,97.58500,66348,525385,LEU4_CCB
20090702,97.58500,97.67500,97.57500,97.67000,159934,528890,LEU4_CCB
20090703,97.67500,97.69000,97.64500,97.65500,53485,524708,LEU4_CCB
20090706,97.63500,97.69500,97.63500,97.68000,66349,512856,LEU4_CCB
20090707,97.67500,97.70000,97.66000,97.68500,69167,510665,LEU4_CCB
20090708,97.69000,97.70000,97.67000,97.68500,73281,502323,LEU4_CCB
20090709,97.68000,97.69000,97.65500,97.67000,54261,493467,LEU4_CCB
20090710,97.67500,97.70000,97.66000,97.66500,67244,493663,LEU4_CCB
20090713,97.67000,97.70500,97.67000,97.67000,62431,497573,LEU4_CCB
20090714,97.68000,97.68000,97.65000,97.67000,82390,485053,LEU4_CCB
20090715,97.67000,97.67500,97.65500,97.66500,70057,486110,LEU4_CCB
20090716,97.67000,97.74500,97.66500,97.73500,111127,485640,LEU4_CCB
20090717,97.74500,97.74500,97.70500,97.71500,68259,483463,LEU4_CCB
20090720,97.71000,97.74000,97.69000,97.73500,107119,495250,LEU4_CCB
20090721,97.73000,97.76000,97.71500,97.75000,101519,500034,LEU4_CCB
20090722,97.75000,97.75500,97.71500,97.72500,62349,502013,LEU4_CCB
20090723,97.72500,97.74500,97.70500,97.71000,77528,503942,LEU4_CCB
20090724,97.71000,97.73000,97.69000,97.72500,54868,510074,LEU4_CCB
20090727,97.71000,97.72500,97.69000,97.71000,50487,509478,LEU4_CCB
20090728,97.70000,97.75500,97.69500,97.72500,82380,508821,LEU4_CCB
20090729,97.72500,97.76500,97.72000,97.75000,55898,508336,LEU4_CCB
20090730,97.75500,97.82000,97.74000,97.81500,105128,521775,LEU4_CCB
20090731,97.81500,97.84500,97.80500,97.84000,106195,523250,LEU4_CCB
20090803,97.83500,97.84000,97.77500,97.78000,108384,525161,LEU4_CCB
20090804,97.78500,97.79500,97.73000,97.73500,103019,521385,LEU4_CCB
20090805,97.73500,97.75500,97.67000,97.69000,152428,522273,LEU4_CCB
20090806,97.68500,97.72000,97.67000,97.71000,101225,526636,LEU4_CCB
20090807,97.70500,97.71000,97.61000,97.67000,125778,521178,LEU4_CCB
20090810,97.66500,97.69000,97.64500,97.68500,85416,515941,LEU4_CCB
20090811,97.68500,97.71000,97.66500,97.70500,76338,526777,LEU4_CCB
20090812,97.70000,97.79000,97.70000,97.78000,99099,530796,LEU4_CCB
20090813,97.78000,97.80500,97.74500,97.80000,141596,541124,LEU4_CCB
20090814,97.80500,97.83000,97.79500,97.82000,97723,543857,LEU4_CCB
20090817,97.82500,97.85000,97.78500,97.78500,69334,541436,LEU4_CCB
20090818,97.79000,97.80000,97.76000,97.77000,109861,544438,LEU4_CCB
20090819,97.77000,97.80500,97.77000,97.79000,67367,543291,LEU4_CCB
20090820,97.78500,97.82000,97.77500,97.81500,84423,543573,LEU4_CCB
20090821,97.81000,97.82500,97.78000,97.79000,73984,545111,LEU4_CCB
20090824,97.79500,97.82500,97.78500,97.82500,60900,542082,LEU4_CCB
20090825,97.82000,97.83500,97.80500,97.83000,63438,537550,LEU4_CCB
20090826,97.82500,97.84000,97.81500,97.83500,66443,539502,LEU4_CCB
20090827,97.84000,97.88000,97.83500,97.87500,67275,554658,LEU4_CCB
20090828,97.87500,97.90000,97.85500,97.89500,108968,581162,LEU4_CCB
20090831,97.90500,97.92000,97.89500,97.90500,34300,585025,LEU4_CCB
20090901,97.90500,97.91500,97.87500,97.88500,144265,601832,LEU4_CCB
20090902,97.89000,97.89500,97.86000,97.87500,93405,598251,LEU4_CCB
20090903,97.87500,97.96000,97.86000,97.94000,248033,633813,LEU4_CCB
20090904,97.94500,97.96500,97.93000,97.96000,107947,629134,LEU4_CCB
20090907,97.97000,98.01500,97.95000,98.01000,119397,650608,LEU4_CCB
20090908,98.00000,98.03000,97.99500,98.02000,107003,652261,LEU4_CCB
20090909,98.02000,98.05500,98.01500,98.02000,169005,665763,LEU4_CCB
20090910,98.02000,98.04500,98.01500,98.04000,114054,668326,LEU4_CCB
20090911,98.04500,98.05000,98.02500,98.04000,101981,674402,LEU4_CCB
20090914,98.05000,98.05500,98.01500,98.02500,104460,494332,LEU4_CCB
20090915,98.02500,98.03000,97.97500,98.00500,110455,497141,LEU4_CCB
20090916,98.00000,98.02500,97.96000,97.97500,132286,491875,LEU4_CCB
20090917,97.95500,97.99000,97.93000,97.96500,97774,489715,LEU4_CCB
20090918,97.97000,97.99000,97.94500,97.95000,77082,487019,LEU4_CCB
20090921,97.95000,97.98000,97.92500,97.96000,97019,490201,LEU4_CCB
20090922,97.95500,98.00000,97.95000,97.99500,80424,490660,LEU4_CCB
20090923,97.99000,98.05500,97.98000,98.04500,96929,493147,LEU4_CCB
20090924,98.04000,98.05500,98.02500,98.03000,139804,492847,LEU4_CCB
20090925,98.03000,98.04000,97.99500,98.00500,76315,492947,LEU4_CCB
20090928,98.02000,98.03000,97.99500,98.02000,45158,494881,LEU4_CCB
20090929,98.01500,98.02500,97.97000,98.00000,103758,499054,LEU4_CCB
20090930,97.99500,97.99500,97.91000,97.97500,204180,497430,LEU4_CCB
20091001,97.96500,97.99500,97.94500,97.98500,113435,499381,LEU4_CCB
20091002,97.99500,98.01000,97.95500,97.99500,109235,499683,LEU4_CCB
20091005,98.01000,98.02000,97.98500,98.00500,51672,495105,LEU4_CCB
20091006,98.00500,98.00500,97.97500,97.98500,67850,495063,LEU4_CCB
20091007,97.99500,97.99500,97.93000,97.94500,155048,498252,LEU4_CCB
20091008,97.94000,97.96000,97.90000,97.90500,214932,520173,LEU4_CCB
20091009,97.90500,97.90500,97.84000,97.84500,232071,537690,LEU4_CCB
20091012,97.83500,97.89500,97.82500,97.88000,76821,534031,LEU4_CCB
20091013,97.87500,97.90500,97.86000,97.89500,108486,544514,LEU4_CCB
20091014,97.88500,97.89500,97.86000,97.87000,107818,551541,LEU4_CCB
20091015,97.87000,97.88000,97.81500,97.82000,170410,560283,LEU4_CCB
20091016,97.83500,97.84000,97.80500,97.82000,121837,575301,LEU4_CCB
20091019,97.83000,97.84500,97.80000,97.82000,119357,585953,LEU4_CCB
20091020,97.81500,97.85000,97.81500,97.84000,141628,588929,LEU4_CCB
20091021,97.84000,97.85500,97.82500,97.84000,83676,594433,LEU4_CCB
20091022,97.82500,97.87500,97.82500,97.86500,131254,599219,LEU4_CCB
20091023,97.87000,97.88500,97.83500,97.88000,110190,609784,LEU4_CCB
20091026,97.87500,97.91500,97.86500,97.90500,107843,615494,LEU4_CCB
20091027,97.91500,97.95500,97.90500,97.95000,96623,610676,LEU4_CCB
20091028,97.95000,97.97500,97.94500,97.97500,121651,605086,LEU4_CCB
20091029,97.97500,97.98000,97.91000,97.92000,140415,623872,LEU4_CCB
20091030,97.93000,97.96000,97.92000,97.94500,103762,632690,LEU4_CCB
20091102,97.94500,97.95500,97.93000,97.95000,88494,629798,LEU4_CCB
20091103,97.95000,97.99000,97.94500,97.96500,119535,631701,LEU4_CCB
20091105,97.97000,98.01500,97.92500,98.01000,310361,652471,LEU4_CCB
20091106,98.02500,98.07500,97.99500,98.07000,221148,656326,LEU4_CCB
20091109,98.06000,98.07000,98.05000,98.06000,89692,657132,LEU4_CCB
20091111,98.06500,98.09500,98.05000,98.09000,87096,663580,LEU4_CCB
20091112,98.08500,98.11000,98.08000,98.10500,139962,673688,LEU4_CCB
20091113,98.10500,98.11500,98.09500,98.10500,103579,671403,LEU4_CCB
20091116,98.10500,98.12000,98.09500,98.11500,119602,657492,LEU4_CCB
20091117,98.12000,98.12000,98.08000,98.11000,135181,672379,LEU4_CCB
20091118,98.11000,98.11500,98.09000,98.10500,78738,671010,LEU4_CCB
20091124,98.04500,98.06500,98.01500,98.03500,156583,709354,LEU4_CCB
20091125,98.03500,98.04500,97.99500,98.00000,147056,706710,LEU4_CCB
20091126,98.00000,98.05500,98.00000,98.04500,114138,705635,LEU4_CCB
20091127,98.05000,98.07500,97.98500,98.01500,175163,705870,LEU4_CCB
20091130,98.01500,98.02500,97.97500,97.99500,119674,709137,LEU4_CCB
20091202,98.02000,98.05000,98.01500,98.02500,113876,727844,LEU4_CCB
20091204,98.06000,98.09000,98.05500,98.06500,195615,737396,LEU4_CCB
20091207,98.06500,98.08500,98.03500,98.07500,95078,732175,LEU4_CCB
20091208,98.07500,98.11500,98.06500,98.11000,170121,722791,LEU4_CCB
20091209,98.11000,98.11000,98.08500,98.08500,105541,720973,LEU4_CCB
20091210,98.09000,98.10000,98.05000,98.08500,134183,725761,LEU4_CCB
20091211,98.09000,98.09500,98.06500,98.08000,153062,714423,LEU4_CCB
20091214,98.07000,98.10500,98.05500,98.08500,82197,733643,LEU4_CCB
20091215,98.08500,98.10000,98.05000,98.07000,154463,731237,LEU4_CCB
20091216,98.06000,98.14000,98.06000,98.13000,192792,730900,LEU4_CCB
20091217,98.12500,98.19000,98.12500,98.18500,161401,743324,LEU4_CCB
20091222,98.16000,98.16000,98.14000,98.15000,72270,744871,LEU4_CCB
20091223,98.14500,98.17000,98.13500,98.15500,87710,758624,LEU4_CCB
20091224,98.15000,98.16000,98.13000,98.14000,14908,767081,LEU4_CCB
20091228,98.13500,98.15500,98.12000,98.13500,41373,755374,LEU4_CCB
20091230,98.11500,98.13500,98.09000,98.10500,62295,743134,LEU4_CCB
20091231,98.09000,98.12000,98.09000,98.10500,21036,739037,LEU4_CCB
20100104,98.10500,98.12000,98.07000,98.12000,136949,724728,LEU4_CCB
20100105,98.10500,98.17000,98.10500,98.17000,169950,736793,LEU4_CCB
20100106,98.16500,98.19000,98.14500,98.18500,133808,730380,LEU4_CCB
20100107,98.18000,98.21500,98.17500,98.20000,133911,727993,LEU4_CCB
20100108,98.19500,98.23500,98.18500,98.23000,176419,730144,LEU4_CCB
20100111,98.22500,98.26500,98.21500,98.25000,157948,735900,LEU4_CCB
20100112,98.25000,98.27000,98.24500,98.26500,188703,726701,LEU4_CCB
20100113,98.26000,98.27500,98.25000,98.25500,144072,734767,LEU4_CCB
20100114,98.25500,98.30500,98.24000,98.30000,255573,759685,LEU4_CCB
20100115,98.30500,98.33000,98.29000,98.31000,172719,767924,LEU4_CCB
20100119,98.31000,98.31500,98.26500,98.29000,249742,783892,LEU4_CCB
20100120,98.29000,98.31500,98.28500,98.30500,134032,783068,LEU4_CCB
20100122,98.33000,98.35500,98.30500,98.32000,268829,799752,LEU4_CCB
20100125,98.31500,98.33500,98.30000,98.33000,114437,802693,LEU4_CCB
20100126,98.33000,98.35000,98.30000,98.30500,267154,808672,LEU4_CCB
20100127,98.30500,98.32000,98.27000,98.28000,271114,814100,LEU4_CCB
20100129,98.29500,98.30000,98.26000,98.28500,184550,826281,LEU4_CCB
20100201,98.28000,98.28500,98.25000,98.26500,205894,822164,LEU4_CCB
20100202,98.26000,98.28000,98.25000,98.26000,164599,819638,LEU4_CCB
20100203,98.26000,98.27500,98.24000,98.26500,148770,809798,LEU4_CCB
20100204,98.25500,98.32000,98.25500,98.31000,240572,809969,LEU4_CCB
20100209,98.27000,98.31500,98.25500,98.29500,253807,758715,LEU4_CCB
20100210,98.29500,98.32000,98.28000,98.30500,163937,758590,LEU4_CCB
20100212,98.35500,98.37000,98.34000,98.37000,160218,770561,LEU4_CCB
20100215,98.35000,98.39000,98.35000,98.38000,115955,769323,LEU4_CCB
20100216,98.38000,98.38500,98.36000,98.37500,138752,766117,LEU4_CCB
20100217,98.37000,98.40500,98.36500,98.39000,113468,770988,LEU4_CCB
20100218,98.39500,98.42000,98.38500,98.39000,153374,753434,LEU4_CCB
20100219,98.39000,98.39000,98.35500,98.37500,136118,753358,LEU4_CCB
20100222,98.37500,98.38500,98.36500,98.38000,69992,742995,LEU4_CCB
20100224,98.39500,98.44500,98.39000,98.43000,237294,715070,LEU4_CCB
20100225,98.43500,98.46500,98.43000,98.45500,284641,713168,LEU4_CCB
20100226,98.45000,98.46500,98.44500,98.46000,183866,685453,LEU4_CCB
20100301,98.45500,98.46000,98.42500,98.44500,108554,681040,LEU4_CCB
20100302,98.44500,98.49000,98.43500,98.45000,153128,694031,LEU4_CCB
20100303,98.44500,98.46000,98.44500,98.44500,196658,694654,LEU4_CCB
20100308,98.45000,98.47500,98.44500,98.46500,188576,688737,LEU4_CCB
20100309,98.47000,98.49500,98.46500,98.48000,231315,721187,LEU4_CCB
20100310,98.48000,98.49000,98.47500,98.48000,95995,737910,LEU4_CCB
20100311,98.48000,98.49500,98.47000,98.48000,155493,756960,LEU4_CCB
20100312,98.47500,98.48500,98.46000,98.47500,180577,764676,LEU4_CCB
20100315,98.47500,98.50500,98.47000,98.49500,153439,780711,LEU4_CCB
20100316,98.49000,98.53500,98.49000,98.52000,169704,795468,LEU4_CCB
20100317,98.52000,98.55500,98.51000,98.54000,221114,810272,LEU4_CCB
20100318,98.54000,98.56500,98.52500,98.53000,160177,814514,LEU4_CCB
20100319,98.53500,98.55000,98.51500,98.52000,100354,801118,LEU4_CCB
20100322,98.53500,98.56000,98.51500,98.55500,114900,805044,LEU4_CCB
20100323,98.55000,98.58500,98.54000,98.57500,143444,805474,LEU4_CCB
20100324,98.57000,98.59000,98.56500,98.58000,222828,796391,LEU4_CCB
20100325,98.58000,98.60500,98.56500,98.59500,220072,764696,LEU4_CCB
20100326,98.59000,98.60500,98.56000,98.57500,190643,784764,LEU4_CCB
20100329,98.56500,98.58500,98.55000,98.58000,114232,794287,LEU4_CCB
20100330,98.58000,98.59000,98.56500,98.57500,109714,805883,LEU4_CCB
20100331,98.58000,98.60500,98.56000,98.58000,248644,816651,LEU4_CCB
20100401,98.57500,98.59000,98.54500,98.55000,178132,809304,LEU4_CCB
20100406,98.54500,98.54500,98.49000,98.52500,247675,795023,LEU4_CCB
20100407,98.52500,98.56500,98.51500,98.56000,106122,800959,LEU4_CCB
20100408,98.56000,98.59000,98.55500,98.56500,202438,813703,LEU4_CCB
20100409,98.57500,98.57500,98.53500,98.54500,141991,811764,LEU4_CCB
20100412,98.53500,98.53500,98.50500,98.53500,154366,808887,LEU4_CCB
20100413,98.53500,98.55000,98.51500,98.55000,145211,813516,LEU4_CCB
20100414,98.54500,98.57000,98.52500,98.56000,163547,819714,LEU4_CCB
20100415,98.56000,98.58000,98.55000,98.56000,164727,821499,LEU4_CCB
20100416,98.56500,98.60000,98.56500,98.59500,170350,829403,LEU4_CCB
20100419,98.60000,98.62500,98.59000,98.61500,234369,819638,LEU4_CCB
20100420,98.61000,98.62500,98.60500,98.61000,175560,841398,LEU4_CCB
20100421,98.61000,98.63500,98.60500,98.61500,126202,859953,LEU4_CCB
20100422,98.62000,98.62500,98.57500,98.57500,192144,851145,LEU4_CCB
20100423,98.58000,98.58500,98.54000,98.56000,295692,836314,LEU4_CCB
20100426,98.56000,98.58500,98.55000,98.58000,155214,805610,LEU4_CCB
20100427,98.58000,98.59500,98.50500,98.50500,340983,828570,LEU4_CCB
20100428,98.50500,98.53500,98.48500,98.52000,390786,820885,LEU4_CCB
20100429,98.51500,98.56000,98.51500,98.55000,180109,832965,LEU4_CCB
20100430,98.55000,98.58500,98.51000,98.51000,157911,832904,LEU4_CCB
20100503,98.52500,98.54000,98.51500,98.52500,72266,836929,LEU4_CCB
20100504,98.53000,98.55000,98.47500,98.49500,297200,855689,LEU4_CCB
20100505,98.49000,98.56000,98.47000,98.55500,383010,866524,LEU4_CCB
20100506,98.56000,98.59500,98.43000,98.48000,589946,876170,LEU4_CCB
20100510,98.45000,98.63500,98.45000,98.61500,482176,869889,LEU4_CCB
20100511,98.60500,98.62000,98.57500,98.60500,190952,850038,LEU4_CCB
20100512,98.61000,98.64000,98.59500,98.64000,366489,780091,LEU4_CCB
20100513,98.64000,98.67000,98.61500,98.62500,162214,777479,LEU4_CCB
20100514,98.61500,98.63500,98.54500,98.56000,275408,761263,LEU4_CCB
20100517,98.56000,98.57000,98.52000,98.55000,175467,741049,LEU4_CCB
20100518,98.55500,98.61000,98.55000,98.57000,237375,725263,LEU4_CCB
20100519,98.57500,98.61000,98.55500,98.58500,160774,727587,LEU4_CCB
20100520,98.58000,98.60000,98.53000,98.55000,207146,721239,LEU4_CCB
20100521,98.54500,98.55500,98.49500,98.52500,229017,673505,LEU4_CCB
20100524,98.51500,98.52500,98.45500,98.47500,159010,666570,LEU4_CCB
20100525,98.47000,98.50500,98.40500,98.50000,325150,647687,LEU4_CCB
20100526,98.50000,98.53500,98.48000,98.52000,260356,623623,LEU4_CCB
20100527,98.51500,98.58000,98.51500,98.54000,189222,627495,LEU4_CCB
20100528,98.54500,98.59000,98.49000,98.52500,141338,620429,LEU4_CCB
20100531,98.53000,98.56500,98.52000,98.55000,28090,620050,LEU4_CCB
20100601,98.55000,98.56500,98.50500,98.53000,175032,612916,LEU4_CCB
20100602,98.52500,98.55500,98.52500,98.53500,119130,614338,LEU4_CCB
20100603,98.53500,98.56500,98.53000,98.55500,119744,613464,LEU4_CCB
20100604,98.56000,98.58500,98.54500,98.55500,153918,609194,LEU4_CCB
20100607,98.55500,98.59500,98.54500,98.58000,179057,610522,LEU4_CCB
20100608,98.58000,98.64000,98.57500,98.63500,276985,584512,LEU4_CCB
20100609,98.63000,98.65000,98.62000,98.63000,155156,582578,LEU4_CCB
20100610,98.63500,98.65500,98.60000,98.64000,284151,583697,LEU4_CCB
20100611,98.64500,98.65000,98.62500,98.64500,99274,586944,LEU4_CCB
20100614,98.63500,98.64000,98.59000,98.59500,168284,549610,LEU4_CCB
20100615,98.59500,98.61000,98.56500,98.57000,121704,531306,LEU4_CCB
20100616,98.57000,98.61000,98.56500,98.57500,94050,506122,LEU4_CCB
20100617,98.58500,98.58500,98.53000,98.55000,120969,504367,LEU4_CCB
20100618,98.55000,98.55500,98.49500,98.50000,125363,475997,LEU4_CCB
20100621,98.49000,98.50000,98.43500,98.46000,187061,444748,LEU4_CCB
20100622,98.45000,98.51500,98.44500,98.50000,126034,448352,LEU4_CCB
20100623,98.49500,98.50000,98.47500,98.49000,96179,457547,LEU4_CCB
20100624,98.48500,98.52500,98.48500,98.51000,80801,453685,LEU4_CCB
20100625,98.51000,98.53500,98.46500,98.46500,113252,460777,LEU4_CCB
20100628,98.46500,98.52000,98.46500,98.49500,65959,474605,LEU4_CCB
20100629,98.49500,98.53000,98.49000,98.52000,96220,483471,LEU4_CCB
20100630,98.52000,98.57500,98.46000,98.47500,209999,483419,LEU4_CCB
20100701,98.47500,98.48000,98.39000,98.40500,305900,473654,LEU4_CCB
20100702,98.40000,98.43500,98.39000,98.42500,105663,478430,LEU4_CCB
20100705,98.42000,98.47000,98.42000,98.44500,50151,480856,LEU4_CCB
20100706,98.45000,98.45500,98.40000,98.44000,123897,485501,LEU4_CCB
20100707,98.43500,98.45000,98.41000,98.42500,87740,485394,LEU4_CCB
20100708,98.41500,98.43000,98.36000,98.39000,166680,483805,LEU4_CCB
20100709,98.39000,98.43000,98.35500,98.41000,183427,485020,LEU4_CCB
20100712,98.41500,98.49000,98.41000,98.48000,141877,491075,LEU4_CCB
20100713,98.48500,98.50500,98.42500,98.43500,146086,485550,LEU4_CCB
20100714,98.43500,98.46500,98.41500,98.44000,124622,487026,LEU4_CCB
20100715,98.44000,98.45000,98.40000,98.41500,119813,480289,LEU4_CCB
20100716,98.41500,98.42000,98.35500,98.40500,140574,488588,LEU4_CCB
20100719,98.40000,98.40500,98.36000,98.37500,125807,498805,LEU4_CCB
20100720,98.37500,98.41500,98.37000,98.41000,103996,497368,LEU4_CCB
20100721,98.40500,98.47000,98.40000,98.46500,146612,498001,LEU4_CCB
20100722,98.46500,98.51000,98.46500,98.50000,181765,500948,LEU4_CCB
20100723,98.49500,98.51000,98.45500,98.47000,152359,492486,LEU4_CCB
20100726,98.47000,98.49000,98.44500,98.45500,146576,509214,LEU4_CCB
20100727,98.46000,98.46000,98.42000,98.44000,131377,505898,LEU4_CCB
20100728,98.44500,98.46500,98.43500,98.45500,107387,506081,LEU4_CCB
20100729,98.45500,98.48500,98.44500,98.48500,129798,508447,LEU4_CCB
20100730,98.48000,98.53500,98.46500,98.53500,183733,517791,LEU4_CCB
20100802,98.52500,98.55000,98.50000,98.51500,83050,513988,LEU4_CCB
20100803,98.52500,98.53000,98.49500,98.51500,90288,522041,LEU4_CCB
20100804,98.52000,98.53000,98.49000,98.50000,99542,504941,LEU4_CCB
20100805,98.50500,98.51000,98.46000,98.47000,141565,500561,LEU4_CCB
20100806,98.47000,98.48000,98.45500,98.45500,89496,500019,LEU4_CCB
20100809,98.45000,98.48000,98.44000,98.47000,80017,502915,LEU4_CCB
20100810,98.47000,98.52500,98.46500,98.51000,77646,503432,LEU4_CCB
20100811,98.51000,98.56500,98.50000,98.56000,157108,516803,LEU4_CCB
20100812,98.56000,98.59500,98.54000,98.56500,191873,537446,LEU4_CCB
20100813,98.57500,98.59500,98.56000,98.58000,87967,552758,LEU4_CCB
20100816,98.59000,98.59500,98.56000,98.59500,100628,562755,LEU4_CCB
20100817,98.59500,98.62500,98.56000,98.56500,124746,558532,LEU4_CCB
20100818,98.57000,98.58000,98.55000,98.56000,97204,552186,LEU4_CCB
20100819,98.56000,98.56000,98.54000,98.55000,84558,548116,LEU4_CCB
20100820,98.55500,98.62000,98.51000,98.61500,202858,567035,LEU4_CCB
20100823,98.62000,98.64500,98.61500,98.63000,180826,598009,LEU4_CCB
20100824,98.63000,98.64000,98.61000,98.62500,148020,605675,LEU4_CCB
20100825,98.62500,98.63000,98.59500,98.59500,145100,594320,LEU4_CCB
20100826,98.60500,98.61000,98.58500,98.60000,72997,602463,LEU4_CCB
20100827,98.60000,98.60000,98.56000,98.58500,72540,601708,LEU4_CCB
20100830,98.58000,98.60500,98.58000,98.60500,40548,596050,LEU4_CCB
20100831,98.60000,98.63500,98.58000,98.62000,126750,612622,LEU4_CCB
20100901,98.62500,98.63000,98.61000,98.61500,118284,621440,LEU4_CCB
20100902,98.62000,98.63000,98.60000,98.61500,204664,639916,LEU4_CCB
20100903,98.61000,98.62000,98.59000,98.59500,139444,638561,LEU4_CCB
20100906,98.59500,98.60500,98.58500,98.59500,72020,636950,LEU4_CCB
20100907,98.59500,98.60500,98.59000,98.59500,118534,634271,LEU4_CCB
20100908,98.59000,98.60000,98.56500,98.58000,194712,598270,LEU4_CCB
20100909,98.57500,98.57500,98.53500,98.54000,243359,620334,LEU4_CCB
20100910,98.54000,98.55000,98.52000,98.54000,221653,616156,LEU4_CCB
20100913,98.54000,98.54500,98.50000,98.51500,214917,550605,LEU4_CCB
20100914,98.52000,98.55000,98.51500,98.53000,140688,556947,LEU4_CCB
20100915,98.53000,98.53000,98.49000,98.49500,132576,575387,LEU4_CCB
20100916,98.49500,98.50500,98.45000,98.48500,180334,580775,LEU4_CCB
20100917,98.48000,98.50000,98.45500,98.49000,133119,578799,LEU4_CCB
20100920,98.48500,98.49000,98.46000,98.47500,131661,581185,LEU4_CCB
20100921,98.47000,98.51000,98.44500,98.50500,138745,586959,LEU4_CCB
20100922,98.50500,98.54000,98.49500,98.53500,161080,571079,LEU4_CCB
20100923,98.54000,98.58000,98.51500,98.57000,178516,561044,LEU4_CCB
20100924,98.57000,98.58500,98.54000,98.54500,135284,546620,LEU4_CCB
20100927,98.54500,98.55500,98.52000,98.53500,99905,554951,LEU4_CCB
20100928,98.53500,98.54000,98.49500,98.52000,152207,573158,LEU4_CCB
20100929,98.51500,98.53500,98.46500,98.49000,218031,597008,LEU4_CCB
20100930,98.48000,98.50000,98.41000,98.41500,336769,610458,LEU4_CCB
20101001,98.40500,98.45000,98.39000,98.45000,192345,609676,LEU4_CCB
20101004,98.45000,98.47500,98.43500,98.44500,86438,612619,LEU4_CCB
20101005,98.45000,98.48500,98.44000,98.47000,140205,623123,LEU4_CCB
20101006,98.46500,98.49500,98.46500,98.48500,146925,637302,LEU4_CCB
20101007,98.48000,98.49000,98.44500,98.46500,146421,641528,LEU4_CCB
20101008,98.46500,98.48500,98.45000,98.48500,93178,653339,LEU4_CCB
20101011,98.47500,98.50500,98.47500,98.49000,94175,630929,LEU4_CCB
20101012,98.49500,98.52500,98.48000,98.48500,197191,617647,LEU4_CCB
20101013,98.48000,98.50500,98.47500,98.50000,91346,615502,LEU4_CCB
20101014,98.49500,98.50500,98.45500,98.46000,131861,607166,LEU4_CCB
20101015,98.45500,98.47000,98.44500,98.45000,113300,609097,LEU4_CCB
20101018,98.46000,98.46000,98.40000,98.40500,143539,607284,LEU4_CCB
20101019,98.40500,98.42000,98.38000,98.39000,133519,604187,LEU4_CCB
20101020,98.39500,98.39500,98.33500,98.35000,254373,642431,LEU4_CCB
20101021,98.34000,98.37000,98.33000,98.33500,180029,646194,LEU4_CCB
20101022,98.33000,98.35000,98.31500,98.34000,102905,633660,LEU4_CCB
20101025,98.34500,98.36500,98.33000,98.35500,105628,635404,LEU4_CCB
20101026,98.35000,98.35500,98.30500,98.32500,145114,639006,LEU4_CCB
20101027,98.32500,98.35000,98.30000,98.32000,190135,637020,LEU4_CCB
20101028,98.32500,98.35500,98.32000,98.33000,147607,636251,LEU4_CCB
20101029,98.32500,98.36000,98.32500,98.35500,111617,621383,LEU4_CCB
20101101,98.35500,98.38000,98.34000,98.36500,103090,613337,LEU4_CCB
20101102,98.36000,98.37000,98.35000,98.35000,98205,606151,LEU4_CCB
20101103,98.34500,98.37500,98.34500,98.37000,86202,602542,LEU4_CCB
20101104,98.36500,98.38500,98.34500,98.37500,103108,604215,LEU4_CCB
20101105,98.37500,98.38000,98.34500,98.34500,154752,603878,LEU4_CCB
20101108,98.34500,98.36000,98.33000,98.33000,121854,608507,LEU4_CCB
20101109,98.33500,98.36500,98.33000,98.34000,138533,618121,LEU4_CCB
20101110,98.34000,98.35500,98.31500,98.33000,163260,618203,LEU4_CCB
20101111,98.32500,98.35000,98.31000,98.32000,122703,613466,LEU4_CCB
20101112,98.32000,98.35000,98.32000,98.33000,121192,611478,LEU4_CCB
20101115,98.33500,98.35500,98.31000,98.34500,116636,601528,LEU4_CCB
20101116,98.35000,98.38500,98.32000,98.36000,204242,554099,LEU4_CCB
20101117,98.36500,98.38500,98.36000,98.38000,125004,539094,LEU4_CCB
20101118,98.38000,98.40000,98.36000,98.37000,202764,518850,LEU4_CCB
20101119,98.37000,98.39000,98.36000,98.36500,100867,512374,LEU4_CCB
20101122,98.36000,98.41500,98.35500,98.40500,139247,517635,LEU4_CCB
20101123,98.40500,98.45000,98.40000,98.44000,227743,512361,LEU4_CCB
20101124,98.43500,98.44500,98.38000,98.41000,223717,516913,LEU4_CCB
20101125,98.40000,98.42500,98.38000,98.40500,93666,524160,LEU4_CCB
20101126,98.40500,98.41000,98.38500,98.39500,124880,530553,LEU4_CCB
20101129,98.39500,98.44000,98.39500,98.41000,165995,519607,LEU4_CCB
20101130,98.41000,98.45500,98.41000,98.44500,196001,516161,LEU4_CCB
20101201,98.44500,98.46500,98.43000,98.45500,165239,511303,LEU4_CCB
20101202,98.45500,98.50500,98.44500,98.49000,263065,519482,LEU4_CCB
20101203,98.49000,98.50000,98.46500,98.48500,131092,507161,LEU4_CCB
20101206,98.49000,98.50000,98.47500,98.49500,121703,496547,LEU4_CCB
20101207,98.49500,98.49500,98.48000,98.49500,98309,499096,LEU4_CCB
20101208,98.49500,98.50000,98.45000,98.47000,164688,488655,LEU4_CCB
20101209,98.47000,98.49000,98.45500,98.46000,128472,500297,LEU4_CCB
20101210,98.46500,98.48000,98.45000,98.45500,122309,504506,LEU4_CCB
20101213,98.45500,98.48500,98.40500,98.48000,178552,445079,LEU4_CCB
20101214,98.47500,98.51000,98.47000,98.48000,161966,452590,LEU4_CCB
20101215,98.48500,98.51000,98.47500,98.48500,103865,453431,LEU4_CCB
20101216,98.48500,98.50500,98.47500,98.49500,69926,461375,LEU4_CCB
20101217,98.50000,98.51000,98.48500,98.50500,59897,462946,LEU4_CCB
20101220,98.50000,98.51000,98.48500,98.48500,38474,460369,LEU4_CCB
20101221,98.48500,98.50500,98.48000,98.50500,42501,456810,LEU4_CCB
20101222,98.50000,98.58000,98.49500,98.56000,144259,469029,LEU4_CCB
20101223,98.56500,98.60000,98.56500,98.58000,65636,472147,LEU4_CCB
20101224,98.58000,98.60500,98.57000,98.60000,9858,472399,LEU4_CCB
20101227,98.59500,98.61000,98.58500,98.58500,19099,472563,LEU4_CCB
20101228,98.59000,98.62000,98.58500,98.61500,60130,468159,LEU4_CCB
20101229,98.62500,98.62500,98.60500,98.61500,51250,467924,LEU4_CCB
20101230,98.62500,98.65000,98.62000,98.64500,56699,474463,LEU4_CCB
20101231,98.64500,98.73500,98.64000,98.66000,18216,478463,LEU4_CCB
20110103,98.64500,98.69000,98.64500,98.65500,68793,476560,LEU4_CCB
20110104,98.66000,98.67000,98.62000,98.63500,119931,483618,LEU4_CCB
20110105,98.63500,98.64500,98.58500,98.59000,122180,495370,LEU4_CCB
20110106,98.59500,98.61000,98.58500,98.60000,103331,496927,LEU4_CCB
20110107,98.60000,98.61500,98.58000,98.61000,96833,495202,LEU4_CCB
20110110,98.61000,98.61500,98.58500,98.59500,62226,491823,LEU4_CCB
20110111,98.60000,98.61000,98.58000,98.58500,106029,490231,LEU4_CCB
20110112,98.58000,98.59000,98.55000,98.55500,134396,494295,LEU4_CCB
20110113,98.55500,98.56500,98.45500,98.46000,287291,489536,LEU4_CCB
20110114,98.47000,98.48000,98.43000,98.45500,198298,488680,LEU4_CCB
20110117,98.45000,98.49000,98.43000,98.46500,143447,491109,LEU4_CCB
20110118,98.46000,98.47000,98.40500,98.43500,255208,507605,LEU4_CCB
20110119,98.42000,98.47000,98.41500,98.46000,143678,505336,LEU4_CCB
20110120,98.46000,98.47000,98.39500,98.40500,205349,515163,LEU4_CCB
20110121,98.41000,98.42500,98.37000,98.37500,201268,523284,LEU4_CCB
20110124,98.37000,98.43000,98.36000,98.42500,160537,496522,LEU4_CCB
20110125,98.42500,98.44500,98.39500,98.42500,258090,558151,LEU4_CCB
20110126,98.42000,98.43500,98.39000,98.40500,185092,555772,LEU4_CCB
20110127,98.40500,98.41500,98.36000,98.37500,213254,568521,LEU4_CCB
20110128,98.37500,98.39500,98.33000,98.36500,226455,585174,LEU4_CCB
20110131,98.35500,98.37000,98.31500,98.34000,164673,580415,LEU4_CCB
20110201,98.34000,98.38500,98.31000,98.31500,306421,613850,LEU4_CCB
20110202,98.31000,98.37000,98.28500,98.29000,195679,628482,LEU4_CCB
20110203,98.28500,98.37500,98.28000,98.36000,254472,625705,LEU4_CCB
20110204,98.35500,98.37000,98.32500,98.33000,156919,623130,LEU4_CCB
20110207,98.33000,98.39500,98.31500,98.39000,147741,618927,LEU4_CCB
20110208,98.39000,98.41000,98.31500,98.32000,261029,629517,LEU4_CCB
20110209,98.32000,98.35500,98.30000,98.33500,156320,621081,LEU4_CCB
20110210,98.33500,98.37000,98.33000,98.34500,176273,624630,LEU4_CCB
20110211,98.34000,98.37500,98.34000,98.37000,107529,617899,LEU4_CCB
20110214,98.37000,98.39000,98.36000,98.37000,117132,610582,LEU4_CCB
20110215,98.37500,98.38000,98.34000,98.37000,138296,617970,LEU4_CCB
20110216,98.36500,98.39000,98.34500,98.38500,120343,627476,LEU4_CCB
20110217,98.37500,98.41000,98.37000,98.41000,143992,634178,LEU4_CCB
20110218,98.41000,98.41000,98.35500,98.37500,173571,633109,LEU4_CCB
20110221,98.37000,98.37500,98.32000,98.33000,186051,639693,LEU4_CCB
20110222,98.33000,98.36000,98.26500,98.29000,307159,613034,LEU4_CCB
20110223,98.29500,98.31000,98.26500,98.30500,208256,646286,LEU4_CCB
20110224,98.30000,98.31500,98.27000,98.29500,191952,639090,LEU4_CCB
20110225,98.29000,98.31000,98.27500,98.31000,105160,639550,LEU4_CCB
20110228,98.31000,98.32000,98.30000,98.31500,111840,647596,LEU4_CCB
20110301,98.32000,98.32500,98.30000,98.32500,140902,634322,LEU4_CCB
20110302,98.32000,98.34000,98.31000,98.31500,113015,646389,LEU4_CCB
20110303,98.31500,98.32000,98.11500,98.13000,613692,706036,LEU4_CCB
20110304,98.13000,98.18500,98.12000,98.18000,306757,725786,LEU4_CCB
20110307,98.16500,98.19000,98.16000,98.18500,187380,711716,LEU4_CCB
20110308,98.18000,98.21000,98.17000,98.18500,189312,688257,LEU4_CCB
20110309,98.18000,98.20500,98.16500,98.19500,143295,700639,LEU4_CCB
20110310,98.20000,98.22000,98.19500,98.21500,151054,706508,LEU4_CCB
20110311,98.22000,98.24500,98.21500,98.23500,206797,700758,LEU4_CCB
20110314,98.23500,98.28000,98.23500,98.26000,222259,586972,LEU4_CCB
20110315,98.26000,98.38000,98.25500,98.31500,388609,568626,LEU4_CCB
20110316,98.32500,98.45500,98.30500,98.42000,270987,577899,LEU4_CCB
20110317,98.42500,98.43500,98.32500,98.34000,195489,588712,LEU4_CCB
20110318,98.33500,98.37000,98.24500,98.28000,161930,578641,LEU4_CCB
20110321,98.28000,98.28000,98.22000,98.23000,135615,578019,LEU4_CCB
20110322,98.23000,98.25500,98.20500,98.25000,138753,578440,LEU4_CCB
20110323,98.24500,98.28500,98.24000,98.27000,135759,597879,LEU4_CCB
20110324,98.27000,98.29500,98.24500,98.25500,87629,605180,LEU4_CCB
20110325,98.25000,98.26000,98.22500,98.23000,59209,612549,LEU4_CCB
20110328,98.22000,98.23500,98.20500,98.23000,83082,610786,LEU4_CCB
20110329,98.23500,98.24000,98.21500,98.23000,92124,628220,LEU4_CCB
20110330,98.23000,98.26000,98.21000,98.25500,103017,637955,LEU4_CCB
20110331,98.26000,98.27000,98.20500,98.22000,155415,627510,LEU4_CCB
20110401,98.21500,98.22000,98.18000,98.20000,120300,635623,LEU4_CCB
20110404,98.21000,98.22500,98.20500,98.22500,53974,640157,LEU4_CCB
20110405,98.22000,98.23500,98.19000,98.21000,73949,641150,LEU4_CCB
20110406,98.21000,98.21500,98.19500,98.20000,80863,652480,LEU4_CCB
20110407,98.20500,98.21500,98.16500,98.19500,261518,661954,LEU4_CCB
20110408,98.19000,98.19000,98.12500,98.13500,162230,653017,LEU4_CCB
20110411,98.14000,98.14500,98.11500,98.14000,84661,650508,LEU4_CCB
20110412,98.14500,98.18500,98.14000,98.17500,128924,657601,LEU4_CCB
20110413,98.17500,98.18000,98.13500,98.18000,169404,661297,LEU4_CCB
20110414,98.18000,98.20000,98.16500,98.16500,126394,668047,LEU4_CCB
20110415,98.17000,98.18000,98.14500,98.18000,120233,668047,LEU4_CCB
20110418,98.18000,98.23000,98.16000,98.22000,183463,763224,LEU4_CCB
20110419,98.22500,98.23500,98.17500,98.19500,118852,748624,LEU4_CCB
20110420,98.19000,98.20000,98.16500,98.19500,116337,762427,LEU4_CCB
20110421,98.19500,98.26000,98.18000,98.25000,209972,794118,LEU4_CCB
20110426,98.25500,98.27500,98.25500,98.27500,106563,725370,LEU4_CCB
20110427,98.27500,98.28500,98.22500,98.23500,110994,715852,LEU4_CCB
20110428,98.24000,98.28500,98.23500,98.24500,102071,704504,LEU4_CCB
20110429,98.25500,98.25500,98.22500,98.25000,44266,670401,LEU4_CCB
20110502,98.24000,98.24000,98.21000,98.22000,41122,670963,LEU4_CCB
20110503,98.22500,98.24500,98.18500,98.19500,110789,711286,LEU4_CCB
20110504,98.19500,98.20000,98.13000,98.14000,238434,781599,LEU4_CCB
20110505,98.14000,98.29000,98.10000,98.29000,491808,967785,LEU4_CCB
20110506,98.29000,98.30500,98.23500,98.26000,374824,915308,LEU4_CCB
20110509,98.25500,98.29000,98.24500,98.27000,170959,746453,LEU4_CCB
20110510,98.27000,98.28500,98.25000,98.26500,167870,736459,LEU4_CCB
20110511,98.27000,98.29500,98.24500,98.27500,171108,739547,LEU4_CCB
20110512,98.27000,98.30000,98.26000,98.27000,201053,757249,LEU4_CCB
20110513,98.27000,98.27500,98.24500,98.26000,155836,606093,LEU4_CCB
20110516,98.26500,98.27000,98.22500,98.23500,121837,693174,LEU4_CCB
20110517,98.23000,98.26000,98.22500,98.24500,178588,620742,LEU4_CCB
20110518,98.25000,98.25000,98.22000,98.23000,136677,711193,LEU4_CCB
20110519,98.22500,98.24000,98.19500,98.22500,163037,690854,LEU4_CCB
20110520,98.22500,98.26500,98.21500,98.25000,126803,588678,LEU4_CCB
20110523,98.25500,98.31500,98.25500,98.30000,181261,580698,LEU4_CCB
20110524,98.30000,98.31000,98.28000,98.29500,169099,580976,LEU4_CCB
20110525,98.30500,98.34500,98.28500,98.32500,209592,603737,LEU4_CCB
20110526,98.32500,98.36000,98.31500,98.35500,163295,626167,LEU4_CCB
20110527,98.35500,98.39000,98.34000,98.37500,162548,646525,LEU4_CCB
20110530,98.37500,98.38500,98.36500,98.37500,17543,637529,LEU4_CCB
20110531,98.37500,98.37500,98.33500,98.36000,146219,636998,LEU4_CCB
20110601,98.36500,98.36500,98.34000,98.35000,134356,650533,LEU4_CCB
20110602,98.35500,98.36000,98.32500,98.33500,88013,659152,LEU4_CCB
20110603,98.34000,98.37500,98.32000,98.32500,119302,659015,LEU4_CCB
20110606,98.32500,98.34500,98.32000,98.34000,92332,662223,LEU4_CCB
20110607,98.33500,98.35500,98.30500,98.32500,157506,656064,LEU4_CCB
20110608,98.32000,98.33500,98.30500,98.33000,157220,675178,LEU4_CCB
20110609,98.33000,98.36000,98.29500,98.35500,256790,680235,LEU4_CCB
20110610,98.36000,98.39000,98.34500,98.39000,231504,708688,LEU4_CCB
20110613,98.39000,98.40000,98.36000,98.36500,157259,572295,LEU4_CCB
20110614,98.36500,98.37500,98.32500,98.33500,160891,571885,LEU4_CCB
20110615,98.33500,98.37000,98.33500,98.35500,217188,562581,LEU4_CCB
20110616,98.36500,98.37500,98.34000,98.37000,218429,561859,LEU4_CCB
20110617,98.35500,98.37500,98.31000,98.34500,170004,574254,LEU4_CCB
20110620,98.34000,98.37000,98.33000,98.33500,108374,546670,LEU4_CCB
20110621,98.34000,98.36000,98.31500,98.32000,123138,557014,LEU4_CCB
20110622,98.32500,98.37000,98.31500,98.35000,101377,557904,LEU4_CCB
20110623,98.35500,98.43500,98.32000,98.35000,207943,558131,LEU4_CCB
20110624,98.41000,98.45000,98.39000,98.43500,122742,550979,LEU4_CCB
20110627,98.43500,98.45000,98.39500,98.39500,112533,551779,LEU4_CCB
20110628,98.39000,98.42000,98.35500,98.36000,152987,547954,LEU4_CCB
20110629,98.36000,98.37000,98.30500,98.32000,216501,542695,LEU4_CCB
20110630,98.32000,98.33500,98.29000,98.30000,143075,536255,LEU4_CCB
20110701,98.29500,98.30500,98.26000,98.27500,129071,542436,LEU4_CCB
20110704,98.27500,98.28000,98.24000,98.24500,69337,532697,LEU4_CCB
20110705,98.25000,98.26500,98.23500,98.26000,110692,535396,LEU4_CCB
20110706,98.24500,98.29000,98.24500,98.27000,131292,537225,LEU4_CCB
20110707,98.26500,98.31000,98.24500,98.26500,198145,538072,LEU4_CCB
20110708,98.26000,98.34500,98.25000,98.34000,185444,557931,LEU4_CCB
20110711,98.33500,98.45500,98.33500,98.45500,265934,556095,LEU4_CCB
20110712,98.45500,98.57500,98.44000,98.47500,445481,548925,LEU4_CCB
20110713,98.49000,98.50500,98.44500,98.48000,189035,566343,LEU4_CCB
20110714,98.49000,98.50500,98.46500,98.49000,101048,575543,LEU4_CCB
20110715,98.49500,98.52500,98.49000,98.51000,108391,580497,LEU4_CCB
20110718,98.50000,98.53500,98.49500,98.51000,79222,576338,LEU4_CCB
20110719,98.51000,98.52500,98.48500,98.50000,108929,577850,LEU4_CCB
20110720,98.50000,98.51000,98.45500,98.46500,108309,581219,LEU4_CCB
20110721,98.46000,98.47000,98.39500,98.41000,153557,582757,LEU4_CCB
20110722,98.41500,98.43000,98.37500,98.41500,129261,586465,LEU4_CCB
20110725,98.41500,98.46000,98.40500,98.44000,62353,576179,LEU4_CCB
20110726,98.44500,98.45000,98.40500,98.43500,84633,582514,LEU4_CCB
20110727,98.43500,98.48000,98.43000,98.47000,112004,583235,LEU4_CCB
20110728,98.48000,98.50500,98.47000,98.48500,100671,583420,LEU4_CCB
20110729,98.49000,98.53000,98.49000,98.52000,118614,604526,LEU4_CCB
20110801,98.54000,98.55500,98.49000,98.51000,111712,602281,LEU4_CCB
20110802,98.51500,98.60000,98.51000,98.60000,225199,621202,LEU4_CCB
20110803,98.59000,98.64000,98.57000,98.60000,187128,621160,LEU4_CCB
20110804,98.60000,98.84000,98.55500,98.83500,338797,615656,LEU4_CCB
20110805,98.80000,98.95000,98.79000,98.82000,486895,601629,LEU4_CCB
20110808,98.82000,99.05000,98.80500,99.03000,376040,614193,LEU4_CCB
20110809,99.04000,99.08000,98.93500,98.99000,238951,619983,LEU4_CCB
20110810,98.99000,99.12500,98.94500,99.12500,299972,621459,LEU4_CCB
20110811,99.12000,99.12000,99.01500,99.02500,222597,618163,LEU4_CCB
20110812,99.03000,99.05000,98.91500,98.95000,262255,618706,LEU4_CCB
20110815,98.96000,98.96500,98.86500,98.89500,150225,611105,LEU4_CCB
20110816,98.88500,98.93500,98.85000,98.89500,129489,602826,LEU4_CCB
20110817,98.90000,98.94000,98.89000,98.93000,101787,606703,LEU4_CCB
20110818,98.93500,99.04000,98.93500,98.97500,138100,610154,LEU4_CCB
20110819,98.99000,99.03000,98.92000,98.96000,141341,601102,LEU4_CCB
20110822,98.96000,99.00000,98.92000,98.94500,117096,603082,LEU4_CCB
20110823,98.94500,98.96000,98.84000,98.88500,162570,598045,LEU4_CCB
20110824,98.88500,98.89000,98.83500,98.84500,102392,595266,LEU4_CCB
20110825,98.84500,98.90000,98.79000,98.89000,139684,590378,LEU4_CCB
20110826,98.88000,98.91000,98.86000,98.88500,73398,585238,LEU4_CCB
20110829,98.87500,98.89000,98.81000,98.83500,61046,582311,LEU4_CCB
20110830,98.84000,98.88000,98.83500,98.86500,114808,599835,LEU4_CCB
20110831,98.87000,98.87000,98.81500,98.83000,139807,615429,LEU4_CCB
20110901,98.82000,98.91000,98.82000,98.90000,158102,620700,LEU4_CCB
20110902,98.92500,99.00000,98.89500,98.97500,224092,650939,LEU4_CCB
20110905,98.98500,99.04000,98.97500,99.01500,153818,663376,LEU4_CCB
20110906,99.01500,99.03000,98.97000,99.01000,171787,654094,LEU4_CCB
20110907,99.01500,99.01500,98.95000,98.96500,138640,633261,LEU4_CCB
20110908,98.97000,99.05500,98.93000,99.01500,229716,645189,LEU4_CCB
20110909,98.99500,99.12500,98.99500,99.10000,298411,664507,LEU4_CCB
20110912,99.10500,99.15000,99.03500,99.04000,152170,674323,LEU4_CCB
20110913,99.04500,99.09000,98.96500,98.98000,139184,516896,LEU4_CCB
20110914,98.98000,99.01000,98.89000,98.90000,175970,504484,LEU4_CCB
20110915,98.89500,98.93500,98.77000,98.90500,216866,516263,LEU4_CCB
20110916,98.90000,98.99000,98.88000,98.98000,110978,520734,LEU4_CCB
20110919,98.97500,99.02500,98.97000,99.00000,165784,517815,LEU4_CCB
20110920,99.00000,99.03500,98.99000,99.01000,104572,519222,LEU4_CCB
20110921,99.01000,99.05500,98.99500,99.03000,115263,528202,LEU4_CCB
20110922,99.03500,99.09500,99.03000,99.07000,129008,518538,LEU4_CCB
20110923,99.06500,99.12500,99.05000,99.09500,143841,516269,LEU4_CCB
20110926,99.10000,99.15000,99.07500,99.07500,136816,520745,LEU4_CCB
20110927,99.07000,99.08000,98.95500,99.01000,190990,516605,LEU4_CCB
20110928,99.01500,99.02500,98.90000,98.94000,162426,520868,LEU4_CCB
20110929,98.94500,98.95000,98.88000,98.93000,114944,512886,LEU4_CCB
20110930,98.93000,98.95500,98.90000,98.94000,139341,521590,LEU4_CCB
20111003,98.94500,99.02500,98.93500,98.98500,113222,518837,LEU4_CCB
20111004,98.99000,99.01000,98.97000,98.98000,152930,525916,LEU4_CCB
20111005,98.97000,99.00500,98.96500,98.98500,104107,529601,LEU4_CCB
20111006,98.98000,99.06000,98.84000,98.86000,325206,524796,LEU4_CCB
20111007,98.84000,98.88000,98.81000,98.87500,190557,512206,LEU4_CCB
20111010,98.85500,98.87000,98.81500,98.83000,75337,515738,LEU4_CCB
20111011,98.83000,98.87000,98.82000,98.85000,74683,512640,LEU4_CCB
20111012,98.85000,98.86500,98.78500,98.81500,92591,516155,LEU4_CCB
20111013,98.81500,98.87000,98.80000,98.84500,92376,512672,LEU4_CCB
20111014,98.85000,98.86500,98.81500,98.83000,64476,514359,LEU4_CCB
20111017,98.81000,98.90500,98.80500,98.90000,123498,511084,LEU4_CCB
20111018,98.90500,98.92000,98.84500,98.86000,114385,521020,LEU4_CCB
20111019,98.85500,98.88000,98.83500,98.87500,104607,517993,LEU4_CCB
20111020,98.86500,98.89000,98.83000,98.85500,111510,520716,LEU4_CCB
20111021,98.86000,98.89000,98.83500,98.84500,72075,522769,LEU4_CCB
20111024,98.85000,98.88500,98.82000,98.84500,65866,525505,LEU4_CCB
20111025,98.83500,98.90000,98.83000,98.90000,84747,514661,LEU4_CCB
20111026,98.89500,98.93500,98.86500,98.90000,103274,511530,LEU4_CCB
20111027,98.89500,98.90500,98.82000,98.82500,156761,519772,LEU4_CCB
20111028,98.82000,98.89000,98.82000,98.87500,126871,520995,LEU4_CCB
20111031,98.88500,98.95000,98.87500,98.94500,108041,526703,LEU4_CCB
20111101,98.93500,99.01500,98.93000,98.98500,157056,553265,LEU4_CCB
20111102,98.98500,98.99500,98.95500,98.98000,97892,536790,LEU4_CCB
20111103,98.98500,99.16000,98.94000,99.03500,214203,536572,LEU4_CCB
20111104,99.04000,99.05000,98.97500,98.98000,169399,533962,LEU4_CCB
20111107,98.97500,99.00500,98.96500,98.98000,107900,536561,LEU4_CCB
20111108,98.98500,98.99000,98.91000,98.92500,127897,531914,LEU4_CCB
20111109,98.92000,99.00000,98.92000,98.98000,173722,518633,LEU4_CCB
20111110,98.97500,98.98500,98.93000,98.97500,117833,523242,LEU4_CCB
20111111,98.97000,98.99500,98.95000,98.99000,62208,526739,LEU4_CCB
20111114,98.96500,99.03500,98.96500,99.02000,102528,536876,LEU4_CCB
20111115,99.02000,99.04000,99.01000,99.02000,99349,526882,LEU4_CCB
20111116,99.02000,99.03500,98.95000,98.96500,132754,517091,LEU4_CCB
20111117,98.96000,98.96500,98.82000,98.83000,342357,515859,LEU4_CCB
20111118,98.84500,98.87500,98.76000,98.85500,183128,512822,LEU4_CCB
20111121,98.84500,98.89000,98.81000,98.86000,75871,500756,LEU4_CCB
20111122,98.86000,98.88000,98.84000,98.87500,93112,513653,LEU4_CCB
20111123,98.87500,98.89500,98.82500,98.84500,118776,517424,LEU4_CCB
20111124,98.84500,98.92500,98.82500,98.86500,126782,530871,LEU4_CCB
20111125,98.87000,98.91500,98.87000,98.88500,107267,526180,LEU4_CCB
20111128,98.88500,98.91000,98.84500,98.90500,92807,519107,LEU4_CCB
20111129,98.89500,99.00500,98.88000,98.99500,139425,521296,LEU4_CCB
20111130,98.99000,99.11500,98.97500,99.06500,251206,529757,LEU4_CCB
20111201,99.08000,99.10500,99.01000,99.07500,154184,524890,LEU4_CCB
20111202,99.08000,99.09500,99.00500,99.01500,139250,521275,LEU4_CCB
20111205,99.02000,99.02500,98.97000,99.00500,96809,508652,LEU4_CCB
20111206,99.00000,99.02000,98.99000,99.01500,92626,508365,LEU4_CCB
20111207,99.02500,99.08000,99.01000,99.05500,143414,516980,LEU4_CCB
20111208,99.06000,99.11000,98.97000,98.99000,278453,517976,LEU4_CCB
20111209,98.98000,98.99000,98.90500,98.92500,225201,507240,LEU4_CCB
20111212,98.91500,98.93500,98.89000,98.90000,107144,505134,LEU4_CCB
20111213,98.89500,98.90500,98.87500,98.89000,70984,394829,LEU4_CCB
20111214,98.88500,98.90000,98.84000,98.87000,90910,393982,LEU4_CCB
20111215,98.87000,98.94000,98.85000,98.93500,100367,395055,LEU4_CCB
20111216,98.92500,98.96000,98.92000,98.93500,54807,397304,LEU4_CCB
20111219,98.93500,98.95500,98.92000,98.94000,93737,391638,LEU4_CCB
20111220,98.93500,98.96500,98.92000,98.96500,89293,397059,LEU4_CCB
20111221,98.96000,99.00000,98.89500,98.90000,129968,399967,LEU4_CCB
20111222,98.90000,98.91000,98.86000,98.90500,63766,399460,LEU4_CCB
20111223,98.91000,98.92000,98.89000,98.91500,17476,398108,LEU4_CCB
20111227,98.92500,99.02000,98.90500,98.97500,21818,400541,LEU4_CCB
20111228,98.97500,98.98500,98.95500,98.98500,43816,405066,LEU4_CCB
20111229,98.98500,99.02000,98.98500,99.00000,45335,406907,LEU4_CCB
20111230,99.00500,99.02500,99.00000,99.01000,33757,405745,LEU4_CCB
20120102,99.01500,99.02500,98.98000,98.99000,51468,410645,LEU4_CCB
20120103,98.98500,99.01000,98.97500,98.99500,71946,411631,LEU4_CCB
20120104,99.00500,99.02500,98.99500,99.02000,81038,406307,LEU4_CCB
20120105,99.01500,99.04500,99.00500,99.03500,89237,413762,LEU4_CCB
20120106,99.03500,99.04000,99.00500,99.03500,117384,420499,LEU4_CCB
20120109,99.04500,99.04500,99.01500,99.03500,49483,416053,LEU4_CCB
20120110,99.03500,99.04500,98.99000,99.02500,109202,420201,LEU4_CCB
20120111,99.02500,99.06500,99.01000,99.05500,121817,430639,LEU4_CCB
20120112,99.06000,99.10500,99.05000,99.10000,167937,439385,LEU4_CCB
20120113,99.10500,99.17000,99.09000,99.16000,208727,460152,LEU4_CCB
20120116,99.17000,99.17500,99.15000,99.15500,98284,487944,LEU4_CCB
20120117,99.15500,99.17000,99.10500,99.11500,128163,497288,LEU4_CCB
20120118,99.11500,99.13000,99.10000,99.10500,99040,501962,LEU4_CCB
20120119,99.11000,99.12000,99.09500,99.10500,70445,505779,LEU4_CCB
20120120,99.10500,99.15000,99.10000,99.15000,107898,515102,LEU4_CCB
20120123,99.15000,99.18500,99.13500,99.18000,89573,522728,LEU4_CCB
20120124,99.17000,99.20000,99.11500,99.12500,148129,517740,LEU4_CCB
20120125,99.13000,99.15000,99.09000,99.13500,139139,502325,LEU4_CCB
20120126,99.13500,99.17000,99.12000,99.14000,123594,508427,LEU4_CCB
20120127,99.13000,99.15000,99.08000,99.08500,105102,500437,LEU4_CCB
20120130,99.09000,99.12500,99.09000,99.11000,76048,495807,LEU4_CCB
20120131,99.11000,99.20000,99.11000,99.18500,177883,523336,LEU4_CCB
20120201,99.18000,99.23000,99.17500,99.21500,164977,526997,LEU4_CCB
20120202,99.21000,99.22500,99.18000,99.20500,157100,520943,LEU4_CCB
20120203,99.20500,99.20500,99.15500,99.17000,118908,494499,LEU4_CCB
20120206,99.17000,99.20500,99.15500,99.20000,124875,486828,LEU4_CCB
20120207,99.19500,99.21500,99.18500,99.19000,97062,483892,LEU4_CCB
20120208,99.19000,99.20000,99.17000,99.18000,91390,483510,LEU4_CCB
20120209,99.18000,99.19000,99.14500,99.15500,129865,478848,LEU4_CCB
20120210,99.16000,99.17000,99.11500,99.12500,156419,464942,LEU4_CCB
20120213,99.11500,99.14000,99.10500,99.11500,68646,464297,LEU4_CCB
20120214,99.11500,99.16000,99.09500,99.14500,95185,462963,LEU4_CCB
20120215,99.15000,99.15000,99.12000,99.14000,80242,465638,LEU4_CCB
20120216,99.14000,99.16000,99.10500,99.11000,118671,471519,LEU4_CCB
20120217,99.10500,99.14000,99.10000,99.12500,71268,464076,LEU4_CCB
20120220,99.13000,99.15000,99.11500,99.15000,60791,463229,LEU4_CCB
20120221,99.15000,99.16500,99.14500,99.15500,69761,459710,LEU4_CCB
20120222,99.15000,99.16000,99.12500,99.13500,72590,459672,LEU4_CCB
20120223,99.13500,99.14500,99.12000,99.12500,94921,464983,LEU4_CCB
20120224,99.12500,99.18000,99.12000,99.17500,101185,462407,LEU4_CCB
20120227,99.17500,99.21500,99.15500,99.21500,132672,474731,LEU4_CCB
20120228,99.21500,99.22500,99.19500,99.21500,127328,474166,LEU4_CCB
20120229,99.21000,99.26000,99.21000,99.25000,231445,469102,LEU4_CCB
20120301,99.25500,99.27500,99.23000,99.27000,126944,465078,LEU4_CCB
20120302,99.26500,99.31500,99.26000,99.31000,175725,470237,LEU4_CCB
20120305,99.30000,99.31500,99.26000,99.27000,126658,454665,LEU4_CCB
20120306,99.27500,99.29000,99.25500,99.26000,112492,452294,LEU4_CCB
20120307,99.26500,99.27000,99.24000,99.26000,100837,452113,LEU4_CCB
20120308,99.26000,99.27500,99.23000,99.25500,126134,454878,LEU4_CCB
20120309,99.25000,99.28000,99.25000,99.26500,75271,456662,LEU4_CCB
20120312,99.27000,99.28000,99.24500,99.26500,108110,460548,LEU4_CCB
20120313,99.27000,99.27000,99.23500,99.24000,78771,492882,LEU4_CCB
20120314,99.23500,99.24500,99.20500,99.20500,152650,481858,LEU4_CCB
20120315,99.20500,99.22000,99.18500,99.21000,171367,468926,LEU4_CCB
20120316,99.21000,99.23000,99.18000,99.20000,180391,469574,LEU4_CCB
20120319,99.20000,99.25000,99.20000,99.24500,180506,477137,LEU4_CCB
20120320,99.24000,99.28500,99.23500,99.28000,151964,495078,LEU4_CCB
20120321,99.28000,99.29000,99.26500,99.28500,142871,508730,LEU4_CCB
20120322,99.28500,99.30000,99.26500,99.27000,162666,502965,LEU4_CCB
20120323,99.26500,99.28500,99.26000,99.27500,105681,503290,LEU4_CCB
20120326,99.28000,99.29000,99.27000,99.28500,76154,507820,LEU4_CCB
20120327,99.28500,99.30500,99.27500,99.29000,99699,512495,LEU4_CCB
20120328,99.28500,99.29000,99.26000,99.28000,62638,511667,LEU4_CCB
20120329,99.28000,99.28500,99.24000,99.24500,124421,508656,LEU4_CCB
20120330,99.24000,99.26000,99.21500,99.24500,101675,502521,LEU4_CCB
20120402,99.24500,99.26000,99.24000,99.25500,53034,502445,LEU4_CCB
20120403,99.25500,99.26000,99.22500,99.23000,74724,494833,LEU4_CCB
20120404,99.23000,99.24000,99.21500,99.22000,90967,488074,LEU4_CCB
20120405,99.22000,99.25500,99.21000,99.23500,93481,497870,LEU4_CCB
20120410,99.24500,99.26000,99.19000,99.22500,166158,489478,LEU4_CCB
20120411,99.21500,99.23000,99.20000,99.22000,122687,496295,LEU4_CCB
20120412,99.22000,99.25500,99.22000,99.25500,94041,498896,LEU4_CCB
20120413,99.24500,99.26000,99.24000,99.25000,58684,506878,LEU4_CCB
20120416,99.25000,99.25500,99.21000,99.22000,98052,498549,LEU4_CCB
20120417,99.21500,99.24500,99.21000,99.24000,75681,502733,LEU4_CCB
20120418,99.24000,99.26500,99.23000,99.26500,103788,514008,LEU4_CCB
20120419,99.27000,99.27000,99.23500,99.24000,81155,511925,LEU4_CCB
20120420,99.23500,99.24500,99.22500,99.23000,79954,509053,LEU4_CCB
20120423,99.23500,99.25500,99.22500,99.24000,72970,517317,LEU4_CCB
20120424,99.24000,99.26000,99.24000,99.25500,79487,514979,LEU4_CCB
20120425,99.25500,99.29000,99.25000,99.29000,145910,533417,LEU4_CCB
20120426,99.28000,99.33000,99.27000,99.32500,191947,515921,LEU4_CCB
20120427,99.32000,99.34000,99.30500,99.33000,130908,494982,LEU4_CCB
20120430,99.33000,99.36500,99.32000,99.35500,125557,495975,LEU4_CCB
20120501,99.36000,99.36500,99.35000,99.35500,29397,495051,LEU4_CCB
20120502,99.35000,99.38000,99.34000,99.37000,118570,505260,LEU4_CCB
20120503,99.37000,99.38500,99.34000,99.35500,175047,507127,LEU4_CCB
20120504,99.36000,99.38000,99.35500,99.37500,78414,519509,LEU4_CCB
20120507,99.38000,99.38500,99.36000,99.36500,40769,525760,LEU4_CCB
20120508,99.36000,99.37500,99.29500,99.31000,177310,516192,LEU4_CCB
20120509,99.31000,99.32000,99.26500,99.28000,270046,489218,LEU4_CCB
20120510,99.28000,99.32000,99.26500,99.31500,159803,514568,LEU4_CCB
20120511,99.31000,99.32000,99.27000,99.27500,170039,523511,LEU4_CCB
20120514,99.27500,99.28000,99.21500,99.24000,241234,505842,LEU4_CCB
20120515,99.24000,99.27500,99.23000,99.25500,162218,497872,LEU4_CCB
20120516,99.25500,99.29500,99.22000,99.28000,155090,502286,LEU4_CCB
20120517,99.28500,99.29000,99.25000,99.25500,132829,495865,LEU4_CCB
20120518,99.25500,99.28000,99.24000,99.26000,68410,495016,LEU4_CCB
20120521,99.25500,99.27500,99.25000,99.27500,54965,503196,LEU4_CCB
20120522,99.27500,99.31000,99.26500,99.29500,103756,508696,LEU4_CCB
20120523,99.29500,99.32500,99.28000,99.31000,112632,501409,LEU4_CCB
20120524,99.30500,99.35500,99.29500,99.35000,145031,501155,LEU4_CCB
20120525,99.35000,99.36500,99.34000,99.35000,71160,494670,LEU4_CCB
20120528,99.35000,99.37000,99.35000,99.36500,37985,498114,LEU4_CCB
20120529,99.36000,99.39000,99.34000,99.35000,79288,493139,LEU4_CCB
20120530,99.34500,99.39000,99.34000,99.37500,108541,495922,LEU4_CCB
20120531,99.37000,99.38500,99.34500,99.37000,113826,496949,LEU4_CCB
20120601,99.37000,99.38000,99.35000,99.36000,124456,512536,LEU4_CCB
20120604,99.35500,99.37500,99.34500,99.36000,51852,517034,LEU4_CCB
20120605,99.35500,99.37000,99.35500,99.37000,40148,511014,LEU4_CCB
20120606,99.36500,99.39500,99.33500,99.35000,196378,512546,LEU4_CCB
20120607,99.35000,99.35500,99.30500,99.31500,205258,488110,LEU4_CCB
20120608,99.31500,99.37000,99.30500,99.34000,147696,488075,LEU4_CCB
20120611,99.33500,99.34500,99.30500,99.32500,98361,481377,LEU4_CCB
20120612,99.32500,99.33500,99.30000,99.30500,97415,488677,LEU4_CCB
20120613,99.31000,99.32500,99.27500,99.28500,117789,497362,LEU4_CCB
20120614,99.29000,99.32500,99.25500,99.31500,134275,485387,LEU4_CCB
20120615,99.31000,99.39500,99.31000,99.38000,166572,497064,LEU4_CCB
20120618,99.38000,99.41500,99.36500,99.40000,124359,485337,LEU4_CCB
20120619,99.40000,99.41000,99.36500,99.37000,81141,490631,LEU4_CCB
20120620,99.37000,99.39500,99.36000,99.38500,126316,490715,LEU4_CCB
20120621,99.38500,99.43000,99.37000,99.42500,135261,497704,LEU4_CCB
20120622,99.42500,99.44000,99.40500,99.42500,82491,503106,LEU4_CCB
20120625,99.43000,99.44500,99.42000,99.44000,45671,508631,LEU4_CCB
20120626,99.43500,99.44500,99.40000,99.41000,83108,507083,LEU4_CCB
20120627,99.41000,99.43000,99.40000,99.41500,95647,510597,LEU4_CCB
20120628,99.41500,99.44000,99.40500,99.42000,91717,516952,LEU4_CCB
20120629,99.41500,99.42500,99.39000,99.41500,96879,512455,LEU4_CCB
20120702,99.41500,99.45500,99.40500,99.44000,86617,516754,LEU4_CCB
20120703,99.44000,99.46000,99.41500,99.45000,97116,513507,LEU4_CCB
20120704,99.45000,99.46000,99.44000,99.45000,93233,519527,LEU4_CCB
20120705,99.45000,99.51000,99.40000,99.49500,258760,534319,LEU4_CCB
20120706,99.50000,99.51000,99.48500,99.49500,110959,530163,LEU4_CCB
20120709,99.49500,99.50500,99.46000,99.47000,90480,530908,LEU4_CCB
20120710,99.46500,99.50500,99.46500,99.48500,66567,530617,LEU4_CCB
20120711,99.48000,99.51500,99.47500,99.51000,87112,525956,LEU4_CCB
20120712,99.50500,99.54500,99.50000,99.53500,134513,519114,LEU4_CCB
20120713,99.53000,99.56000,99.53000,99.55500,110264,519495,LEU4_CCB
20120716,99.55500,99.57000,99.55000,99.55500,69862,527247,LEU4_CCB
20120717,99.55500,99.56000,99.53500,99.54500,92929,522104,LEU4_CCB
20120718,99.54500,99.57000,99.53500,99.57000,87140,522672,LEU4_CCB
20120719,99.56500,99.57500,99.55500,99.57500,62178,510814,LEU4_CCB
20120720,99.57000,99.60000,99.56000,99.59500,89466,512371,LEU4_CCB
20120723,99.59500,99.60500,99.56500,99.57500,186399,541469,LEU4_CCB
20120724,99.57000,99.59000,99.56500,99.57500,108007,548083,LEU4_CCB
20120725,99.58000,99.59000,99.54500,99.57500,98478,535793,LEU4_CCB
20120726,99.56500,99.58500,99.56500,99.57500,74407,536494,LEU4_CCB
20120727,99.57000,99.70500,99.56500,99.69000,109719,538182,LEU4_CCB
20120730,99.68500,99.69000,99.63500,99.69000,179767,535649,LEU4_CCB
20120731,99.65500,99.68000,99.64000,99.64500,153413,511334,LEU4_CCB
20120801,99.65000,99.66000,99.62500,99.64500,118602,507076,LEU4_CCB
20120802,99.65000,99.66500,99.61500,99.62500,226047,500982,LEU4_CCB
20120803,99.62500,99.63000,99.59000,99.59500,107426,498973,LEU4_CCB
20120806,99.59500,99.65000,99.59000,99.64000,72354,494504,LEU4_CCB
20120807,99.64500,99.65000,99.62000,99.62500,94177,505801,LEU4_CCB
20120808,99.63000,99.66000,99.62500,99.64500,63019,505500,LEU4_CCB
20120809,99.64000,99.67500,99.63500,99.66000,91169,498982,LEU4_CCB
20120810,99.66000,99.68000,99.65500,99.67000,78082,501988,LEU4_CCB
20120813,99.67000,99.67500,99.65000,99.65000,50387,507539,LEU4_CCB
20120814,99.65500,99.66500,99.64500,99.65500,35824,509603,LEU4_CCB
20120815,99.65500,99.66000,99.64500,99.64500,56350,516186,LEU4_CCB
20120816,99.64500,99.65500,99.64000,99.65000,56054,512226,LEU4_CCB
20120817,99.65500,99.68000,99.64000,99.67500,108531,522806,LEU4_CCB
20120820,99.67000,99.69500,99.67000,99.68500,83361,527385,LEU4_CCB
20120821,99.68000,99.69500,99.67000,99.68000,73581,526413,LEU4_CCB
20120822,99.67000,99.69500,99.67000,99.68500,70526,529983,LEU4_CCB
20120823,99.69000,99.70500,99.68000,99.70000,58815,526830,LEU4_CCB
20120824,99.70000,99.71000,99.68000,99.69000,71833,518846,LEU4_CCB
20120827,99.69000,99.70000,99.67500,99.69000,41646,516827,LEU4_CCB
20120828,99.69500,99.70000,99.67500,99.68000,84636,525937,LEU4_CCB
20120829,99.68000,99.69500,99.67500,99.68000,46154,525201,LEU4_CCB
20120830,99.68000,99.70500,99.67500,99.68500,129489,538383,LEU4_CCB
20120831,99.68500,99.70000,99.68000,99.69000,102978,549320,LEU4_CCB
20120903,99.69000,99.70000,99.68000,99.69000,62719,541356,LEU4_CCB
20120904,99.69000,99.70000,99.68000,99.69000,93334,543274,LEU4_CCB
20120905,99.69500,99.71500,99.69000,99.70000,158926,564181,LEU4_CCB
20120906,99.70000,99.70500,99.67500,99.68000,189958,547768,LEU4_CCB
20120907,99.67500,99.69000,99.67000,99.68500,127371,538028,LEU4_CCB
20120910,99.69000,99.70000,99.67500,99.69000,92683,540349,LEU4_CCB
20120911,99.69500,99.70500,99.69000,99.70000,103040,521195,LEU4_CCB
20120912,99.70000,99.70000,99.67500,99.68000,157894,515193,LEU4_CCB
20120913,99.68000,99.70500,99.67000,99.70000,158645,456229,LEU4_CCB
20120914,99.69500,99.70500,99.67000,99.67000,104622,462296,LEU4_CCB
20120917,99.67500,99.70000,99.66500,99.69500,82186,458032,LEU4_CCB
20120918,99.69500,99.71500,99.69000,99.71000,75847,458069,LEU4_CCB
20120919,99.70500,99.73500,99.70000,99.72000,124101,465116,LEU4_CCB
20120920,99.72500,99.77000,99.72000,99.75500,129955,479551,LEU4_CCB
20120921,99.76000,99.78000,99.74500,99.76500,117370,497618,LEU4_CCB
20120924,99.76500,99.78000,99.74500,99.76000,79067,490121,LEU4_CCB
20120925,99.76000,99.76500,99.72000,99.74000,120633,487034,LEU4_CCB
20120926,99.73500,99.74000,99.70000,99.71000,147052,494488,LEU4_CCB
20120927,99.71000,99.74000,99.69500,99.73500,142543,507412,LEU4_CCB
20120928,99.73000,99.76000,99.73000,99.74500,103933,497365,LEU4_CCB
20121001,99.74500,99.75500,99.71000,99.72500,125594,489441,LEU4_CCB
20121002,99.72000,99.73500,99.71500,99.73000,54969,485334,LEU4_CCB
20121003,99.72500,99.75000,99.72500,99.75000,70134,486880,LEU4_CCB
20121004,99.74500,99.75000,99.71500,99.73000,96377,485931,LEU4_CCB
20121005,99.73000,99.75000,99.72500,99.73000,93097,495846,LEU4_CCB
20121008,99.73000,99.75000,99.72500,99.74000,71672,497757,LEU4_CCB
20121009,99.74000,99.75500,99.74000,99.75000,90947,506636,LEU4_CCB
20121010,99.75000,99.76000,99.74000,99.75000,76347,519901,LEU4_CCB
20121011,99.74500,99.76000,99.73500,99.74000,55444,518241,LEU4_CCB
20121012,99.74000,99.74500,99.72500,99.73500,62978,521329,LEU4_CCB
20121015,99.73500,99.73500,99.71500,99.71500,80874,524102,LEU4_CCB
20121016,99.71500,99.73000,99.70000,99.70500,109344,527325,LEU4_CCB
20121017,99.70500,99.72000,99.70000,99.70500,139069,539017,LEU4_CCB
20121018,99.70500,99.72000,99.70000,99.71000,94233,546102,LEU4_CCB
20121019,99.71000,99.72000,99.70500,99.70500,45260,526020,LEU4_CCB
20121022,99.70500,99.71000,99.68500,99.70000,124586,533412,LEU4_CCB
20121023,99.69500,99.71000,99.69000,99.70500,50893,511568,LEU4_CCB
20121024,99.70500,99.72000,99.69500,99.71500,70241,509061,LEU4_CCB
20121025,99.71500,99.72000,99.69500,99.71500,110908,519795,LEU4_CCB
20121026,99.71500,99.73500,99.71500,99.72500,101320,510633,LEU4_CCB
20121029,99.73000,99.74500,99.73000,99.73500,112228,496754,LEU4_CCB
20121030,99.73500,99.74000,99.72000,99.73000,74158,502853,LEU4_CCB
20121031,99.73000,99.73500,99.71500,99.72000,106298,500976,LEU4_CCB
20121101,99.71500,99.73000,99.71000,99.73000,117505,496421,LEU4_CCB
20121102,99.73000,99.74500,99.72000,99.74500,128329,502100,LEU4_CCB
20121105,99.74500,99.76000,99.74000,99.76000,116998,510884,LEU4_CCB
20121106,99.75500,99.76500,99.75000,99.76000,124359,518044,LEU4_CCB
20121107,99.76500,99.79000,99.75500,99.78500,113335,530830,LEU4_CCB
20121108,99.78500,99.79000,99.76000,99.78500,146495,541521,LEU4_CCB
20121109,99.78500,99.79000,99.77500,99.78000,87465,553460,LEU4_CCB
20121112,99.77500,99.78500,99.77500,99.78000,31957,555175,LEU4_CCB
20121113,99.78000,99.78500,99.77000,99.78000,57543,559994,LEU4_CCB
20121114,99.77500,99.80500,99.77500,99.78500,43862,573547,LEU4_CCB
20121115,99.78000,99.78500,99.77500,99.78000,59458,569062,LEU4_CCB
20121116,99.78000,99.78500,99.76500,99.77500,86038,563612,LEU4_CCB
20121119,99.77000,99.77500,99.76500,99.77000,58676,547861,LEU4_CCB
20121120,99.77000,99.77500,99.76000,99.76000,50479,543631,LEU4_CCB
20121121,99.76500,99.77000,99.75500,99.76500,59872,540916,LEU4_CCB
20121122,99.76000,99.77000,99.75000,99.75500,59975,533058,LEU4_CCB
20121123,99.75500,99.76000,99.75000,99.75500,34966,529436,LEU4_CCB
20121126,99.75500,99.76500,99.75500,99.75500,41367,523985,LEU4_CCB
20121127,99.75500,99.76000,99.75000,99.75500,48441,525271,LEU4_CCB
20121128,99.75500,99.77500,99.75500,99.77000,78967,525530,LEU4_CCB
20121129,99.76500,99.77000,99.75000,99.75500,77563,517841,LEU4_CCB
20121130,99.76000,99.76000,99.74500,99.75000,146212,518044,LEU4_CCB
20121203,99.75500,99.76000,99.75000,99.75000,123964,493084,LEU4_CCB
20121204,99.75000,99.77000,99.75000,99.76500,74362,493542,LEU4_CCB
20121205,99.76500,99.78000,99.76000,99.77500,83146,505333,LEU4_CCB
20121206,99.77000,99.80000,99.76000,99.79000,163870,498033,LEU4_CCB
20121207,99.79000,99.84000,99.78500,99.81000,229596,498871,LEU4_CCB
20121210,99.81500,99.83000,99.80500,99.80500,104736,493486,LEU4_CCB
20121211,99.81000,99.82500,99.79000,99.79500,142215,509436,LEU4_CCB
20121212,99.79000,99.80000,99.78500,99.79000,181330,523324,LEU4_CCB
20121213,99.79500,99.80000,99.78500,99.79500,69604,520875,LEU4_CCB
20121214,99.79500,99.80000,99.78000,99.78500,55002,521702,LEU4_CCB
20121217,99.78000,99.78500,99.76000,99.76500,109250,520158,LEU4_CCB
20121218,99.76000,99.78000,99.76000,99.77500,152764,532471,LEU4_CCB
20121219,99.77000,99.78500,99.76000,99.77000,105201,534750,LEU4_CCB
20121220,99.77500,99.77500,99.76000,99.77000,52589,531671,LEU4_CCB
20121221,99.76500,99.79000,99.76000,99.77000,48539,529345,LEU4_CCB
20121224,99.76500,99.77000,99.74500,99.74500,13623,525987,LEU4_CCB
20121227,99.74500,99.76000,99.65000,99.75500,72803,520359,LEU4_CCB
20121228,99.74500,99.77000,99.74000,99.76000,45892,515426,LEU4_CCB
20121231,99.76000,99.76500,99.75000,99.76000,6774,514569,LEU4_CCB
20130102,99.75500,99.76500,99.75000,99.76000,64831,535004,LEU4_CCB
20130103,99.75500,99.76500,99.72500,99.73000,101432,523434,LEU4_CCB
20130104,99.72500,99.74000,99.68500,99.71000,221965,530313,LEU4_CCB
20130107,99.70000,99.72500,99.70000,99.71500,137389,532455,LEU4_CCB
20130108,99.71500,99.73500,99.70000,99.73000,83325,527804,LEU4_CCB
20130109,99.72500,99.75500,99.72500,99.73500,106408,536105,LEU4_CCB
20130110,99.73500,99.75500,99.68500,99.69000,241848,519892,LEU4_CCB
20130111,99.68500,99.69000,99.64000,99.65500,294802,521662,LEU4_CCB
20130114,99.65000,99.65000,99.62500,99.63000,201848,520798,LEU4_CCB
20130115,99.62500,99.65000,99.62000,99.64000,135259,507502,LEU4_CCB
20130116,99.64000,99.67000,99.63000,99.65000,161450,525815,LEU4_CCB
20130117,99.65000,99.66500,99.54500,99.55500,394880,537473,LEU4_CCB
20130118,99.55000,99.61500,99.53500,99.60000,370331,550802,LEU4_CCB
20130121,99.59500,99.62000,99.59000,99.60500,93542,559771,LEU4_CCB
20130122,99.60500,99.62500,99.59000,99.62500,117111,551606,LEU4_CCB
20130123,99.62000,99.63000,99.60500,99.62000,98965,554125,LEU4_CCB
20130124,99.62000,99.63500,99.59000,99.60500,160084,554543,LEU4_CCB
20130125,99.60000,99.61000,99.47500,99.51000,435657,563220,LEU4_CCB
20130128,99.51000,99.53000,99.48500,99.52000,259706,576616,LEU4_CCB
20130129,99.51500,99.57000,99.51500,99.55000,198418,565332,LEU4_CCB
20130130,99.54500,99.55000,99.52000,99.54500,286690,595329,LEU4_CCB
20130131,99.54500,99.56000,99.53000,99.54500,213381,598333,LEU4_CCB
20130201,99.54000,99.58000,99.53000,99.55000,291664,590808,LEU4_CCB
20130204,99.55000,99.59500,99.55000,99.59500,137484,595450,LEU4_CCB
20130205,99.59000,99.60000,99.56000,99.58000,122811,587684,LEU4_CCB
20130206,99.58000,99.59500,99.57500,99.59000,90985,587146,LEU4_CCB
20130207,99.59000,99.63000,99.58000,99.62500,225930,580260,LEU4_CCB
20130208,99.63000,99.64000,99.62000,99.63000,92729,581059,LEU4_CCB
20130211,99.62500,99.63500,99.61500,99.63000,73742,586845,LEU4_CCB
20130212,99.63000,99.64000,99.62000,99.63000,98185,587938,LEU4_CCB
20130213,99.62500,99.63000,99.61500,99.63000,100986,594088,LEU4_CCB
20130214,99.63000,99.66000,99.63000,99.65500,157270,593725,LEU4_CCB
20130215,99.65000,99.66500,99.64500,99.65500,114822,572221,LEU4_CCB
20130218,99.65500,99.66000,99.64500,99.65000,73401,575998,LEU4_CCB
20130219,99.65500,99.66500,99.64500,99.65000,89572,567156,LEU4_CCB
20130220,99.64500,99.65000,99.63500,99.64000,101355,570357,LEU4_CCB
20130221,99.63500,99.66000,99.63500,99.65500,129428,580024,LEU4_CCB
20130222,99.65500,99.70500,99.64500,99.70000,249138,566035,LEU4_CCB
20130225,99.70000,99.71000,99.69000,99.70500,134253,564079,LEU4_CCB
20130226,99.70000,99.72500,99.70000,99.70500,142186,571655,LEU4_CCB
20130227,99.71000,99.72000,99.70500,99.71500,104741,559207,LEU4_CCB
20130228,99.71500,99.75000,99.70500,99.73500,204313,579588,LEU4_CCB
20130301,99.74000,99.76000,99.73000,99.73500,121423,560631,LEU4_CCB
20130304,99.74000,99.75000,99.73500,99.74000,78023,560770,LEU4_CCB
20130305,99.74000,99.74500,99.72500,99.73500,120445,563694,LEU4_CCB
20130306,99.73000,99.76500,99.72500,99.74500,162829,575516,LEU4_CCB
20130307,99.75000,99.75000,99.70000,99.71000,283692,575013,LEU4_CCB
20130308,99.70500,99.72000,99.69500,99.71500,152237,585766,LEU4_CCB
20130311,99.71000,99.72000,99.71000,99.71500,89951,586442,LEU4_CCB
20130312,99.71000,99.72500,99.70500,99.72000,67052,593492,LEU4_CCB
20130313,99.72000,99.72500,99.71000,99.71500,125702,429266,LEU4_CCB
20130314,99.71000,99.71500,99.70500,99.71000,83557,419164,LEU4_CCB
20130315,99.70500,99.72500,99.67500,99.72000,66924,417968,LEU4_CCB
20130318,99.71500,99.74000,99.69000,99.71000,122672,401486,LEU4_CCB
20130319,99.71000,99.71500,99.58000,99.61000,294436,400164,LEU4_CCB
20130320,99.60500,99.67000,99.60000,99.63500,247962,388156,LEU4_CCB
20130321,99.63000,99.67500,99.62500,99.63000,192971,382078,LEU4_CCB
20130322,99.63500,99.65500,99.58500,99.63000,163689,351500,LEU4_CCB
20130325,99.64000,99.69000,99.63000,99.65000,212952,370043,LEU4_CCB
20130326,99.65000,99.68500,99.64000,99.66000,141035,360731,LEU4_CCB
20130327,99.66000,99.68000,99.63500,99.64500,128999,361831,LEU4_CCB
20130328,99.64500,99.65500,99.61000,99.65000,123426,365788,LEU4_CCB
20130402,99.64500,99.70000,99.64500,99.69500,126711,362953,LEU4_CCB
20130403,99.69500,99.70500,99.68500,99.69500,83908,357706,LEU4_CCB
20130404,99.69500,99.73000,99.69000,99.72500,192568,350302,LEU4_CCB
20130405,99.72500,99.73500,99.70500,99.72000,110684,352573,LEU4_CCB
20130408,99.71500,99.72500,99.69000,99.69500,119376,360159,LEU4_CCB
20130409,99.69000,99.70500,99.68500,99.69500,95385,362163,LEU4_CCB
20130410,99.69500,99.70500,99.68500,99.69000,53903,355819,LEU4_CCB
20130411,99.68500,99.70000,99.68500,99.69500,49658,355309,LEU4_CCB
20130412,99.69500,99.71500,99.69000,99.71000,70116,352962,LEU4_CCB
20130415,99.70500,99.73000,99.70500,99.72000,70602,362635,LEU4_CCB
20130416,99.72500,99.73500,99.71500,99.72000,51356,369086,LEU4_CCB
20130417,99.71500,99.75000,99.71000,99.74000,115879,377935,LEU4_CCB
20130418,99.74000,99.77000,99.72500,99.74000,126661,387005,LEU4_CCB
20130419,99.74000,99.75000,99.72500,99.74000,88079,389968,LEU4_CCB
20130422,99.74000,99.75500,99.73500,99.75000,76433,388849,LEU4_CCB
20130423,99.75000,99.76000,99.74500,99.75000,112672,390564,LEU4_CCB
20130424,99.75000,99.76500,99.74500,99.76000,71484,392143,LEU4_CCB
20130425,99.76000,99.77000,99.74500,99.75500,93290,389029,LEU4_CCB
20130426,99.75000,99.76500,99.75000,99.76000,69893,383987,LEU4_CCB
20130429,99.76500,99.77000,99.75500,99.76500,69796,382594,LEU4_CCB
20130430,99.76000,99.77000,99.75000,99.75000,68659,373427,LEU4_CCB
20130501,99.75000,99.77500,99.74500,99.76000,23185,370749,LEU4_CCB
20130502,99.76500,99.80000,99.75500,99.79000,205193,381275,LEU4_CCB
20130503,99.79000,99.80000,99.76500,99.77000,206037,397400,LEU4_CCB
20130506,99.76500,99.78000,99.75500,99.77500,69436,394524,LEU4_CCB
20130507,99.77500,99.78000,99.75000,99.75500,111293,392899,LEU4_CCB
20130508,99.75500,99.78000,99.75000,99.76000,110155,409463,LEU4_CCB
20130509,99.76000,99.77000,99.75500,99.76500,55524,407698,LEU4_CCB
20130510,99.76500,99.76500,99.72500,99.73500,95991,389514,LEU4_CCB
20130513,99.73000,99.75500,99.71500,99.74500,144170,408343,LEU4_CCB
20130514,99.74500,99.75000,99.73500,99.73500,94058,395883,LEU4_CCB
20130515,99.73500,99.77000,99.73000,99.75500,108207,385401,LEU4_CCB
20130516,99.75500,99.78000,99.75500,99.77000,120686,384973,LEU4_CCB
20130517,99.77000,99.78500,99.76500,99.77500,85647,388802,LEU4_CCB
20130520,99.77500,99.78000,99.75500,99.77000,44543,390479,LEU4_CCB
20130521,99.77000,99.77500,99.75500,99.76000,73758,388438,LEU4_CCB
20130522,99.76000,99.77000,99.75500,99.76000,77626,386674,LEU4_CCB
20130523,99.75500,99.77000,99.75000,99.75500,59252,381655,LEU4_CCB
20130524,99.75500,99.76000,99.73000,99.76000,126744,373468,LEU4_CCB
20130527,99.76000,99.76000,99.74500,99.74500,20616,374550,LEU4_CCB
20130528,99.74500,99.76000,99.73500,99.74000,113868,380778,LEU4_CCB
20130529,99.73500,99.74500,99.71500,99.73500,161233,391469,LEU4_CCB
20130530,99.73000,99.74000,99.71500,99.73000,116007,386137,LEU4_CCB
20130531,99.73000,99.76000,99.72500,99.74500,155812,382315,LEU4_CCB
20130603,99.74500,99.75500,99.72500,99.73000,148649,396397,LEU4_CCB
20130604,99.73000,99.75000,99.72500,99.74000,108022,405756,LEU4_CCB
20130605,99.74000,99.75500,99.73500,99.75000,59503,394814,LEU4_CCB
20130606,99.75000,99.75500,99.70000,99.70500,226443,403589,LEU4_CCB
20130607,99.71000,99.74000,99.67000,99.69500,172928,427365,LEU4_CCB
20130610,99.69000,99.70000,99.66500,99.68000,113934,429771,LEU4_CCB
20130611,99.67500,99.69000,99.65500,99.68500,162951,434091,LEU4_CCB
20130612,99.68000,99.69500,99.67500,99.69500,88027,438801,LEU4_CCB
20130613,99.70000,99.71500,99.69500,99.71500,99014,582122,LEU4_CCB
20130614,99.71000,99.74000,99.71000,99.73500,86588,587345,LEU4_CCB
20130617,99.73000,99.74500,99.72500,99.73000,89096,602417,LEU4_CCB
20130618,99.72500,99.73500,99.70000,99.71000,121145,612428,LEU4_CCB
20130619,99.71000,99.72000,99.67000,99.68000,99051,611346,LEU4_CCB
20130620,99.69500,99.69500,99.62500,99.63500,214005,617386,LEU4_CCB
20130621,99.63000,99.66000,99.56500,99.60000,316830,614217,LEU4_CCB
20130624,99.60000,99.60500,99.47000,99.56000,362848,609990,LEU4_CCB
20130625,99.56500,99.61000,99.54000,99.59000,230995,617571,LEU4_CCB
20130626,99.58500,99.66000,99.58500,99.65500,213462,629038,LEU4_CCB
20130627,99.66000,99.68500,99.65500,99.67500,118088,633171,LEU4_CCB
20130628,99.67500,99.69000,99.63500,99.65500,100529,635299,LEU4_CCB
20130701,99.65000,99.66500,99.63000,99.64000,88601,632921,LEU4_CCB
20130702,99.64500,99.67500,99.64000,99.67500,94505,639010,LEU4_CCB
20130703,99.67500,99.68500,99.63000,99.65500,155138,625363,LEU4_CCB
20130704,99.66000,99.74000,99.65000,99.71000,265040,604803,LEU4_CCB
20130705,99.70500,99.74000,99.70500,99.73500,149107,607308,LEU4_CCB
20130708,99.74000,99.76000,99.73500,99.76000,133630,597245,LEU4_CCB
20130709,99.76000,99.76500,99.73500,99.74500,138232,576339,LEU4_CCB
20130710,99.74500,99.75000,99.71000,99.71500,89889,578623,LEU4_CCB
20130711,99.72000,99.74000,99.69000,99.70000,128744,576331,LEU4_CCB
20130712,99.70000,99.71000,99.68500,99.69500,100140,597739,LEU4_CCB
20130715,99.70000,99.70000,99.68000,99.68500,72809,593504,LEU4_CCB
20130716,99.68500,99.71000,99.68000,99.70500,60991,588238,LEU4_CCB
20130717,99.70500,99.72500,99.69500,99.71500,92655,601816,LEU4_CCB
20130718,99.71500,99.74500,99.71500,99.73000,56190,598590,LEU4_CCB
20130719,99.73000,99.73500,99.70000,99.70500,61271,596290,LEU4_CCB
20130722,99.71500,99.71500,99.68500,99.69000,67899,590775,LEU4_CCB
20130723,99.69000,99.69000,99.67000,99.67000,109439,596621,LEU4_CCB
20130724,99.67000,99.68500,99.66500,99.67500,80414,596028,LEU4_CCB
20130725,99.67000,99.70500,99.67000,99.70000,74102,586620,LEU4_CCB
20130726,99.70500,99.71000,99.69000,99.70500,66434,588587,LEU4_CCB
20130729,99.70000,99.71000,99.68500,99.69000,46116,589649,LEU4_CCB
20130730,99.69000,99.70500,99.69000,99.70000,46117,593336,LEU4_CCB
20130731,99.70000,99.71500,99.69000,99.71000,73479,588080,LEU4_CCB
20130801,99.72000,99.73500,99.69000,99.71000,124352,582582,LEU4_CCB
20130802,99.70500,99.71000,99.68500,99.71000,77562,584240,LEU4_CCB
20130805,99.70500,99.71500,99.70000,99.70500,31307,586455,LEU4_CCB
20130806,99.70000,99.71000,99.69500,99.69500,41917,584558,LEU4_CCB
20130807,99.70000,99.71000,99.69500,99.70000,44287,583340,LEU4_CCB
20130808,99.70500,99.72500,99.70000,99.70000,23476,586316,LEU4_CCB
20130809,99.70000,99.72500,99.69500,99.71000,26391,587415,LEU4_CCB
20130812,99.70500,99.71500,99.70500,99.71000,36304,584539,LEU4_CCB
20130813,99.71000,99.71500,99.67500,99.67500,101245,0,LEU4_CCB
