20081006,4027.00000,4072.00000,3714.50000,3892.50000,217113,578277,LFT4_CCB
20081007,3944.00000,4030.00000,3688.50000,3689.00000,267174,595181,LFT4_CCB
20081008,3714.00000,3957.00000,3503.50000,3617.00000,430965,610061,LFT4_CCB
20081009,3712.00000,3780.50000,3354.50000,3407.00000,214841,612872,LFT4_CCB
20081010,3227.00000,3421.00000,3092.00000,3325.00000,438128,682962,LFT4_CCB
20081013,3441.50000,3742.00000,3318.00000,3737.00000,255086,669624,LFT4_CCB
20081014,3720.50000,3812.00000,3515.50000,3625.50000,237961,666340,LFT4_CCB
20081015,3655.00000,3655.00000,3162.00000,3166.50000,205826,662093,LFT4_CCB
20081016,3161.00000,3338.50000,3068.00000,3327.00000,267861,674892,LFT4_CCB
20081017,3321.50000,3495.00000,3120.50000,3324.00000,192143,676546,LFT4_CCB
20081020,3417.50000,3635.00000,3328.50000,3632.50000,162145,658026,LFT4_CCB
20081021,3612.00000,3620.50000,3420.00000,3475.50000,158707,656586,LFT4_CCB
20081022,3387.00000,3468.50000,3112.00000,3217.00000,157619,655672,LFT4_CCB
20081023,3304.00000,3376.00000,3117.00000,3319.00000,172817,649731,LFT4_CCB
20081024,3139.00000,3195.00000,2960.00000,3110.00000,246625,661799,LFT4_CCB
20081027,2951.00000,3202.00000,2909.50000,2991.00000,191952,666779,LFT4_CCB
20081028,3186.50000,3495.00000,3092.50000,3488.00000,204146,667488,LFT4_CCB
20081029,3436.00000,3593.00000,3305.00000,3456.00000,211721,657867,LFT4_CCB
20081030,3587.00000,3609.50000,3452.50000,3568.00000,183848,659002,LFT4_CCB
20081031,3541.00000,3690.50000,3448.00000,3677.00000,178848,668199,LFT4_CCB
20081103,3702.00000,3728.00000,3604.50000,3690.00000,145105,665645,LFT4_CCB
20081104,3687.00000,3945.00000,3656.00000,3936.50000,172136,672688,LFT4_CCB
20081105,3892.50000,3894.00000,3661.00000,3687.00000,150591,681305,LFT4_CCB
20081106,3634.50000,3732.00000,3408.50000,3448.00000,226714,707409,LFT4_CCB
20081107,3571.50000,3696.00000,3511.00000,3690.50000,170221,718981,LFT4_CCB
20081110,3807.00000,3807.00000,3542.50000,3659.50000,134878,720319,LFT4_CCB
20081111,3579.50000,3622.50000,3477.00000,3503.50000,148573,728070,LFT4_CCB
20081112,3603.00000,3603.50000,3361.50000,3425.00000,167194,734867,LFT4_CCB
20081113,3334.00000,3692.00000,3285.50000,3423.50000,178618,736587,LFT4_CCB
20081114,3597.00000,3603.50000,3414.00000,3488.50000,164378,745338,LFT4_CCB
20081117,3444.00000,3504.00000,3359.50000,3371.50000,140329,748300,LFT4_CCB
20081118,3384.00000,3508.50000,3279.00000,3478.50000,161665,756239,LFT4_CCB
20081119,3462.00000,3475.50000,3172.00000,3179.00000,144249,752443,LFT4_CCB
20081120,3138.00000,3239.00000,2948.00000,2972.00000,209046,757534,LFT4_CCB
20081121,3132.00000,3216.00000,2960.00000,3183.50000,193087,737647,LFT4_CCB
20081124,3141.50000,3491.00000,3090.00000,3433.50000,198191,743362,LFT4_CCB
20081125,3374.50000,3536.00000,3323.00000,3413.50000,184500,755893,LFT4_CCB
20081126,3354.50000,3516.50000,3310.50000,3491.50000,137407,756827,LFT4_CCB
20081127,3478.50000,3512.00000,3432.00000,3502.50000,57542,757491,LFT4_CCB
20081128,3514.50000,3580.00000,3451.50000,3568.00000,109753,768754,LFT4_CCB
20081201,3518.00000,3543.00000,3210.00000,3229.50000,129327,759910,LFT4_CCB
20081202,3257.00000,3432.50000,3229.00000,3420.00000,148116,764086,LFT4_CCB
20081203,3379.50000,3491.00000,3300.00000,3484.50000,136161,768698,LFT4_CCB
20081204,3435.00000,3528.00000,3273.50000,3327.00000,145371,770934,LFT4_CCB
20081205,3383.50000,3479.50000,3260.50000,3458.50000,158884,766268,LFT4_CCB
20081208,3582.00000,3607.00000,3462.00000,3569.50000,132845,768295,LFT4_CCB
20081209,3521.50000,3682.00000,3494.00000,3589.50000,141538,769833,LFT4_CCB
20081210,3623.00000,3676.00000,3588.50000,3652.50000,123336,763108,LFT4_CCB
20081211,3619.00000,3696.50000,3567.00000,3592.00000,164597,752945,LFT4_CCB
20081212,3457.00000,3620.00000,3456.50000,3597.00000,164761,696337,LFT4_CCB
20081215,3603.00000,3603.00000,3498.50000,3548.50000,207442,263141,LFT4_CCB
20081216,3539.50000,3690.00000,3510.50000,3662.00000,291875,492896,LFT4_CCB
20081217,3627.00000,3655.00000,3494.00000,3600.00000,182657,613602,LFT4_CCB
20081218,3572.00000,3629.50000,3495.00000,3541.00000,114993,649719,LFT4_CCB
20081219,3547.00000,3603.00000,3466.00000,3533.50000,123951,656850,LFT4_CCB
20081222,3521.00000,3578.50000,3451.50000,3510.50000,59196,655871,LFT4_CCB
20081223,3530.00000,3581.50000,3486.50000,3517.50000,48183,653976,LFT4_CCB
20081224,3550.00000,3550.00000,3467.00000,3483.00000,9212,655909,LFT4_CCB
20081229,3497.00000,3600.00000,3497.00000,3595.00000,45658,653826,LFT4_CCB
20081230,3611.00000,3718.00000,3604.00000,3716.00000,41286,654285,LFT4_CCB
20081231,3718.00000,3718.00000,3673.00000,3681.00000,24208,657413,LFT4_CCB
20090102,3691.00000,3890.00000,3684.50000,3869.50000,51906,647070,LFT4_CCB
20090105,3881.00000,3881.00000,3777.00000,3841.50000,96971,650528,LFT4_CCB
20090106,3865.50000,3940.00000,3819.50000,3903.50000,134406,679334,LFT4_CCB
20090107,3891.00000,3891.00000,3722.00000,3743.50000,117408,693165,LFT4_CCB
20090108,3721.50000,3797.00000,3667.50000,3791.00000,118953,730455,LFT4_CCB
20090109,3779.50000,3799.00000,3678.50000,3695.00000,97251,715570,LFT4_CCB
20090112,3696.00000,3734.00000,3623.50000,3651.00000,92103,713610,LFT4_CCB
20090113,3651.00000,3672.00000,3576.00000,3658.00000,116666,718448,LFT4_CCB
20090114,3675.50000,3679.50000,3368.50000,3418.00000,177041,717179,LFT4_CCB
20090115,3423.00000,3469.00000,3343.00000,3443.00000,167928,725435,LFT4_CCB
20090116,3458.00000,3511.00000,3342.00000,3433.50000,121554,721474,LFT4_CCB
20090119,3481.50000,3512.00000,3290.00000,3368.00000,83107,728034,LFT4_CCB
20090120,3357.00000,3443.00000,3251.50000,3278.50000,151991,735728,LFT4_CCB
20090121,3306.50000,3421.50000,3256.50000,3404.00000,166466,737742,LFT4_CCB
20090122,3392.50000,3409.50000,3269.50000,3339.00000,145571,733771,LFT4_CCB
20090123,3296.50000,3370.00000,3207.50000,3331.50000,142810,729423,LFT4_CCB
20090126,3291.00000,3478.50000,3285.50000,3400.50000,126631,725388,LFT4_CCB
20090127,3446.00000,3469.00000,3381.00000,3432.00000,111501,725458,LFT4_CCB
20090128,3487.00000,3587.00000,3483.00000,3580.00000,121991,737165,LFT4_CCB
20090129,3513.50000,3526.50000,3389.50000,3407.00000,128404,733298,LFT4_CCB
20090130,3444.00000,3481.50000,3365.50000,3381.50000,144799,733733,LFT4_CCB
20090202,3348.50000,3368.50000,3285.50000,3334.50000,104748,736817,LFT4_CCB
20090203,3347.00000,3475.50000,3293.00000,3450.00000,124641,734831,LFT4_CCB
20090204,3442.50000,3530.50000,3417.00000,3432.00000,119817,738909,LFT4_CCB
20090205,3411.00000,3554.50000,3394.00000,3525.00000,133872,739019,LFT4_CCB
20090206,3527.00000,3604.00000,3488.00000,3582.00000,119999,741213,LFT4_CCB
20090209,3541.00000,3601.00000,3507.00000,3575.00000,77263,739995,LFT4_CCB
20090210,3527.00000,3574.50000,3406.50000,3437.00000,143306,757267,LFT4_CCB
20090211,3468.50000,3512.50000,3441.00000,3484.50000,113224,751203,LFT4_CCB
20090212,3456.00000,3527.50000,3391.00000,3524.00000,152310,754101,LFT4_CCB
20090213,3520.00000,3559.50000,3423.00000,3424.50000,124451,753302,LFT4_CCB
20090216,3425.00000,3453.50000,3389.00000,3394.50000,44665,754982,LFT4_CCB
20090217,3360.00000,3375.00000,3254.00000,3291.00000,152541,760760,LFT4_CCB
20090218,3328.00000,3334.00000,3208.00000,3275.00000,132025,765011,LFT4_CCB
20090219,3311.00000,3320.50000,3238.50000,3247.00000,110616,762141,LFT4_CCB
20090220,3227.50000,3244.00000,3111.50000,3172.00000,142664,765275,LFT4_CCB
20090223,3221.00000,3236.00000,3046.00000,3051.50000,114129,770334,LFT4_CCB
20090224,3106.00000,3177.50000,3042.50000,3159.50000,153918,761706,LFT4_CCB
20090225,3135.00000,3196.00000,3078.00000,3145.50000,123771,760938,LFT4_CCB
20090226,3163.50000,3241.00000,3094.00000,3098.50000,141507,750219,LFT4_CCB
20090227,3126.50000,3152.00000,3031.00000,3067.50000,160303,740961,LFT4_CCB
20090302,3006.00000,3022.00000,2856.00000,2868.00000,179711,737676,LFT4_CCB
20090303,2921.00000,2954.50000,2755.50000,2791.00000,208155,732099,LFT4_CCB
20090304,2833.50000,2971.00000,2825.50000,2917.00000,149887,723826,LFT4_CCB
20090305,2894.50000,2903.50000,2747.00000,2784.50000,133895,725696,LFT4_CCB
20090306,2804.00000,2871.00000,2747.50000,2827.00000,143919,721608,LFT4_CCB
20090309,2811.50000,2842.00000,2734.00000,2769.00000,163212,706494,LFT4_CCB
20090310,2809.00000,3021.00000,2789.00000,3011.50000,161637,704773,LFT4_CCB
20090311,2992.00000,3054.50000,2939.00000,2970.00000,145625,716102,LFT4_CCB
20090312,2960.00000,3067.50000,2899.00000,3055.50000,145740,690437,LFT4_CCB
20090313,3067.50000,3105.50000,3022.00000,3081.00000,182559,631099,LFT4_CCB
20090316,3111.00000,3183.50000,3074.50000,3108.50000,159940,229712,LFT4_CCB
20090317,3142.50000,3206.50000,3084.50000,3204.00000,323210,506058,LFT4_CCB
20090318,3217.00000,3217.00000,3062.00000,3153.50000,204365,623627,LFT4_CCB
20090319,3123.00000,3202.50000,3078.00000,3091.50000,185117,659562,LFT4_CCB
20090320,3087.00000,3146.00000,3059.50000,3079.00000,146538,677920,LFT4_CCB
20090323,3218.00000,3316.50000,3129.50000,3311.00000,140258,675780,LFT4_CCB
20090324,3297.50000,3307.00000,3159.00000,3170.00000,123549,682669,LFT4_CCB
20090325,3184.00000,3236.00000,3093.50000,3173.00000,125510,678506,LFT4_CCB
20090326,3213.00000,3256.00000,3168.50000,3239.00000,103406,679349,LFT4_CCB
20090327,3217.00000,3245.00000,3159.50000,3177.50000,95343,678242,LFT4_CCB
20090330,3137.00000,3140.00000,3035.00000,3062.00000,118900,686161,LFT4_CCB
20090331,3095.50000,3252.00000,3090.00000,3203.00000,173429,711338,LFT4_CCB
20090401,3202.00000,3297.50000,3125.00000,3280.00000,148389,717660,LFT4_CCB
20090402,3335.00000,3456.00000,3327.50000,3406.50000,168841,721105,LFT4_CCB
20090403,3416.50000,3427.50000,3303.50000,3376.00000,152466,722469,LFT4_CCB
20090406,3382.00000,3391.00000,3250.00000,3307.50000,93677,710518,LFT4_CCB
20090407,3321.00000,3333.50000,3191.00000,3201.00000,130078,709984,LFT4_CCB
20090408,3187.00000,3243.00000,3164.50000,3218.00000,121215,699221,LFT4_CCB
20090409,3258.00000,3306.00000,3199.50000,3306.00000,102092,710077,LFT4_CCB
20090414,3307.00000,3332.00000,3227.50000,3238.50000,105075,706829,LFT4_CCB
20090415,3247.00000,3314.50000,3230.00000,3307.00000,109305,710789,LFT4_CCB
20090416,3297.00000,3394.00000,3251.50000,3371.00000,113495,712117,LFT4_CCB
20090417,3359.00000,3414.00000,3330.50000,3392.50000,108338,720627,LFT4_CCB
20090420,3371.50000,3405.50000,3244.00000,3255.50000,107793,709966,LFT4_CCB
20090421,3285.50000,3330.50000,3182.00000,3321.50000,136938,708798,LFT4_CCB
20090422,3268.50000,3349.00000,3239.50000,3283.00000,120065,716519,LFT4_CCB
20090423,3307.00000,3381.50000,3289.50000,3361.50000,110988,723345,LFT4_CCB
20090424,3329.00000,3469.00000,3327.00000,3451.50000,100914,728723,LFT4_CCB
20090427,3406.00000,3474.50000,3383.00000,3434.50000,89777,733535,LFT4_CCB
20090428,3393.00000,3421.00000,3349.00000,3395.00000,112676,733289,LFT4_CCB
20090429,3404.00000,3518.00000,3386.50000,3473.50000,101217,733654,LFT4_CCB
20090430,3520.50000,3593.00000,3478.00000,3497.00000,160494,728520,LFT4_CCB
20090501,3537.00000,3551.00000,3506.00000,3548.50000,35134,728230,LFT4_CCB
20090505,3655.50000,3671.00000,3613.00000,3639.00000,128414,711298,LFT4_CCB
20090506,3626.00000,3751.00000,3623.00000,3750.50000,156022,718400,LFT4_CCB
20090507,3737.00000,3833.00000,3682.50000,3710.00000,193318,717797,LFT4_CCB
20090508,3749.00000,3819.50000,3726.00000,3803.00000,138245,717905,LFT4_CCB
20090511,3779.00000,3781.50000,3709.50000,3727.00000,89056,716862,LFT4_CCB
20090512,3717.00000,3770.00000,3703.50000,3755.50000,103886,717470,LFT4_CCB
20090513,3764.00000,3765.50000,3620.00000,3632.00000,126977,720037,LFT4_CCB
20090514,3643.00000,3701.00000,3608.50000,3678.00000,118541,725841,LFT4_CCB
20090515,3703.00000,3723.00000,3617.00000,3639.50000,104424,723203,LFT4_CCB
20090518,3631.00000,3787.00000,3616.50000,3784.00000,99934,735758,LFT4_CCB
20090519,3783.50000,3822.00000,3751.00000,3779.00000,111562,728776,LFT4_CCB
20090520,3787.00000,3837.00000,3727.00000,3734.00000,100922,737115,LFT4_CCB
20090521,3725.00000,3732.50000,3634.00000,3671.00000,112331,731577,LFT4_CCB
20090522,3682.00000,3716.00000,3652.50000,3660.50000,76444,730973,LFT4_CCB
20090526,3666.50000,3756.50000,3611.00000,3741.50000,109278,736594,LFT4_CCB
20090527,3761.50000,3762.50000,3664.00000,3677.00000,80210,738356,LFT4_CCB
20090528,3686.50000,3741.00000,3659.00000,3730.00000,100777,733041,LFT4_CCB
20090529,3747.00000,3792.00000,3718.50000,3772.50000,116967,734629,LFT4_CCB
20090601,3817.00000,3841.50000,3788.00000,3810.50000,93441,736970,LFT4_CCB
20090602,3790.00000,3817.00000,3753.50000,3807.50000,117607,742247,LFT4_CCB
20090603,3806.50000,3810.50000,3685.50000,3723.00000,101447,730391,LFT4_CCB
20090604,3730.50000,3774.50000,3693.00000,3744.50000,95027,720320,LFT4_CCB
20090605,3765.00000,3834.00000,3748.00000,3757.50000,113854,721569,LFT4_CCB
20090608,3754.00000,3785.50000,3702.50000,3767.50000,106253,712271,LFT4_CCB
20090609,3759.00000,3784.50000,3720.50000,3747.00000,97621,712940,LFT4_CCB
20090610,3784.00000,3844.50000,3729.50000,3764.50000,114330,698428,LFT4_CCB
20090611,3757.00000,3824.00000,3742.00000,3786.00000,113353,684155,LFT4_CCB
20090612,3793.50000,3806.00000,3759.00000,3795.50000,132314,641392,LFT4_CCB
20090615,3756.00000,3756.00000,3654.50000,3683.00000,191451,296730,LFT4_CCB
20090616,3679.50000,3710.00000,3621.00000,3623.50000,213516,476444,LFT4_CCB
20090617,3640.50000,3667.50000,3592.50000,3616.50000,180143,604107,LFT4_CCB
20090618,3619.50000,3651.00000,3573.50000,3625.50000,133347,626138,LFT4_CCB
20090619,3629.50000,3719.50000,3615.00000,3674.00000,142169,625339,LFT4_CCB
20090622,3683.50000,3690.00000,3549.50000,3551.50000,98951,626441,LFT4_CCB
20090623,3559.00000,3602.00000,3552.00000,3570.50000,87502,622470,LFT4_CCB
20090624,3588.00000,3629.00000,3553.00000,3579.50000,87028,618341,LFT4_CCB
20090625,3606.50000,3634.50000,3548.00000,3628.50000,94147,620887,LFT4_CCB
20090626,3619.50000,3646.50000,3551.00000,3578.00000,84857,618755,LFT4_CCB
20090629,3565.50000,3642.50000,3565.00000,3619.50000,87024,619029,LFT4_CCB
20090630,3645.50000,3646.00000,3566.00000,3601.50000,123457,609014,LFT4_CCB
20090701,3601.50000,3695.50000,3600.50000,3647.50000,112154,617660,LFT4_CCB
20090702,3656.50000,3659.50000,3545.00000,3554.50000,126313,616057,LFT4_CCB
20090703,3580.50000,3602.50000,3555.00000,3582.50000,55334,614501,LFT4_CCB
20090706,3540.50000,3568.50000,3505.50000,3568.00000,88495,614542,LFT4_CCB
20090707,3550.00000,3579.50000,3491.00000,3500.50000,89034,615788,LFT4_CCB
20090708,3503.00000,3532.00000,3453.50000,3480.00000,110315,607344,LFT4_CCB
20090709,3479.50000,3523.00000,3474.00000,3490.00000,76778,605294,LFT4_CCB
20090710,3469.50000,3498.00000,3457.00000,3485.50000,89753,612066,LFT4_CCB
20090713,3454.50000,3568.00000,3430.00000,3558.50000,97443,615722,LFT4_CCB
20090714,3543.00000,3595.00000,3531.50000,3576.00000,93431,611500,LFT4_CCB
20090715,3597.50000,3711.00000,3590.00000,3702.00000,91728,617420,LFT4_CCB
20090716,3685.00000,3759.50000,3665.00000,3738.50000,105903,614658,LFT4_CCB
20090717,3731.50000,3749.00000,3703.50000,3736.00000,92466,615426,LFT4_CCB
20090720,3754.50000,3802.00000,3729.50000,3799.00000,78345,611939,LFT4_CCB
20090721,3780.50000,3838.50000,3773.00000,3825.00000,104437,607460,LFT4_CCB
20090722,3822.50000,3842.50000,3785.00000,3819.50000,80010,610691,LFT4_CCB
20090723,3835.50000,3917.50000,3810.00000,3905.50000,108969,612408,LFT4_CCB
20090724,3896.00000,3946.00000,3874.50000,3943.00000,96698,607099,LFT4_CCB
20090727,3954.50000,3959.50000,3889.00000,3939.00000,92276,610124,LFT4_CCB
20090728,3935.50000,3954.50000,3853.50000,3902.00000,96071,610930,LFT4_CCB
20090729,3863.50000,3926.50000,3857.00000,3898.00000,100431,624952,LFT4_CCB
20090730,3918.00000,3988.50000,3901.00000,3947.00000,93342,621252,LFT4_CCB
20090731,3952.50000,3989.00000,3927.00000,3936.50000,121451,617794,LFT4_CCB
20090803,3944.50000,4051.00000,3932.50000,4024.00000,104856,617585,LFT4_CCB
20090804,4020.50000,4032.00000,3963.00000,4027.50000,109084,613208,LFT4_CCB
20090805,4005.50000,4045.50000,3977.50000,4018.50000,99887,614468,LFT4_CCB
20090806,4014.00000,4078.00000,4007.00000,4028.50000,103835,612788,LFT4_CCB
20090807,4014.00000,4093.50000,3978.00000,4069.00000,120478,616226,LFT4_CCB
20090810,4060.50000,4077.00000,4036.50000,4066.00000,69758,616187,LFT4_CCB
20090811,4085.50000,4092.00000,4004.50000,4028.50000,96048,616299,LFT4_CCB
20090812,4020.00000,4099.50000,3987.50000,4068.50000,119483,626355,LFT4_CCB
20090813,4083.00000,4147.50000,4071.50000,4129.50000,111084,623229,LFT4_CCB
20090814,4124.00000,4145.50000,4053.00000,4099.50000,100710,619147,LFT4_CCB
20090817,4048.50000,4054.50000,3963.50000,4002.00000,117881,619629,LFT4_CCB
20090818,4031.00000,4060.50000,4003.00000,4047.50000,102090,621003,LFT4_CCB
20090819,4016.00000,4091.50000,3991.50000,4078.50000,96526,623768,LFT4_CCB
20090820,4104.50000,4135.00000,4093.50000,4124.00000,106399,626845,LFT4_CCB
20090821,4102.00000,4237.50000,4097.50000,4226.00000,153968,624902,LFT4_CCB
20090824,4259.50000,4278.50000,4219.00000,4231.00000,117041,624717,LFT4_CCB
20090825,4237.50000,4296.50000,4228.50000,4266.00000,100537,624531,LFT4_CCB
20090826,4278.50000,4294.50000,4238.00000,4258.00000,89883,625174,LFT4_CCB
20090827,4244.50000,4286.50000,4218.50000,4271.00000,106310,622584,LFT4_CCB
20090828,4281.00000,4310.50000,4253.50000,4286.00000,108318,628763,LFT4_CCB
20090901,4278.50000,4285.50000,4156.00000,4163.50000,150145,627460,LFT4_CCB
20090902,4177.50000,4191.50000,4142.00000,4163.50000,123667,626031,LFT4_CCB
20090903,4194.50000,4211.50000,4155.00000,4195.00000,88970,624177,LFT4_CCB
20090904,4190.50000,4259.50000,4187.50000,4254.50000,98100,633361,LFT4_CCB
20090907,4256.50000,4310.00000,4250.50000,4303.50000,59781,631125,LFT4_CCB
20090908,4319.50000,4338.00000,4292.00000,4322.50000,106728,627117,LFT4_CCB
20090909,4295.50000,4386.00000,4295.50000,4369.50000,136912,618291,LFT4_CCB
20090910,4407.50000,4412.50000,4326.00000,4360.00000,150043,592722,LFT4_CCB
20090911,4387.00000,4413.50000,4356.50000,4368.50000,143461,532280,LFT4_CCB
20090914,4334.50000,4407.50000,4321.50000,4401.00000,217367,401162,LFT4_CCB
20090915,4411.00000,4436.00000,4366.00000,4426.50000,147878,497036,LFT4_CCB
20090916,4430.00000,4523.50000,4429.50000,4517.50000,166478,598368,LFT4_CCB
20090917,4532.00000,4544.00000,4498.00000,4528.00000,103019,619448,LFT4_CCB
20090918,4520.00000,4568.00000,4508.00000,4562.00000,137324,621973,LFT4_CCB
20090921,4548.00000,4548.50000,4475.00000,4512.00000,89382,620706,LFT4_CCB
20090922,4525.00000,4559.50000,4505.50000,4524.50000,98434,622488,LFT4_CCB
20090923,4523.00000,4547.50000,4476.50000,4481.50000,103287,625444,LFT4_CCB
20090924,4492.00000,4539.00000,4436.00000,4457.00000,145556,629341,LFT4_CCB
20090925,4476.50000,4493.00000,4433.50000,4454.50000,121050,635300,LFT4_CCB
20090928,4464.00000,4547.50000,4418.50000,4535.50000,111838,643923,LFT4_CCB
20090929,4538.50000,4556.50000,4506.00000,4531.00000,95344,636642,LFT4_CCB
20090930,4534.50000,4560.50000,4460.00000,4504.00000,157265,631889,LFT4_CCB
20091001,4502.00000,4536.00000,4390.50000,4392.00000,133907,627715,LFT4_CCB
20091002,4380.50000,4401.50000,4322.50000,4366.00000,157341,630799,LFT4_CCB
20091005,4375.00000,4421.50000,4344.00000,4392.00000,99590,624175,LFT4_CCB
20091006,4417.50000,4522.00000,4400.00000,4493.00000,111314,628437,LFT4_CCB
20091007,4490.50000,4526.00000,4464.50000,4492.00000,89612,627181,LFT4_CCB
20091008,4537.50000,4543.00000,4486.50000,4508.00000,96842,621744,LFT4_CCB
20091009,4498.50000,4546.00000,4496.00000,4545.00000,92784,616529,LFT4_CCB
20091012,4550.00000,4603.00000,4544.50000,4578.00000,81267,617469,LFT4_CCB
20091013,4585.50000,4592.50000,4521.00000,4539.00000,119830,619099,LFT4_CCB
20091014,4585.50000,4643.50000,4575.50000,4638.00000,109286,621682,LFT4_CCB
20091015,4645.00000,4645.00000,4591.50000,4629.50000,118289,616607,LFT4_CCB
20091016,4623.50000,4645.00000,4544.00000,4576.50000,130232,607872,LFT4_CCB
20091019,4582.50000,4655.50000,4582.00000,4644.50000,87480,609004,LFT4_CCB
20091020,4673.00000,4673.00000,4590.00000,4617.00000,91153,612490,LFT4_CCB
20091021,4643.50000,4643.50000,4546.00000,4565.00000,109731,613220,LFT4_CCB
20091022,4560.50000,4625.50000,4536.50000,4610.50000,112079,607631,LFT4_CCB
20091023,4616.50000,4672.00000,4594.50000,4615.00000,103701,606916,LFT4_CCB
20091026,4628.00000,4656.50000,4536.00000,4567.50000,104132,608514,LFT4_CCB
20091027,4584.00000,4604.00000,4550.00000,4556.50000,107313,612777,LFT4_CCB
20091028,4557.50000,4560.50000,4413.50000,4420.00000,133564,619344,LFT4_CCB
20091029,4428.00000,4542.00000,4417.00000,4538.50000,113333,623880,LFT4_CCB
20091030,4510.50000,4542.50000,4371.50000,4375.50000,142755,627309,LFT4_CCB
20091102,4391.50000,4489.00000,4390.00000,4446.50000,119833,620898,LFT4_CCB
20091103,4437.00000,4444.50000,4354.50000,4442.00000,123149,620632,LFT4_CCB
20091104,4441.50000,4503.00000,4439.00000,4485.00000,100728,618765,LFT4_CCB
20091105,4440.00000,4537.00000,4416.50000,4516.00000,96693,611833,LFT4_CCB
20091106,4508.00000,4543.00000,4455.50000,4540.50000,100793,607003,LFT4_CCB
20091109,4569.50000,4643.00000,4564.50000,4641.00000,81122,607418,LFT4_CCB
20091110,4624.50000,4646.50000,4601.00000,4620.50000,86748,615407,LFT4_CCB
20091111,4653.50000,4690.00000,4638.50000,4660.50000,88911,616581,LFT4_CCB
20091112,4652.00000,4694.00000,4634.00000,4645.50000,99325,620363,LFT4_CCB
20091113,4668.50000,4693.50000,4636.50000,4683.50000,70239,617794,LFT4_CCB
20091116,4719.50000,4786.00000,4715.50000,4755.50000,90491,615574,LFT4_CCB
20091117,4750.50000,4762.00000,4725.00000,4760.00000,87148,615266,LFT4_CCB
20091118,4766.00000,4772.50000,4729.50000,4754.50000,75167,618789,LFT4_CCB
20091119,4730.00000,4742.00000,4651.00000,4694.00000,100631,624928,LFT4_CCB
20091120,4687.00000,4709.50000,4621.00000,4657.50000,100116,626450,LFT4_CCB
20091123,4694.50000,4780.00000,4694.50000,4751.00000,74424,624103,LFT4_CCB
20091124,4712.50000,4776.50000,4705.00000,4738.50000,91662,636482,LFT4_CCB
20091125,4761.50000,4773.00000,4726.50000,4765.50000,70973,633747,LFT4_CCB
20091126,4736.00000,4739.50000,4582.50000,4599.00000,105130,630111,LFT4_CCB
20091127,4501.00000,4672.00000,4481.00000,4632.00000,128256,635457,LFT4_CCB
20091130,4654.00000,4656.00000,4581.00000,4617.50000,134010,626296,LFT4_CCB
20091201,4638.00000,4725.00000,4629.00000,4706.50000,94224,631679,LFT4_CCB
20091202,4710.00000,4751.00000,4683.00000,4733.50000,86873,631017,LFT4_CCB
20091203,4763.00000,4773.00000,4680.50000,4717.50000,98093,636076,LFT4_CCB
20091204,4699.00000,4776.00000,4673.00000,4711.50000,116950,642409,LFT4_CCB
20091207,4705.50000,4731.00000,4650.00000,4700.00000,83316,643604,LFT4_CCB
20091208,4685.00000,4725.00000,4605.00000,4622.50000,120072,641306,LFT4_CCB
20091209,4609.50000,4647.00000,4574.50000,4618.50000,131724,628442,LFT4_CCB
20091210,4598.00000,4656.00000,4593.00000,4631.50000,116064,606425,LFT4_CCB
20091211,4654.00000,4715.00000,4651.50000,4663.00000,119703,561389,LFT4_CCB
20091214,4730.50000,4734.50000,4698.00000,4714.50000,297141,438074,LFT4_CCB
20091215,4729.00000,4729.00000,4649.50000,4672.00000,189910,463078,LFT4_CCB
20091216,4697.00000,4737.00000,4684.00000,4710.00000,162751,568421,LFT4_CCB
20091217,4688.50000,4705.50000,4594.00000,4607.00000,118253,619827,LFT4_CCB
20091218,4629.00000,4689.00000,4580.50000,4597.50000,221964,617223,LFT4_CCB
20091221,4612.00000,4720.50000,4606.00000,4689.00000,80646,621499,LFT4_CCB
20091222,4701.50000,4762.00000,4699.00000,4753.50000,64187,622603,LFT4_CCB
20091223,4766.50000,4787.00000,4746.50000,4784.00000,45769,623655,LFT4_CCB
20091224,4773.50000,4804.00000,4769.50000,4794.00000,10174,628105,LFT4_CCB
20091229,4849.50000,4854.00000,4816.00000,4824.50000,41663,627997,LFT4_CCB
20091230,4828.50000,4842.50000,4784.50000,4807.00000,38782,629261,LFT4_CCB
20091231,4840.00000,4840.50000,4791.50000,4802.00000,20595,630033,LFT4_CCB
20100104,4809.50000,4907.50000,4805.50000,4886.50000,77744,638694,LFT4_CCB
20100105,4892.00000,4935.50000,4879.00000,4929.00000,81174,639504,LFT4_CCB
20100106,4928.50000,4936.00000,4897.00000,4934.00000,68498,634853,LFT4_CCB
20100107,4915.00000,4950.50000,4897.00000,4942.50000,62997,638996,LFT4_CCB
20100108,4932.50000,4947.50000,4890.50000,4937.50000,81854,639289,LFT4_CCB
20100111,4961.00000,5000.00000,4925.00000,4953.00000,80956,634156,LFT4_CCB
20100112,4938.00000,4947.00000,4857.00000,4891.50000,107212,639593,LFT4_CCB
20100113,4873.50000,4915.50000,4848.00000,4905.00000,80922,644144,LFT4_CCB
20100114,4910.00000,4918.50000,4872.00000,4909.50000,68611,650927,LFT4_CCB
20100115,4901.00000,4949.50000,4840.50000,4866.50000,134290,655454,LFT4_CCB
20100118,4884.00000,4903.00000,4852.00000,4894.00000,46112,659591,LFT4_CCB
20100119,4872.00000,4937.00000,4826.50000,4930.50000,107500,669806,LFT4_CCB
20100120,4891.50000,4910.50000,4801.00000,4847.00000,130945,664943,LFT4_CCB
20100121,4854.50000,4867.50000,4686.00000,4735.50000,157973,663465,LFT4_CCB
20100122,4714.50000,4742.00000,4586.50000,4594.50000,170086,674007,LFT4_CCB
20100125,4656.00000,4729.50000,4646.00000,4658.00000,129444,691319,LFT4_CCB
20100126,4634.50000,4691.00000,4613.00000,4644.50000,106553,690838,LFT4_CCB
20100127,4630.50000,4665.50000,4589.00000,4661.50000,130961,698239,LFT4_CCB
20100128,4677.50000,4682.50000,4533.00000,4559.00000,170689,704511,LFT4_CCB
20100129,4561.00000,4630.00000,4520.50000,4540.50000,161918,695680,LFT4_CCB
20100201,4557.00000,4648.00000,4554.50000,4630.00000,111104,688180,LFT4_CCB
20100202,4640.50000,4709.00000,4603.50000,4699.00000,110516,679494,LFT4_CCB
20100203,4677.50000,4709.50000,4639.50000,4669.00000,105691,671182,LFT4_CCB
20100204,4659.00000,4660.50000,4502.00000,4507.00000,157887,676745,LFT4_CCB
20100205,4514.50000,4524.50000,4415.50000,4466.00000,226147,683775,LFT4_CCB
20100208,4479.00000,4522.00000,4436.50000,4496.50000,120055,679080,LFT4_CCB
20100209,4496.50000,4592.50000,4484.00000,4556.00000,127778,673908,LFT4_CCB
20100210,4544.00000,4596.50000,4517.50000,4557.50000,136032,669977,LFT4_CCB
20100211,4585.50000,4623.50000,4525.00000,4578.00000,140136,667273,LFT4_CCB
20100212,4601.50000,4621.50000,4529.50000,4577.50000,118046,666947,LFT4_CCB
20100215,4585.00000,4608.50000,4569.50000,4579.00000,57235,672213,LFT4_CCB
20100216,4620.00000,4680.50000,4593.00000,4672.00000,116260,675093,LFT4_CCB
20100217,4697.50000,4727.00000,4685.00000,4710.50000,109850,680314,LFT4_CCB
20100218,4695.50000,4774.50000,4681.50000,4770.00000,105469,683648,LFT4_CCB
20100219,4719.50000,4789.00000,4690.50000,4770.50000,116351,691585,LFT4_CCB
20100222,4803.00000,4805.00000,4765.50000,4769.50000,77413,656553,LFT4_CCB
20100223,4795.50000,4816.50000,4716.00000,4728.00000,110059,662735,LFT4_CCB
20100224,4749.50000,4783.50000,4722.00000,4777.50000,102482,671304,LFT4_CCB
20100225,4739.50000,4795.50000,4682.00000,4756.00000,142865,666103,LFT4_CCB
20100226,4751.00000,4797.50000,4728.00000,4787.00000,148063,664424,LFT4_CCB
20100301,4832.00000,4839.50000,4781.00000,4832.00000,127217,668461,LFT4_CCB
20100302,4849.50000,4912.00000,4828.50000,4894.50000,122553,667561,LFT4_CCB
20100303,4901.50000,4970.50000,4892.00000,4944.00000,123219,668548,LFT4_CCB
20100304,4944.00000,4973.50000,4930.00000,4951.50000,101191,672738,LFT4_CCB
20100305,4979.00000,5052.50000,4967.00000,5027.50000,103808,680477,LFT4_CCB
20100308,5043.50000,5050.00000,5006.50000,5036.50000,101222,686086,LFT4_CCB
20100309,5040.50000,5058.00000,4991.00000,5031.00000,103132,691407,LFT4_CCB
20100310,5026.00000,5082.00000,5021.00000,5068.50000,131447,683784,LFT4_CCB
20100311,5063.00000,5079.50000,5029.50000,5069.00000,192092,639247,LFT4_CCB
20100312,5066.50000,5090.50000,5048.50000,5061.00000,168403,576299,LFT4_CCB
20100315,5058.50000,5064.50000,5025.00000,5056.00000,185567,306340,LFT4_CCB
20100316,5061.50000,5074.50000,5034.50000,5066.50000,251471,509273,LFT4_CCB
20100317,5098.50000,5101.00000,5070.00000,5080.00000,149247,624716,LFT4_CCB
20100318,5064.00000,5104.50000,5057.50000,5092.50000,102968,667098,LFT4_CCB
20100319,5104.50000,5140.00000,5073.50000,5097.50000,170161,675372,LFT4_CCB
20100322,5076.00000,5102.50000,5024.00000,5098.50000,110014,685069,LFT4_CCB
20100323,5097.50000,5143.50000,5088.50000,5140.50000,109254,690130,LFT4_CCB
20100324,5134.50000,5141.50000,5078.50000,5121.50000,118407,699839,LFT4_CCB
20100325,5128.00000,5183.00000,5121.00000,5139.00000,102648,705472,LFT4_CCB
20100326,5153.50000,5168.00000,5126.00000,5146.00000,85455,702057,LFT4_CCB
20100329,5168.50000,5178.50000,5126.50000,5149.50000,83662,701684,LFT4_CCB
20100330,5176.00000,5184.00000,5103.50000,5129.50000,94178,698013,LFT4_CCB
20100331,5107.50000,5142.00000,5087.50000,5116.50000,119221,691396,LFT4_CCB
20100401,5138.00000,5194.00000,5137.50000,5188.50000,93677,690160,LFT4_CCB
20100406,5198.50000,5232.00000,5187.00000,5222.50000,97155,686291,LFT4_CCB
20100407,5216.50000,5227.50000,5171.50000,5191.50000,83648,674903,LFT4_CCB
20100408,5184.00000,5192.00000,5127.00000,5184.50000,94180,672429,LFT4_CCB
20100409,5199.50000,5222.50000,5191.50000,5216.50000,80009,676538,LFT4_CCB
20100412,5242.00000,5245.00000,5189.50000,5223.50000,72990,676841,LFT4_CCB
20100413,5214.00000,5223.50000,5185.00000,5216.00000,86383,680668,LFT4_CCB
20100414,5230.50000,5265.50000,5228.00000,5263.50000,79141,688193,LFT4_CCB
20100415,5257.50000,5289.50000,5224.00000,5276.50000,71352,689539,LFT4_CCB
20100416,5240.50000,5289.50000,5172.00000,5202.00000,148322,687869,LFT4_CCB
20100419,5174.50000,5194.00000,5142.50000,5189.50000,104100,689681,LFT4_CCB
20100420,5195.00000,5244.50000,5178.00000,5230.00000,105038,691971,LFT4_CCB
20100421,5242.00000,5244.50000,5154.50000,5176.50000,99340,686824,LFT4_CCB
20100422,5157.50000,5209.00000,5098.00000,5157.00000,139789,683166,LFT4_CCB
20100423,5138.50000,5209.50000,5110.50000,5207.50000,108292,681281,LFT4_CCB
20100426,5227.00000,5250.50000,5175.50000,5178.00000,86944,685892,LFT4_CCB
20100427,5194.50000,5206.00000,5003.00000,5017.50000,143687,681983,LFT4_CCB
20100428,5032.50000,5092.00000,4984.00000,5041.50000,198985,680368,LFT4_CCB
20100429,5053.00000,5092.50000,5029.50000,5070.00000,115210,684605,LFT4_CCB
20100430,5071.50000,5096.50000,4942.50000,4943.50000,162006,671277,LFT4_CCB
20100504,4996.50000,5001.50000,4847.50000,4879.00000,194568,677584,LFT4_CCB
20100505,4887.50000,4898.00000,4773.50000,4793.50000,189163,680485,LFT4_CCB
20100506,4739.50000,4842.50000,4290.50000,4584.00000,231947,683719,LFT4_CCB
20100507,4600.50000,4741.50000,4509.50000,4590.00000,391646,678830,LFT4_CCB
20100510,4750.50000,4880.00000,4729.50000,4851.50000,248041,657070,LFT4_CCB
20100511,4764.50000,4853.00000,4722.50000,4785.50000,190927,669395,LFT4_CCB
20100512,4769.50000,4888.00000,4751.00000,4875.00000,147497,677641,LFT4_CCB
20100513,4899.50000,4921.50000,4850.50000,4862.50000,124269,669376,LFT4_CCB
20100514,4877.00000,4880.50000,4705.50000,4734.00000,161540,665082,LFT4_CCB
20100517,4696.50000,4799.50000,4681.50000,4771.50000,150782,672008,LFT4_CCB
20100518,4781.50000,4811.50000,4674.50000,4704.00000,135260,673759,LFT4_CCB
20100519,4694.50000,4742.00000,4611.00000,4662.50000,197568,676191,LFT4_CCB
20100520,4651.50000,4706.00000,4470.00000,4472.50000,226810,683201,LFT4_CCB
20100521,4519.50000,4576.00000,4429.50000,4558.00000,271443,695630,LFT4_CCB
20100524,4555.50000,4584.50000,4491.50000,4495.50000,111080,693744,LFT4_CCB
20100525,4409.50000,4497.50000,4373.00000,4497.00000,179009,696179,LFT4_CCB
20100526,4480.00000,4573.50000,4451.50000,4463.00000,155920,695329,LFT4_CCB
20100527,4555.00000,4709.50000,4547.50000,4706.00000,147345,681402,LFT4_CCB
20100528,4701.50000,4718.00000,4629.50000,4660.50000,135618,685355,LFT4_CCB
20100601,4642.50000,4657.50000,4538.50000,4564.50000,162294,691033,LFT4_CCB
20100602,4572.00000,4705.50000,4560.00000,4701.50000,134322,691600,LFT4_CCB
20100603,4726.00000,4752.00000,4658.00000,4707.00000,121385,680303,LFT4_CCB
20100604,4706.00000,4753.50000,4532.50000,4553.00000,135859,684258,LFT4_CCB
20100607,4529.50000,4612.50000,4505.50000,4508.50000,123659,692991,LFT4_CCB
20100608,4566.00000,4572.00000,4473.00000,4556.50000,155435,675610,LFT4_CCB
20100609,4546.50000,4582.50000,4459.50000,4481.50000,145900,664530,LFT4_CCB
20100610,4505.50000,4641.00000,4505.00000,4634.00000,163057,633638,LFT4_CCB
20100611,4625.50000,4690.50000,4604.50000,4688.50000,147073,590109,LFT4_CCB
20100614,4701.00000,4707.00000,4631.50000,4635.00000,261930,511005,LFT4_CCB
20100615,4648.50000,4768.50000,4637.50000,4763.50000,198100,463422,LFT4_CCB
20100616,4753.00000,4774.00000,4701.00000,4767.00000,221525,592272,LFT4_CCB
20100617,4732.50000,4787.00000,4727.00000,4761.50000,157099,643533,LFT4_CCB
20100618,4747.00000,4787.50000,4726.00000,4744.00000,130469,659237,LFT4_CCB
20100621,4829.50000,4834.00000,4715.00000,4734.50000,80587,650669,LFT4_CCB
20100622,4735.00000,4770.00000,4654.00000,4672.50000,107286,652153,LFT4_CCB
20100623,4689.50000,4739.00000,4656.00000,4679.00000,106398,649849,LFT4_CCB
20100624,4697.00000,4699.00000,4580.50000,4600.50000,108748,650242,LFT4_CCB
20100625,4603.00000,4623.50000,4522.00000,4562.00000,105788,651224,LFT4_CCB
20100628,4567.00000,4577.50000,4514.50000,4527.50000,91927,650046,LFT4_CCB
20100629,4498.50000,4506.50000,4364.00000,4386.50000,124793,659830,LFT4_CCB
20100630,4424.00000,4453.50000,4335.00000,4337.50000,148578,650694,LFT4_CCB
20100701,4344.00000,4382.00000,4281.00000,4331.00000,150153,651877,LFT4_CCB
20100702,4323.00000,4376.50000,4291.00000,4327.50000,108693,648825,LFT4_CCB
20100705,4350.50000,4354.00000,4299.00000,4304.50000,39355,645363,LFT4_CCB
20100706,4341.50000,4466.00000,4334.00000,4419.50000,105469,647827,LFT4_CCB
20100707,4398.50000,4574.00000,4381.50000,4566.50000,106442,640909,LFT4_CCB
20100708,4559.00000,4632.00000,4554.00000,4627.00000,104728,641199,LFT4_CCB
20100709,4620.00000,4667.00000,4591.00000,4664.00000,77187,641270,LFT4_CCB
20100712,4634.00000,4688.00000,4619.50000,4681.50000,70887,640097,LFT4_CCB
20100713,4669.00000,4779.00000,4667.00000,4768.00000,109565,647371,LFT4_CCB
20100714,4783.00000,4786.50000,4696.00000,4737.50000,94608,647710,LFT4_CCB
20100715,4725.00000,4761.00000,4678.50000,4736.50000,101564,647509,LFT4_CCB
20100716,4726.50000,4766.50000,4611.50000,4617.00000,112664,641950,LFT4_CCB
20100719,4629.00000,4690.00000,4604.00000,4665.00000,89380,642618,LFT4_CCB
20100720,4668.00000,4696.50000,4580.50000,4690.50000,95034,638471,LFT4_CCB
20100721,4675.50000,4738.00000,4654.50000,4668.00000,92859,641998,LFT4_CCB
20100722,4679.50000,4818.50000,4670.00000,4810.50000,102684,647307,LFT4_CCB
20100723,4799.00000,4847.50000,4764.50000,4834.50000,94948,646704,LFT4_CCB
20100726,4846.00000,4854.00000,4793.00000,4849.50000,72698,642726,LFT4_CCB
20100727,4857.00000,4905.00000,4844.00000,4861.00000,92840,645751,LFT4_CCB
20100728,4884.00000,4896.50000,4791.00000,4800.00000,84872,649140,LFT4_CCB
20100729,4828.50000,4873.00000,4764.50000,4794.50000,84205,649696,LFT4_CCB
20100730,4789.00000,4819.50000,4734.50000,4778.00000,132844,645558,LFT4_CCB
20100802,4801.00000,4909.00000,4796.00000,4893.50000,92556,644774,LFT4_CCB
20100803,4869.00000,4900.50000,4848.50000,4885.00000,71251,645085,LFT4_CCB
20100804,4883.50000,4916.00000,4826.00000,4908.00000,85977,647621,LFT4_CCB
20100805,4893.50000,4925.50000,4863.50000,4889.00000,65075,641647,LFT4_CCB
20100806,4904.00000,4917.00000,4813.50000,4885.50000,94005,649516,LFT4_CCB
20100809,4904.00000,4938.50000,4895.00000,4927.50000,66648,646691,LFT4_CCB
20100810,4901.50000,4924.50000,4854.50000,4909.50000,82912,645300,LFT4_CCB
20100811,4848.50000,4856.50000,4729.50000,4741.00000,103715,643451,LFT4_CCB
20100812,4739.50000,4791.00000,4721.50000,4782.00000,101274,646799,LFT4_CCB
20100813,4815.50000,4822.00000,4736.50000,4791.50000,88249,644921,LFT4_CCB
20100816,4803.00000,4818.00000,4739.00000,4795.00000,73401,647747,LFT4_CCB
20100817,4794.00000,4883.00000,4786.00000,4857.00000,86480,653147,LFT4_CCB
20100818,4850.00000,4859.00000,4816.50000,4835.00000,93391,647522,LFT4_CCB
20100819,4855.50000,4859.50000,4699.00000,4729.50000,142679,639144,LFT4_CCB
20100820,4731.00000,4774.00000,4679.50000,4724.50000,98314,637284,LFT4_CCB
20100823,4740.00000,4790.50000,4705.50000,4744.50000,75252,639593,LFT4_CCB
20100824,4715.50000,4721.50000,4627.50000,4668.00000,102440,637819,LFT4_CCB
20100825,4669.00000,4689.00000,4586.00000,4662.00000,104667,638556,LFT4_CCB
20100826,4666.00000,4689.00000,4630.50000,4646.50000,77478,645625,LFT4_CCB
20100827,4658.50000,4755.00000,4638.50000,4753.00000,111352,650193,LFT4_CCB
20100831,4660.00000,4761.00000,4647.50000,4737.50000,127665,642199,LFT4_CCB
20100901,4767.00000,4892.00000,4744.00000,4877.00000,132314,647059,LFT4_CCB
20100902,4865.00000,4918.00000,4862.00000,4915.00000,83236,649457,LFT4_CCB
20100903,4903.00000,4976.00000,4892.50000,4966.50000,106741,651339,LFT4_CCB
20100906,4976.50000,4983.00000,4951.50000,4963.00000,34020,647924,LFT4_CCB
20100907,4950.00000,4950.50000,4900.00000,4908.50000,116867,651619,LFT4_CCB
20100908,4908.50000,4971.00000,4884.00000,4939.00000,114635,642286,LFT4_CCB
20100909,4941.00000,5030.00000,4935.00000,4999.00000,138113,610028,LFT4_CCB
20100910,5009.00000,5037.50000,4999.50000,5025.50000,104119,563143,LFT4_CCB
20100913,5070.50000,5097.00000,5054.50000,5089.50000,244611,431216,LFT4_CCB
20100914,5090.00000,5108.50000,5065.00000,5081.50000,325128,255452,LFT4_CCB
20100915,5098.50000,5103.50000,5058.50000,5088.50000,155032,581958,LFT4_CCB
20100916,5078.00000,5090.00000,5056.50000,5084.00000,100339,623557,LFT4_CCB
20100917,5108.50000,5143.00000,5015.00000,5042.50000,151420,626741,LFT4_CCB
20100920,5066.00000,5160.50000,5058.50000,5149.00000,92077,629333,LFT4_CCB
20100921,5115.50000,5160.00000,5087.50000,5105.50000,96689,621548,LFT4_CCB
20100922,5121.00000,5123.00000,5038.50000,5082.00000,122868,619502,LFT4_CCB
20100923,5107.50000,5114.50000,4979.00000,5039.00000,129537,620351,LFT4_CCB
20100924,5053.00000,5141.00000,5039.50000,5131.50000,105302,628190,LFT4_CCB
20100927,5131.00000,5139.50000,5089.00000,5094.00000,77444,622509,LFT4_CCB
20100928,5087.50000,5123.00000,5026.00000,5118.00000,143412,615989,LFT4_CCB
20100929,5130.00000,5150.00000,5066.50000,5094.00000,110877,611539,LFT4_CCB
20100930,5075.50000,5176.50000,5050.00000,5073.00000,165730,615600,LFT4_CCB
20101001,5103.50000,5139.50000,5082.00000,5130.00000,135445,615475,LFT4_CCB
20101004,5124.00000,5143.00000,5057.50000,5083.00000,97659,617744,LFT4_CCB
20101005,5089.00000,5191.00000,5069.00000,5176.00000,121707,623716,LFT4_CCB
20101006,5180.00000,5219.00000,5171.00000,5205.00000,92268,624902,LFT4_CCB
20101007,5207.00000,5232.00000,5155.50000,5188.50000,97486,628694,LFT4_CCB
20101008,5189.00000,5200.00000,5125.50000,5190.50000,106351,622006,LFT4_CCB
20101011,5200.00000,5209.00000,5177.50000,5199.00000,51550,617906,LFT4_CCB
20101012,5194.50000,5220.50000,5117.50000,5211.00000,106965,617385,LFT4_CCB
20101013,5205.00000,5286.00000,5198.00000,5267.00000,99583,620028,LFT4_CCB
20101014,5274.00000,5296.00000,5226.50000,5253.00000,108156,617388,LFT4_CCB
20101015,5250.50000,5273.50000,5188.00000,5242.00000,109471,614364,LFT4_CCB
20101018,5227.00000,5293.00000,5193.00000,5284.50000,79511,619598,LFT4_CCB
20101019,5271.00000,5287.00000,5184.50000,5211.00000,104620,610583,LFT4_CCB
20101020,5196.50000,5268.50000,5185.00000,5253.00000,84526,612105,LFT4_CCB
20101021,5255.50000,5314.00000,5222.50000,5267.00000,108109,611932,LFT4_CCB
20101022,5263.50000,5282.50000,5248.00000,5274.00000,64976,608998,LFT4_CCB
20101025,5280.00000,5318.50000,5255.00000,5262.00000,74499,609722,LFT4_CCB
20101026,5270.00000,5273.00000,5200.00000,5241.50000,104592,608833,LFT4_CCB
20101027,5243.00000,5243.50000,5156.50000,5203.50000,105649,620337,LFT4_CCB
20101028,5202.50000,5241.50000,5181.00000,5215.00000,106344,619370,LFT4_CCB
20101029,5200.00000,5228.50000,5173.50000,5205.00000,94580,625033,LFT4_CCB
20101101,5229.00000,5263.00000,5180.00000,5212.00000,112813,620032,LFT4_CCB
20101102,5214.00000,5300.00000,5211.50000,5288.50000,101774,626440,LFT4_CCB
20101103,5301.00000,5315.50000,5261.50000,5314.00000,81758,623616,LFT4_CCB
20101104,5313.00000,5419.50000,5312.50000,5418.00000,130971,620506,LFT4_CCB
20101105,5415.50000,5432.00000,5366.00000,5424.00000,106147,625931,LFT4_CCB
20101108,5403.50000,5416.50000,5373.00000,5397.50000,80781,622382,LFT4_CCB
20101109,5383.50000,5436.50000,5370.00000,5390.00000,111360,609231,LFT4_CCB
20101110,5387.00000,5407.00000,5328.00000,5373.50000,97578,611166,LFT4_CCB
20101111,5354.00000,5378.50000,5324.50000,5371.00000,80071,609012,LFT4_CCB
20101112,5362.00000,5365.50000,5244.00000,5324.00000,133524,616625,LFT4_CCB
20101115,5334.50000,5373.00000,5287.00000,5337.00000,94437,622071,LFT4_CCB
20101116,5318.00000,5341.00000,5190.50000,5211.50000,142249,607876,LFT4_CCB
20101117,5220.00000,5248.00000,5195.50000,5232.50000,89336,609150,LFT4_CCB
20101118,5241.00000,5329.00000,5241.00000,5307.50000,98053,614902,LFT4_CCB
20101119,5318.50000,5324.50000,5225.50000,5296.50000,111538,607541,LFT4_CCB
20101122,5312.00000,5337.00000,5188.00000,5235.50000,119841,612295,LFT4_CCB
20101123,5222.00000,5222.00000,5119.50000,5140.50000,104446,611446,LFT4_CCB
20101124,5152.00000,5220.50000,5115.50000,5217.00000,99466,610317,LFT4_CCB
20101125,5217.50000,5252.50000,5195.50000,5234.00000,45658,613077,LFT4_CCB
20101126,5218.00000,5239.00000,5140.00000,5205.00000,90361,608624,LFT4_CCB
20101129,5213.50000,5267.50000,5076.50000,5139.00000,153225,603904,LFT4_CCB
20101130,5142.50000,5142.50000,5060.50000,5086.50000,152681,611307,LFT4_CCB
20101201,5079.00000,5216.00000,5066.00000,5214.50000,123871,610491,LFT4_CCB
20101202,5210.00000,5329.00000,5193.50000,5326.00000,137347,620040,LFT4_CCB
20101203,5321.00000,5331.00000,5264.00000,5308.50000,94020,620818,LFT4_CCB
20101206,5298.00000,5333.00000,5272.00000,5322.00000,81134,621761,LFT4_CCB
20101207,5326.00000,5396.00000,5312.00000,5342.00000,125172,618643,LFT4_CCB
20101208,5336.50000,5373.00000,5310.50000,5350.50000,96095,613229,LFT4_CCB
20101209,5372.00000,5385.00000,5342.00000,5359.50000,122803,573886,LFT4_CCB
20101210,5359.00000,5388.00000,5338.00000,5384.50000,127363,541213,LFT4_CCB
20101213,5379.00000,5419.00000,5372.00000,5397.50000,194735,443855,LFT4_CCB
20101214,5399.50000,5446.00000,5390.00000,5427.00000,280198,300873,LFT4_CCB
20101215,5416.00000,5444.50000,5401.50000,5423.00000,182099,591478,LFT4_CCB
20101216,5409.00000,5454.50000,5407.00000,5428.50000,114423,646928,LFT4_CCB
20101217,5430.00000,5450.00000,5403.00000,5426.00000,97460,649663,LFT4_CCB
20101220,5420.50000,5464.00000,5409.00000,5448.00000,71564,648814,LFT4_CCB
20101221,5443.00000,5502.00000,5439.00000,5495.50000,50039,649645,LFT4_CCB
20101222,5493.00000,5544.00000,5479.50000,5539.00000,45763,650466,LFT4_CCB
20101223,5541.00000,5549.50000,5526.00000,5543.50000,34028,652412,LFT4_CCB
20101224,5527.00000,5546.00000,5519.50000,5536.50000,4545,651958,LFT4_CCB
20101229,5524.50000,5565.50000,5519.00000,5526.50000,47351,653090,LFT4_CCB
20101230,5522.50000,5553.50000,5498.00000,5516.00000,44189,652415,LFT4_CCB
20101231,5505.00000,5530.00000,5457.00000,5475.00000,21889,651194,LFT4_CCB
20110104,5490.50000,5592.50000,5490.00000,5565.50000,117407,654208,LFT4_CCB
20110105,5557.00000,5593.00000,5504.00000,5589.50000,103007,653524,LFT4_CCB
20110106,5582.00000,5632.00000,5536.00000,5561.00000,101291,641859,LFT4_CCB
20110107,5552.00000,5563.50000,5494.50000,5534.00000,111633,637353,LFT4_CCB
20110110,5522.50000,5530.50000,5479.50000,5522.00000,84720,641677,LFT4_CCB
20110111,5519.50000,5582.00000,5518.50000,5550.00000,98980,645551,LFT4_CCB
20110112,5548.00000,5598.00000,5547.00000,5590.00000,102876,641762,LFT4_CCB
20110113,5585.50000,5598.50000,5537.00000,5553.00000,103199,633552,LFT4_CCB
20110114,5559.50000,5578.00000,5488.00000,5574.50000,101551,625320,LFT4_CCB
20110117,5562.00000,5564.50000,5515.00000,5526.00000,45255,625320,LFT4_CCB
20110118,5531.50000,5615.50000,5531.50000,5612.50000,103827,636330,LFT4_CCB
20110119,5612.50000,5624.50000,5501.00000,5517.00000,102086,629718,LFT4_CCB
20110120,5522.50000,5526.50000,5406.00000,5431.00000,148554,636820,LFT4_CCB
20110121,5422.50000,5484.50000,5415.00000,5436.00000,122283,639513,LFT4_CCB
20110124,5445.00000,5505.00000,5430.00000,5502.50000,85527,636369,LFT4_CCB
20110125,5509.00000,5515.00000,5447.00000,5480.50000,102188,644732,LFT4_CCB
20110126,5470.50000,5550.50000,5470.50000,5524.00000,89732,650490,LFT4_CCB
20110127,5521.00000,5543.00000,5492.00000,5520.50000,87196,653859,LFT4_CCB
20110128,5512.00000,5512.50000,5383.00000,5391.50000,136153,649868,LFT4_CCB
20110131,5382.00000,5430.00000,5359.00000,5424.50000,121612,645056,LFT4_CCB
20110201,5433.00000,5526.50000,5415.50000,5523.50000,121254,651543,LFT4_CCB
20110202,5524.50000,5571.00000,5517.00000,5549.00000,89600,649002,LFT4_CCB
20110203,5546.50000,5556.50000,5500.00000,5554.50000,79471,650263,LFT4_CCB
20110204,5547.00000,5575.00000,5535.00000,5567.00000,71382,652106,LFT4_CCB
20110207,5567.00000,5605.50000,5545.50000,5598.50000,77124,652181,LFT4_CCB
20110208,5604.50000,5659.00000,5581.50000,5658.50000,89605,654541,LFT4_CCB
20110209,5657.50000,5657.50000,5607.00000,5623.50000,80441,658619,LFT4_CCB
20110210,5624.00000,5631.50000,5548.00000,5597.00000,97770,657567,LFT4_CCB
20110211,5586.00000,5641.50000,5534.50000,5638.00000,90778,662207,LFT4_CCB
20110214,5634.00000,5655.50000,5604.00000,5632.50000,76310,657825,LFT4_CCB
20110215,5620.00000,5636.50000,5583.00000,5591.00000,73588,658737,LFT4_CCB
20110216,5596.50000,5657.00000,5596.50000,5653.50000,85174,660926,LFT4_CCB
20110217,5655.50000,5662.00000,5607.00000,5650.50000,85564,658368,LFT4_CCB
20110218,5642.50000,5659.00000,5609.00000,5634.50000,81239,659217,LFT4_CCB
20110221,5627.00000,5668.50000,5560.50000,5571.50000,78475,655802,LFT4_CCB
20110222,5557.00000,5590.00000,5484.50000,5502.50000,131544,653116,LFT4_CCB
20110223,5517.50000,5546.50000,5434.50000,5468.50000,116793,644063,LFT4_CCB
20110224,5470.00000,5501.50000,5420.00000,5476.00000,109974,641959,LFT4_CCB
20110225,5482.00000,5581.50000,5464.00000,5577.50000,111828,644584,LFT4_CCB
20110228,5561.00000,5586.50000,5525.00000,5568.00000,112305,642738,LFT4_CCB
20110301,5572.00000,5604.50000,5447.50000,5453.50000,128047,639116,LFT4_CCB
20110302,5439.50000,5508.00000,5429.50000,5476.00000,132349,641117,LFT4_CCB
20110303,5471.50000,5603.00000,5471.00000,5592.50000,124440,652671,LFT4_CCB
20110304,5591.50000,5619.50000,5516.00000,5556.00000,113156,644544,LFT4_CCB
20110307,5552.00000,5611.00000,5499.50000,5513.00000,103414,646040,LFT4_CCB
20110308,5522.00000,5582.00000,5475.00000,5549.50000,135092,636675,LFT4_CCB
20110309,5549.50000,5555.00000,5497.50000,5520.00000,99517,636284,LFT4_CCB
20110310,5514.00000,5514.00000,5398.00000,5413.00000,182195,604627,LFT4_CCB
20110311,5423.50000,5438.00000,5362.50000,5421.00000,155863,541949,LFT4_CCB
20110314,5412.50000,5419.00000,5344.00000,5372.50000,249629,415776,LFT4_CCB
20110315,5344.00000,5344.00000,5167.00000,5293.00000,133460,444675,LFT4_CCB
20110316,5305.50000,5311.50000,5084.00000,5136.00000,179763,550397,LFT4_CCB
20110317,5157.50000,5286.50000,5148.50000,5251.50000,111631,575473,LFT4_CCB
20110318,5279.00000,5341.00000,5276.00000,5289.00000,145234,570791,LFT4_CCB
20110321,5314.00000,5379.50000,5311.50000,5365.00000,85769,567362,LFT4_CCB
20110322,5350.50000,5393.00000,5320.50000,5328.00000,83336,573529,LFT4_CCB
20110323,5320.50000,5395.00000,5310.50000,5389.00000,104940,577235,LFT4_CCB
20110324,5379.50000,5486.50000,5358.00000,5480.00000,97989,577030,LFT4_CCB
20110325,5488.00000,5515.00000,5457.50000,5474.50000,83790,584996,LFT4_CCB
20110328,5475.50000,5506.00000,5468.50000,5473.50000,60598,584279,LFT4_CCB
20110329,5461.50000,5524.00000,5459.00000,5521.50000,77105,586715,LFT4_CCB
20110330,5521.50000,5559.50000,5521.50000,5539.00000,62343,591430,LFT4_CCB
20110331,5539.00000,5558.50000,5486.00000,5507.00000,105379,598770,LFT4_CCB
20110401,5512.00000,5601.00000,5505.00000,5575.50000,95227,600020,LFT4_CCB
20110404,5588.50000,5625.50000,5569.50000,5608.00000,79961,602365,LFT4_CCB
20110405,5603.00000,5613.00000,5571.50000,5601.50000,69772,603108,LFT4_CCB
20110406,5597.00000,5641.50000,5591.50000,5640.50000,79917,604985,LFT4_CCB
20110407,5620.50000,5638.50000,5585.00000,5618.00000,86599,607442,LFT4_CCB
20110408,5623.50000,5651.50000,5598.00000,5623.00000,68805,610135,LFT4_CCB
20110411,5638.00000,5655.50000,5614.00000,5632.00000,69112,612832,LFT4_CCB
20110412,5619.50000,5619.50000,5541.00000,5559.50000,107671,607879,LFT4_CCB
20110413,5555.50000,5634.00000,5555.50000,5588.00000,102817,615972,LFT4_CCB
20110414,5589.50000,5589.50000,5525.50000,5575.00000,93752,612305,LFT4_CCB
20110415,5570.50000,5596.50000,5547.00000,5588.00000,81454,612305,LFT4_CCB
20110418,5591.50000,5591.50000,5441.50000,5488.50000,122878,672374,LFT4_CCB
20110419,5477.00000,5509.50000,5459.50000,5505.00000,70729,667543,LFT4_CCB
20110420,5543.00000,5621.50000,5539.00000,5616.00000,98813,684395,LFT4_CCB
20110421,5635.50000,5646.50000,5596.00000,5613.50000,66784,657763,LFT4_CCB
20110426,5595.50000,5664.00000,5595.50000,5657.50000,66008,660803,LFT4_CCB
20110427,5664.00000,5704.50000,5638.00000,5692.00000,75661,665460,LFT4_CCB
20110428,5685.50000,5687.00000,5644.50000,5684.00000,77782,670234,LFT4_CCB
20110503,5676.00000,5720.50000,5617.50000,5643.50000,100433,683788,LFT4_CCB
20110504,5630.50000,5671.50000,5573.00000,5589.00000,122085,695320,LFT4_CCB
20110505,5604.00000,5618.00000,5471.00000,5501.00000,112568,683882,LFT4_CCB
20110506,5505.50000,5583.50000,5466.50000,5518.00000,127705,691767,LFT4_CCB
20110509,5534.50000,5597.00000,5517.00000,5555.00000,102207,676638,LFT4_CCB
20110510,5552.00000,5642.50000,5538.50000,5638.00000,88682,664195,LFT4_CCB
20110511,5635.50000,5649.50000,5529.00000,5560.50000,96231,677967,LFT4_CCB
20110512,5556.00000,5589.00000,5488.50000,5578.00000,108241,679775,LFT4_CCB
20110513,5581.50000,5609.50000,5500.00000,5533.00000,105345,625206,LFT4_CCB
20110516,5505.50000,5544.50000,5467.50000,5493.50000,115039,681368,LFT4_CCB
20110517,5472.50000,5550.00000,5457.00000,5506.00000,119494,622611,LFT4_CCB
20110518,5516.00000,5573.50000,5498.50000,5568.00000,87793,663965,LFT4_CCB
20110519,5574.50000,5617.00000,5548.00000,5592.00000,112767,674756,LFT4_CCB
20110520,5590.00000,5631.50000,5537.50000,5558.50000,110181,627892,LFT4_CCB
20110523,5475.50000,5551.00000,5429.50000,5454.50000,114556,619089,LFT4_CCB
20110524,5444.50000,5495.00000,5430.50000,5456.00000,99908,614109,LFT4_CCB
20110525,5413.50000,5506.50000,5405.00000,5484.50000,97595,619760,LFT4_CCB
20110526,5515.50000,5539.00000,5477.00000,5525.50000,111491,626583,LFT4_CCB
20110527,5524.50000,5563.50000,5522.50000,5549.00000,96668,639748,LFT4_CCB
20110531,5605.50000,5622.00000,5559.50000,5619.00000,111502,653490,LFT4_CCB
20110601,5621.50000,5621.50000,5490.00000,5493.50000,115494,666337,LFT4_CCB
20110602,5499.00000,5519.50000,5469.00000,5503.50000,100511,659871,LFT4_CCB
20110603,5504.00000,5505.50000,5428.00000,5474.50000,122432,656094,LFT4_CCB
20110606,5475.50000,5509.50000,5444.00000,5453.50000,93808,656918,LFT4_CCB
20110607,5455.50000,5517.50000,5455.50000,5470.50000,105018,654542,LFT4_CCB
20110608,5476.50000,5488.00000,5405.00000,5416.50000,125205,627110,LFT4_CCB
20110609,5423.00000,5511.00000,5419.00000,5496.00000,131652,597258,LFT4_CCB
20110610,5486.50000,5494.50000,5362.50000,5389.50000,154843,568920,LFT4_CCB
20110613,5396.50000,5421.00000,5366.50000,5380.50000,140663,443920,LFT4_CCB
20110614,5388.50000,5451.50000,5381.50000,5437.50000,266034,268761,LFT4_CCB
20110615,5439.50000,5439.50000,5317.50000,5332.00000,156019,560458,LFT4_CCB
20110616,5346.50000,5357.00000,5267.00000,5294.50000,154865,624839,LFT4_CCB
20110617,5291.50000,5357.00000,5267.50000,5328.50000,146858,634473,LFT4_CCB
20110620,5321.50000,5336.00000,5271.50000,5325.00000,86271,636135,LFT4_CCB
20110621,5327.50000,5415.50000,5314.50000,5407.50000,85122,634785,LFT4_CCB
20110622,5388.00000,5414.50000,5366.00000,5385.50000,87878,645651,LFT4_CCB
20110623,5372.00000,5375.00000,5287.00000,5349.00000,117412,652367,LFT4_CCB
20110624,5351.50000,5394.00000,5301.50000,5316.00000,109621,650394,LFT4_CCB
20110627,5303.50000,5381.50000,5288.50000,5367.50000,80801,645445,LFT4_CCB
20110628,5384.00000,5427.00000,5355.00000,5423.50000,100712,645212,LFT4_CCB
20110629,5423.50000,5504.50000,5415.00000,5488.50000,108211,649535,LFT4_CCB
20110630,5488.00000,5586.50000,5487.00000,5581.00000,122821,658851,LFT4_CCB
20110701,5574.50000,5644.50000,5561.50000,5634.50000,100272,665163,LFT4_CCB
20110704,5626.50000,5657.00000,5608.00000,5648.00000,50412,671749,LFT4_CCB
20110705,5650.00000,5664.00000,5634.00000,5645.50000,82371,682820,LFT4_CCB
20110706,5650.50000,5667.50000,5599.50000,5639.50000,105693,683654,LFT4_CCB
20110707,5648.50000,5710.50000,5631.00000,5697.50000,87570,687083,LFT4_CCB
20110708,5691.00000,5710.00000,5605.50000,5639.00000,126343,688741,LFT4_CCB
20110711,5609.50000,5625.50000,5524.50000,5535.50000,129935,692694,LFT4_CCB
20110712,5550.50000,5550.50000,5415.50000,5470.50000,181458,686482,LFT4_CCB
20110713,5478.50000,5536.50000,5469.00000,5485.00000,118872,684962,LFT4_CCB
20110714,5467.00000,5520.50000,5428.50000,5441.50000,114822,678133,LFT4_CCB
20110715,5448.50000,5487.50000,5429.00000,5466.00000,106876,674669,LFT4_CCB
20110718,5461.50000,5461.50000,5358.50000,5388.00000,102702,673764,LFT4_CCB
20110719,5395.50000,5439.50000,5386.00000,5431.50000,103723,666088,LFT4_CCB
20110720,5432.50000,5481.00000,5428.50000,5471.50000,110803,658492,LFT4_CCB
20110721,5477.00000,5559.00000,5419.50000,5545.00000,140143,661409,LFT4_CCB
20110722,5548.50000,5592.50000,5527.00000,5560.00000,86736,661552,LFT4_CCB
20110725,5535.50000,5563.50000,5505.50000,5531.50000,82027,661465,LFT4_CCB
20110726,5530.00000,5574.50000,5516.00000,5545.00000,92094,644875,LFT4_CCB
20110727,5542.50000,5557.50000,5422.00000,5429.50000,115098,639236,LFT4_CCB
20110728,5428.00000,5508.00000,5405.00000,5453.50000,105848,633603,LFT4_CCB
20110729,5457.50000,5477.50000,5395.50000,5413.00000,150753,627613,LFT4_CCB
20110801,5466.50000,5539.50000,5373.50000,5423.00000,150182,621301,LFT4_CCB
20110802,5411.00000,5432.50000,5276.50000,5278.50000,145201,626671,LFT4_CCB
20110803,5277.50000,5322.00000,5185.50000,5261.50000,206278,626115,LFT4_CCB
20110804,5265.00000,5283.50000,4906.00000,4931.00000,184780,626433,LFT4_CCB
20110805,4940.00000,5030.00000,4782.50000,4933.50000,325093,617626,LFT4_CCB
20110808,4850.00000,4939.00000,4511.50000,4532.50000,288614,627270,LFT4_CCB
20110809,4509.50000,4900.00000,4363.00000,4900.00000,387606,634348,LFT4_CCB
20110810,4914.00000,4919.50000,4620.50000,4625.50000,280324,623682,LFT4_CCB
20110811,4626.00000,4939.00000,4587.50000,4887.50000,253044,627952,LFT4_CCB
20110812,4883.00000,5010.00000,4745.00000,4967.50000,166367,620219,LFT4_CCB
20110815,4996.50000,5046.50000,4966.00000,5046.00000,93838,618285,LFT4_CCB
20110816,5033.50000,5041.50000,4912.00000,4978.50000,119688,614973,LFT4_CCB
20110817,4971.50000,5029.50000,4935.50000,4974.50000,103063,614474,LFT4_CCB
20110818,4962.00000,4962.00000,4690.50000,4731.00000,180968,608250,LFT4_CCB
20110819,4713.50000,4766.00000,4583.00000,4653.50000,209429,622185,LFT4_CCB
20110822,4651.50000,4841.50000,4618.50000,4731.00000,127800,619417,LFT4_CCB
20110823,4724.50000,4869.50000,4724.50000,4861.50000,124145,608628,LFT4_CCB
20110824,4856.50000,4910.00000,4754.50000,4904.00000,113861,614370,LFT4_CCB
20110825,4891.50000,4909.00000,4747.00000,4754.00000,153743,617255,LFT4_CCB
20110826,4777.00000,4833.50000,4668.00000,4805.50000,127046,620502,LFT4_CCB
20110830,4922.50000,4961.50000,4860.50000,4938.00000,115332,623542,LFT4_CCB
20110831,4915.50000,5069.50000,4908.50000,5036.50000,161579,622113,LFT4_CCB
20110901,5059.00000,5104.50000,5005.00000,5013.50000,132303,627074,LFT4_CCB
20110902,5003.50000,5031.00000,4898.50000,4920.00000,117061,629613,LFT4_CCB
20110905,4886.50000,4889.00000,4719.50000,4733.00000,114497,617429,LFT4_CCB
20110906,4749.50000,4876.50000,4703.50000,4872.00000,160080,609310,LFT4_CCB
20110907,4865.00000,5021.50000,4865.00000,5017.50000,125823,596360,LFT4_CCB
20110908,5033.50000,5036.50000,4929.50000,4950.00000,145415,562051,LFT4_CCB
20110909,4954.50000,5015.00000,4825.50000,4844.50000,191046,539572,LFT4_CCB
20110912,4821.50000,4853.00000,4718.00000,4846.50000,266948,473222,LFT4_CCB
20110913,4864.00000,4895.50000,4728.00000,4877.00000,368868,342889,LFT4_CCB
20110914,4865.50000,4991.50000,4775.00000,4960.00000,318836,171261,LFT4_CCB
20110915,4955.00000,5049.50000,4921.00000,5047.00000,132889,617410,LFT4_CCB
20110916,5043.00000,5070.50000,5000.00000,5047.00000,137720,623541,LFT4_CCB
20110919,5005.50000,5005.50000,4890.00000,4943.00000,99792,628916,LFT4_CCB
20110920,4915.50000,5039.00000,4875.00000,4988.00000,114751,629770,LFT4_CCB
20110921,4986.00000,5034.00000,4852.00000,4855.50000,124235,623187,LFT4_CCB
20110922,4851.00000,4856.00000,4648.00000,4718.00000,185481,629369,LFT4_CCB
20110923,4731.00000,4765.00000,4584.50000,4724.50000,165804,628497,LFT4_CCB
20110926,4738.00000,4824.50000,4609.00000,4818.00000,154467,622881,LFT4_CCB
20110927,4809.50000,4977.00000,4809.50000,4905.50000,148817,626896,LFT4_CCB
20110928,4873.50000,4975.50000,4809.00000,4809.00000,128407,621591,LFT4_CCB
20110929,4808.50000,4913.00000,4780.50000,4853.00000,118655,624457,LFT4_CCB
20110930,4849.50000,4866.00000,4691.00000,4704.00000,133085,635480,LFT4_CCB
20111003,4705.00000,4750.50000,4629.50000,4653.00000,143681,638931,LFT4_CCB
20111004,4639.00000,4726.00000,4525.50000,4720.00000,183624,641115,LFT4_CCB
20111005,4664.00000,4805.00000,4659.00000,4800.00000,154089,629736,LFT4_CCB
20111006,4790.50000,4986.00000,4773.50000,4981.00000,190109,639965,LFT4_CCB
20111007,4968.00000,5030.50000,4925.00000,4936.00000,148415,639897,LFT4_CCB
20111010,4994.00000,5073.00000,4965.00000,5069.00000,91621,642931,LFT4_CCB
20111011,5067.00000,5069.00000,4991.00000,5058.50000,96746,645629,LFT4_CCB
20111012,5035.50000,5128.50000,5008.50000,5082.50000,127795,644717,LFT4_CCB
20111013,5079.00000,5119.00000,5029.50000,5094.00000,125786,646236,LFT4_CCB
20111014,5090.50000,5164.50000,5057.50000,5159.00000,115394,644661,LFT4_CCB
20111017,5172.00000,5206.00000,5063.00000,5063.00000,122748,642498,LFT4_CCB
20111018,5053.00000,5176.00000,5009.50000,5143.00000,124020,645885,LFT4_CCB
20111019,5131.00000,5148.00000,5038.50000,5049.50000,122173,648990,LFT4_CCB
20111020,5068.00000,5098.50000,5019.50000,5073.00000,136908,641846,LFT4_CCB
20111021,5073.50000,5164.50000,5051.00000,5154.00000,117704,639394,LFT4_CCB
20111024,5154.00000,5222.00000,5143.00000,5216.00000,95063,637318,LFT4_CCB
20111025,5203.00000,5235.50000,5125.00000,5157.50000,127661,643941,LFT4_CCB
20111026,5151.00000,5270.50000,5151.00000,5259.00000,114407,642375,LFT4_CCB
20111027,5259.00000,5449.50000,5247.00000,5423.50000,150122,638721,LFT4_CCB
20111028,5427.00000,5430.50000,5342.50000,5363.00000,119760,632653,LFT4_CCB
20111031,5348.50000,5348.50000,5177.00000,5177.00000,145065,630839,LFT4_CCB
20111101,5184.50000,5184.50000,4998.50000,5080.50000,196222,638394,LFT4_CCB
20111102,5118.50000,5182.00000,5057.50000,5160.00000,152273,625724,LFT4_CCB
20111103,5119.50000,5269.50000,5058.50000,5252.50000,145917,622901,LFT4_CCB
20111104,5228.00000,5270.50000,5179.00000,5229.50000,122113,619431,LFT4_CCB
20111107,5245.50000,5246.50000,5104.00000,5224.00000,113556,627995,LFT4_CCB
20111108,5226.00000,5327.00000,5186.50000,5310.50000,109407,627913,LFT4_CCB
20111109,5304.50000,5318.50000,5046.50000,5054.00000,170238,636648,LFT4_CCB
20111110,5033.00000,5172.50000,5018.50000,5138.00000,150422,631696,LFT4_CCB
20111111,5135.00000,5229.50000,5113.50000,5211.00000,96165,627491,LFT4_CCB
20111114,5233.00000,5262.50000,5153.00000,5170.50000,104502,620686,LFT4_CCB
20111115,5187.00000,5249.00000,5101.50000,5224.50000,142244,622004,LFT4_CCB
20111116,5217.50000,5246.50000,5129.50000,5139.50000,134891,622288,LFT4_CCB
20111117,5125.50000,5186.00000,5023.50000,5046.00000,155944,629229,LFT4_CCB
20111118,5049.50000,5100.00000,5019.00000,5034.00000,121398,625663,LFT4_CCB
20111121,5008.50000,5017.50000,4886.00000,4932.00000,116224,628509,LFT4_CCB
20111122,4934.50000,4963.00000,4879.00000,4902.50000,110067,629639,LFT4_CCB
20111123,4903.00000,4912.00000,4800.50000,4806.00000,112442,631675,LFT4_CCB
20111124,4814.00000,4870.00000,4781.00000,4793.50000,73866,634013,LFT4_CCB
20111125,4796.00000,4886.00000,4757.50000,4825.00000,92774,638299,LFT4_CCB
20111128,4890.50000,5013.00000,4879.50000,5002.00000,108471,634555,LFT4_CCB
20111129,4978.00000,5029.50000,4955.00000,5007.00000,107849,627836,LFT4_CCB
20111130,5001.50000,5228.00000,4961.00000,5222.50000,215930,628885,LFT4_CCB
20111201,5214.00000,5244.50000,5169.00000,5183.50000,142280,616791,LFT4_CCB
20111202,5191.00000,5284.50000,5189.00000,5204.50000,117588,611332,LFT4_CCB
20111205,5236.00000,5289.00000,5213.00000,5235.50000,85328,605343,LFT4_CCB
20111206,5216.00000,5295.50000,5192.50000,5269.00000,95573,599781,LFT4_CCB
20111207,5276.50000,5319.50000,5183.00000,5261.50000,135625,591580,LFT4_CCB
20111208,5274.00000,5293.50000,5127.50000,5135.00000,141238,582378,LFT4_CCB
20111209,5160.00000,5246.50000,5102.00000,5233.00000,159825,546927,LFT4_CCB
20111212,5232.00000,5234.00000,5092.00000,5128.00000,230567,473660,LFT4_CCB
20111213,5127.50000,5213.50000,5099.00000,5125.50000,378829,293537,LFT4_CCB
20111214,5127.50000,5158.00000,5051.50000,5068.00000,262662,168504,LFT4_CCB
20111215,5058.50000,5120.50000,5049.50000,5082.50000,106852,588325,LFT4_CCB
20111216,5112.00000,5139.50000,5035.00000,5053.00000,120888,599623,LFT4_CCB
20111219,5044.00000,5097.50000,5005.00000,5011.00000,83669,598260,LFT4_CCB
20111220,5035.50000,5131.00000,5012.50000,5122.50000,88821,597092,LFT4_CCB
20111221,5131.50000,5165.50000,5051.50000,5099.50000,101755,590971,LFT4_CCB
20111222,5092.50000,5168.00000,5069.00000,5162.00000,58683,594465,LFT4_CCB
20111223,5167.50000,5202.50000,5158.50000,5199.00000,20461,594720,LFT4_CCB
20111228,5201.50000,5253.50000,5173.00000,5184.50000,45578,594209,LFT4_CCB
20111229,5188.50000,5280.50000,5178.00000,5268.00000,39464,592634,LFT4_CCB
20111230,5266.50000,5275.50000,5215.50000,5259.50000,23772,592369,LFT4_CCB
20120103,5324.50000,5387.00000,5294.50000,5374.50000,97139,601067,LFT4_CCB
20120104,5372.50000,5404.50000,5329.00000,5373.50000,97625,607000,LFT4_CCB
20120105,5371.50000,5374.00000,5298.00000,5330.00000,102334,613522,LFT4_CCB
20120106,5317.50000,5368.00000,5293.50000,5327.00000,80239,619475,LFT4_CCB
20120109,5311.00000,5358.50000,5285.00000,5316.50000,80926,615596,LFT4_CCB
20120110,5323.50000,5398.50000,5323.50000,5373.50000,105841,618057,LFT4_CCB
20120111,5368.00000,5382.50000,5325.50000,5369.50000,85627,621177,LFT4_CCB
20120112,5361.50000,5382.00000,5319.50000,5373.00000,104620,626540,LFT4_CCB
20120113,5378.50000,5392.00000,5262.50000,5315.00000,115994,628552,LFT4_CCB
20120116,5303.50000,5344.50000,5283.00000,5339.50000,63624,632941,LFT4_CCB
20120117,5346.00000,5407.50000,5342.50000,5350.00000,107252,632625,LFT4_CCB
20120118,5356.50000,5401.00000,5328.50000,5398.00000,111843,634841,LFT4_CCB
20120119,5398.00000,5430.00000,5373.50000,5426.00000,115382,624815,LFT4_CCB
20120120,5421.50000,5436.50000,5402.50000,5434.50000,99231,0,LFT4_CCB
20120123,5423.50000,5473.00000,5405.50000,5466.50000,101701,637476,LFT4_CCB
20120124,5463.50000,5469.00000,5399.00000,5429.50000,95774,635070,LFT4_CCB
20120125,5443.50000,5461.50000,5374.00000,5437.50000,99098,635872,LFT4_CCB
20120126,5441.00000,5490.00000,5420.00000,5456.50000,101330,636458,LFT4_CCB
20120127,5450.50000,5475.50000,5405.50000,5417.00000,104130,631766,LFT4_CCB
20120130,5406.50000,5409.50000,5333.00000,5364.00000,92056,638756,LFT4_CCB
20120131,5376.50000,5413.00000,5361.50000,5384.50000,120736,643034,LFT4_CCB
20120201,5390.50000,5484.00000,5366.50000,5462.50000,104942,643259,LFT4_CCB
20120202,5468.50000,5497.00000,5445.50000,5479.50000,94782,639956,LFT4_CCB
20120203,5485.50000,5602.00000,5464.50000,5599.00000,108998,642798,LFT4_CCB
20120206,5585.00000,5586.00000,5543.00000,5577.00000,77147,636667,LFT4_CCB
20120207,5581.50000,5586.50000,5530.00000,5565.50000,94205,637033,LFT4_CCB
20120208,5572.50000,5595.50000,5550.00000,5582.00000,77083,629916,LFT4_CCB
20120209,5566.50000,5596.00000,5550.00000,5589.50000,95623,626615,LFT4_CCB
20120210,5576.50000,5581.00000,5517.50000,5538.00000,97547,627568,LFT4_CCB
20120213,5543.00000,5600.00000,5539.00000,5591.50000,80365,631982,LFT4_CCB
20120214,5586.50000,5599.50000,5555.00000,5587.50000,101380,636267,LFT4_CCB
20120215,5583.50000,5624.50000,5554.00000,5560.50000,102684,638379,LFT4_CCB
20120216,5557.00000,5615.00000,5529.00000,5608.00000,93744,640426,LFT4_CCB
20120217,5611.50000,5627.00000,5596.00000,5621.50000,78924,636157,LFT4_CCB
20120220,5653.50000,5666.50000,5629.50000,5644.00000,42493,636831,LFT4_CCB
20120221,5632.00000,5647.00000,5612.50000,5615.50000,85014,638200,LFT4_CCB
20120222,5621.00000,5640.00000,5595.00000,5615.00000,87320,639222,LFT4_CCB
20120223,5607.50000,5656.00000,5601.00000,5647.50000,108202,640050,LFT4_CCB
20120224,5653.50000,5667.50000,5623.50000,5629.50000,75095,647461,LFT4_CCB
20120227,5623.50000,5631.50000,5566.50000,5620.00000,103536,642251,LFT4_CCB
20120228,5620.00000,5638.00000,5599.50000,5628.00000,88153,644123,LFT4_CCB
20120229,5632.00000,5654.50000,5570.00000,5576.50000,172225,634193,LFT4_CCB
20120301,5583.50000,5652.50000,5560.50000,5638.00000,120759,637681,LFT4_CCB
20120302,5645.50000,5653.50000,5600.50000,5618.00000,86963,633638,LFT4_CCB
20120305,5622.50000,5626.50000,5571.50000,5592.50000,100093,629897,LFT4_CCB
20120306,5593.50000,5595.00000,5445.00000,5452.00000,148735,631449,LFT4_CCB
20120307,5460.50000,5520.00000,5458.00000,5510.50000,113115,618274,LFT4_CCB
20120308,5507.50000,5593.50000,5505.00000,5577.00000,122559,610917,LFT4_CCB
20120309,5569.50000,5619.00000,5560.50000,5607.50000,153606,566607,LFT4_CCB
20120312,5597.50000,5625.00000,5578.50000,5616.00000,186982,453680,LFT4_CCB
20120313,5627.50000,5720.50000,5627.00000,5715.50000,358473,267733,LFT4_CCB
20120314,5708.50000,5723.50000,5656.50000,5660.50000,280581,149880,LFT4_CCB
20120315,5663.50000,5686.00000,5643.50000,5668.00000,128158,631992,LFT4_CCB
20120316,5663.00000,5698.50000,5654.00000,5687.00000,114413,636075,LFT4_CCB
20120319,5700.50000,5703.50000,5650.50000,5679.00000,79762,637633,LFT4_CCB
20120320,5679.50000,5681.00000,5598.50000,5620.00000,101466,635510,LFT4_CCB
20120321,5616.00000,5648.00000,5606.00000,5610.00000,98726,634497,LFT4_CCB
20120322,5623.00000,5628.50000,5551.00000,5583.50000,112392,633073,LFT4_CCB
20120323,5586.00000,5603.00000,5526.50000,5600.00000,106587,633498,LFT4_CCB
20120326,5625.00000,5640.00000,5580.50000,5637.00000,90326,630375,LFT4_CCB
20120327,5649.00000,5668.50000,5582.00000,5584.50000,96036,627578,LFT4_CCB
20120328,5585.00000,5607.00000,5500.50000,5522.00000,114314,622611,LFT4_CCB
20120329,5526.00000,5541.00000,5453.00000,5490.50000,143036,614656,LFT4_CCB
20120330,5490.00000,5524.00000,5479.50000,5500.50000,120549,606253,LFT4_CCB
20120402,5516.00000,5634.00000,5474.50000,5617.00000,138977,606107,LFT4_CCB
20120403,5617.00000,5623.00000,5534.00000,5559.50000,104237,598598,LFT4_CCB
20120404,5562.50000,5562.50000,5410.00000,5438.00000,164856,598407,LFT4_CCB
20120405,5426.50000,5458.50000,5387.50000,5440.50000,114651,584556,LFT4_CCB
20120410,5392.00000,5414.50000,5264.00000,5268.00000,138704,567666,LFT4_CCB
20120411,5282.00000,5381.50000,5281.00000,5343.00000,147878,567147,LFT4_CCB
20120412,5351.00000,5454.50000,5327.00000,5443.50000,136161,551104,LFT4_CCB
20120413,5453.00000,5456.50000,5364.50000,5369.50000,114379,549423,LFT4_CCB
20120416,5364.50000,5433.50000,5349.50000,5399.50000,109313,544356,LFT4_CCB
20120417,5397.00000,5504.50000,5379.50000,5493.00000,97619,546948,LFT4_CCB
20120418,5494.00000,5515.00000,5461.00000,5483.50000,97622,548831,LFT4_CCB
20120419,5481.00000,5524.00000,5435.00000,5465.00000,138434,547529,LFT4_CCB
20120420,5468.00000,5511.50000,5453.50000,5492.00000,119215,553091,LFT4_CCB
20120423,5487.00000,5492.50000,5367.00000,5407.50000,112629,548639,LFT4_CCB
20120424,5409.00000,5447.50000,5388.50000,5431.50000,80620,549865,LFT4_CCB
20120425,5446.50000,5483.00000,5439.00000,5464.50000,86902,551607,LFT4_CCB
20120426,5467.00000,5511.00000,5429.00000,5502.50000,94874,550412,LFT4_CCB
20120427,5488.00000,5528.50000,5445.00000,5519.00000,98624,547978,LFT4_CCB
20120430,5516.00000,5534.50000,5463.00000,5490.50000,98924,551030,LFT4_CCB
20120501,5490.00000,5559.00000,5473.00000,5544.00000,34317,556308,LFT4_CCB
20120502,5544.00000,5559.50000,5479.00000,5521.00000,126756,557412,LFT4_CCB
20120503,5516.00000,5540.50000,5481.00000,5486.00000,108816,564199,LFT4_CCB
20120504,5484.00000,5502.50000,5377.00000,5391.00000,135169,564097,LFT4_CCB
20120508,5405.00000,5409.50000,5287.50000,5337.00000,145245,569310,LFT4_CCB
20120509,5338.00000,5338.00000,5216.50000,5279.50000,161205,574521,LFT4_CCB
20120510,5274.00000,5320.00000,5243.50000,5297.00000,122577,573776,LFT4_CCB
20120511,5276.50000,5340.00000,5251.00000,5286.00000,116966,577653,LFT4_CCB
20120514,5273.00000,5298.00000,5189.00000,5195.50000,138856,586170,LFT4_CCB
20120515,5205.50000,5261.00000,5153.50000,5157.00000,140213,589304,LFT4_CCB
20120516,5165.00000,5208.00000,5112.00000,5138.50000,158912,588061,LFT4_CCB
20120517,5155.50000,5179.50000,5052.00000,5052.50000,148649,591438,LFT4_CCB
20120518,5062.00000,5074.00000,4985.50000,4992.50000,162414,587008,LFT4_CCB
20120521,4999.00000,5109.00000,4998.00000,5107.00000,119510,586839,LFT4_CCB
20120522,5104.50000,5167.50000,5086.00000,5124.00000,119981,584161,LFT4_CCB
20120523,5112.50000,5114.50000,5006.50000,5086.00000,139715,587654,LFT4_CCB
20120524,5057.00000,5130.50000,5024.50000,5107.50000,134392,582521,LFT4_CCB
20120525,5113.50000,5143.50000,5069.00000,5094.50000,113701,585090,LFT4_CCB
20120528,5122.00000,5173.00000,5097.50000,5120.50000,62791,580961,LFT4_CCB
20120529,5102.50000,5163.00000,5098.00000,5151.50000,108912,590168,LFT4_CCB
20120530,5150.00000,5150.00000,5044.50000,5049.50000,141969,589273,LFT4_CCB
20120531,5044.00000,5123.50000,5032.50000,5100.00000,173196,592701,LFT4_CCB
20120601,5098.00000,5116.50000,4989.00000,5014.50000,166761,584986,LFT4_CCB
20120606,5049.00000,5190.50000,5039.00000,5181.00000,153990,576039,LFT4_CCB
20120607,5189.00000,5270.50000,5166.00000,5219.00000,161632,575854,LFT4_CCB
20120608,5225.50000,5236.50000,5155.00000,5230.00000,117410,547425,LFT4_CCB
20120611,5306.00000,5327.50000,5175.00000,5177.50000,239689,438514,LFT4_CCB
20120612,5178.00000,5271.50000,5174.50000,5267.00000,347825,231242,LFT4_CCB
20120613,5265.00000,5283.00000,5210.50000,5224.00000,252830,99634,LFT4_CCB
20120614,5238.00000,5265.50000,5197.50000,5246.50000,151760,74964,LFT4_CCB
20120615,5253.50000,5305.00000,5237.50000,5273.50000,147121,591554,LFT4_CCB
20120618,5313.00000,5344.00000,5232.00000,5270.00000,124819,590651,LFT4_CCB
20120619,5273.50000,5378.00000,5267.00000,5357.00000,120458,594604,LFT4_CCB
20120620,5365.00000,5423.00000,5339.00000,5398.00000,113256,597414,LFT4_CCB
20120621,5397.50000,5397.50000,5273.00000,5276.00000,116772,594991,LFT4_CCB
20120622,5285.00000,5321.00000,5274.00000,5312.50000,83136,596512,LFT4_CCB
20120625,5298.00000,5300.50000,5209.50000,5218.00000,88114,601174,LFT4_CCB
20120626,5215.50000,5258.50000,5211.00000,5243.50000,74548,603960,LFT4_CCB
20120627,5242.00000,5317.50000,5227.00000,5307.00000,68042,607814,LFT4_CCB
20120628,5312.50000,5319.00000,5211.00000,5303.50000,109715,612842,LFT4_CCB
20120629,5283.00000,5397.50000,5277.00000,5367.00000,144794,612002,LFT4_CCB
20120702,5378.00000,5439.50000,5347.50000,5431.00000,106666,609967,LFT4_CCB
20120703,5424.00000,5478.50000,5412.00000,5465.00000,77247,611245,LFT4_CCB
20120704,5465.00000,5478.50000,5439.00000,5469.00000,43218,613903,LFT4_CCB
20120705,5460.50000,5504.50000,5437.50000,5460.00000,99789,617094,LFT4_CCB
20120706,5469.50000,5470.50000,5421.00000,5456.50000,82681,621732,LFT4_CCB
20120709,5449.00000,5457.00000,5384.50000,5422.00000,71809,623327,LFT4_CCB
20120710,5425.50000,5464.50000,5396.50000,5414.00000,87071,623742,LFT4_CCB
20120711,5411.00000,5450.00000,5397.00000,5440.50000,85335,624486,LFT4_CCB
20120712,5443.00000,5446.00000,5362.00000,5404.00000,88944,623145,LFT4_CCB
20120713,5401.00000,5460.00000,5399.00000,5452.50000,73938,629967,LFT4_CCB
20120716,5454.00000,5455.00000,5414.00000,5430.00000,63428,630063,LFT4_CCB
20120717,5423.50000,5456.00000,5394.00000,5428.50000,84400,625544,LFT4_CCB
20120718,5428.50000,5472.50000,5399.00000,5460.00000,89183,636488,LFT4_CCB
20120719,5466.50000,5504.00000,5460.50000,5491.00000,79440,630516,LFT4_CCB
20120720,5486.00000,5487.50000,5418.50000,5422.00000,86915,625086,LFT4_CCB
20120723,5399.50000,5404.00000,5285.00000,5329.50000,106600,627143,LFT4_CCB
20120724,5314.50000,5335.00000,5229.00000,5262.50000,96667,588006,LFT4_CCB
20120725,5238.50000,5302.00000,5235.50000,5271.00000,82291,617494,LFT4_CCB
20120726,5271.00000,5371.00000,5251.50000,5358.50000,110148,619012,LFT4_CCB
20120727,5357.00000,5447.00000,5324.50000,5428.00000,90569,616215,LFT4_CCB
20120730,5418.00000,5483.50000,5399.50000,5428.00000,90074,621432,LFT4_CCB
20120731,5459.00000,5486.00000,5396.50000,5402.00000,103755,623996,LFT4_CCB
20120801,5396.50000,5508.50000,5392.50000,5492.00000,98624,623585,LFT4_CCB
20120802,5494.00000,5554.50000,5403.00000,5436.00000,138325,621583,LFT4_CCB
20120803,5435.50000,5571.50000,5434.50000,5554.50000,110905,617681,LFT4_CCB
20120806,5564.50000,5615.00000,5543.00000,5585.00000,76440,618349,LFT4_CCB
20120807,5584.50000,5630.50000,5560.50000,5614.00000,95979,627654,LFT4_CCB
20120808,5610.00000,5651.50000,5598.50000,5646.50000,75118,631313,LFT4_CCB
20120809,5640.00000,5676.50000,5626.50000,5649.00000,65214,633637,LFT4_CCB
20120810,5632.00000,5662.50000,5619.00000,5660.00000,73968,636921,LFT4_CCB
20120813,5658.50000,5658.50000,5614.00000,5642.50000,65027,637673,LFT4_CCB
20120814,5642.50000,5679.00000,5637.50000,5663.00000,65575,642275,LFT4_CCB
20120815,5656.00000,5669.00000,5634.50000,5655.00000,73963,643467,LFT4_CCB
20120816,5654.50000,5670.50000,5619.00000,5662.00000,72489,644850,LFT4_CCB
20120817,5657.50000,5672.00000,5646.50000,5669.00000,65229,646493,LFT4_CCB
20120820,5664.00000,5670.50000,5613.50000,5650.50000,61183,645025,LFT4_CCB
20120821,5646.00000,5686.00000,5629.00000,5644.00000,78901,651774,LFT4_CCB
20120822,5644.00000,5644.00000,5582.50000,5601.50000,86667,644300,LFT4_CCB
20120823,5604.00000,5627.50000,5566.50000,5582.00000,76460,643704,LFT4_CCB
20120824,5584.00000,5603.50000,5553.00000,5576.50000,75033,643874,LFT4_CCB
20120828,5590.00000,5596.50000,5560.00000,5579.50000,67175,637600,LFT4_CCB
20120829,5581.00000,5586.00000,5551.00000,5559.00000,57138,642713,LFT4_CCB
20120830,5554.50000,5560.00000,5517.50000,5528.00000,60894,638947,LFT4_CCB
20120831,5525.50000,5577.50000,5505.50000,5525.00000,113047,632602,LFT4_CCB
20120903,5517.50000,5578.50000,5486.00000,5567.50000,52598,635393,LFT4_CCB
20120904,5568.00000,5576.50000,5469.50000,5497.00000,97611,635723,LFT4_CCB
20120905,5492.00000,5496.50000,5453.00000,5478.00000,99419,641071,LFT4_CCB
20120906,5483.00000,5605.00000,5481.00000,5595.00000,110657,633840,LFT4_CCB
20120907,5603.00000,5626.50000,5589.50000,5614.00000,108740,628575,LFT4_CCB
20120910,5607.50000,5625.50000,5585.00000,5588.50000,69596,620920,LFT4_CCB
20120911,5581.50000,5616.00000,5574.50000,5604.00000,85379,615581,LFT4_CCB
20120912,5595.00000,5641.00000,5574.00000,5602.50000,105181,604427,LFT4_CCB
20120913,5604.00000,5721.50000,5588.00000,5699.00000,103889,588684,LFT4_CCB
20120914,5704.50000,5752.00000,5697.00000,5722.00000,161533,580395,LFT4_CCB
20120917,5703.00000,5729.50000,5684.50000,5691.50000,137852,235882,LFT4_CCB
20120918,5691.50000,5707.50000,5657.00000,5689.50000,188738,397738,LFT4_CCB
20120919,5686.50000,5718.00000,5680.50000,5713.50000,186663,544192,LFT4_CCB
20120920,5703.50000,5703.50000,5642.50000,5682.50000,107645,593950,LFT4_CCB
20120921,5689.00000,5714.50000,5652.50000,5660.50000,123301,599829,LFT4_CCB
20120924,5661.00000,5674.00000,5619.00000,5663.50000,62893,604473,LFT4_CCB
20120925,5682.00000,5688.00000,5633.50000,5633.50000,61881,605529,LFT4_CCB
20120926,5636.50000,5646.00000,5571.00000,5588.00000,89454,607800,LFT4_CCB
20120927,5589.00000,5633.00000,5582.00000,5621.00000,70506,605806,LFT4_CCB
20120928,5623.00000,5647.00000,5558.50000,5567.50000,120020,603957,LFT4_CCB
20121001,5560.50000,5664.50000,5547.00000,5611.00000,109205,598852,LFT4_CCB
20121002,5606.00000,5660.50000,5599.50000,5627.50000,84631,594141,LFT4_CCB
20121003,5628.50000,5653.50000,5603.00000,5635.50000,77428,594111,LFT4_CCB
20121004,5643.00000,5674.50000,5621.00000,5664.50000,81014,591912,LFT4_CCB
20121005,5660.00000,5705.50000,5654.50000,5663.50000,74727,593659,LFT4_CCB
20121008,5664.50000,5671.50000,5637.50000,5669.00000,57595,590549,LFT4_CCB
20121009,5672.00000,5681.50000,5612.00000,5617.50000,84555,585176,LFT4_CCB
20121010,5608.50000,5628.00000,5583.50000,5596.00000,73021,583529,LFT4_CCB
20121011,5580.50000,5667.50000,5580.50000,5634.00000,84065,581539,LFT4_CCB
20121012,5639.00000,5649.50000,5600.00000,5612.50000,80708,579267,LFT4_CCB
20121015,5611.50000,5656.00000,5589.50000,5650.50000,75217,576952,LFT4_CCB
20121016,5657.00000,5704.00000,5644.00000,5702.00000,103842,576287,LFT4_CCB
20121017,5698.00000,5742.00000,5692.00000,5739.50000,99383,587593,LFT4_CCB
20121018,5736.50000,5750.00000,5713.00000,5726.50000,83199,582389,LFT4_CCB
20121019,5727.50000,5747.00000,5683.50000,5689.50000,92160,581247,LFT4_CCB
20121022,5677.00000,5732.00000,5675.00000,5720.00000,76560,584889,LFT4_CCB
20121023,5722.00000,5732.50000,5608.00000,5624.00000,117211,577126,LFT4_CCB
20121024,5623.00000,5649.00000,5600.50000,5615.00000,79332,576945,LFT4_CCB
20121025,5617.00000,5667.50000,5617.00000,5632.00000,69787,575180,LFT4_CCB
20121026,5636.50000,5650.50000,5567.00000,5637.00000,90010,580835,LFT4_CCB
20121029,5628.00000,5639.00000,5588.00000,5614.50000,49168,584058,LFT4_CCB
20121030,5614.50000,5678.00000,5602.00000,5663.50000,45365,586987,LFT4_CCB
20121031,5659.50000,5694.00000,5600.00000,5609.00000,114082,584805,LFT4_CCB
20121101,5610.50000,5692.50000,5601.00000,5687.00000,92276,588551,LFT4_CCB
20121102,5682.00000,5716.00000,5652.50000,5662.50000,75892,588445,LFT4_CCB
20121105,5669.50000,5676.50000,5649.50000,5668.50000,61303,589601,LFT4_CCB
20121106,5666.00000,5735.00000,5666.00000,5726.00000,69901,600627,LFT4_CCB
20121107,5717.00000,5754.00000,5618.00000,5643.50000,132558,601880,LFT4_CCB
20121108,5659.00000,5661.00000,5587.00000,5590.00000,89362,598104,LFT4_CCB
20121109,5594.00000,5617.50000,5543.00000,5594.50000,105435,593216,LFT4_CCB
20121112,5587.00000,5624.50000,5585.50000,5602.50000,56337,592466,LFT4_CCB
20121113,5595.00000,5620.50000,5539.00000,5584.50000,107308,597634,LFT4_CCB
20121114,5589.50000,5609.00000,5508.00000,5514.00000,92761,609354,LFT4_CCB
20121115,5521.00000,5547.00000,5495.50000,5512.50000,104313,598348,LFT4_CCB
20121116,5511.50000,5522.00000,5438.50000,5477.00000,131901,599121,LFT4_CCB
20121119,5489.00000,5581.00000,5483.50000,5579.00000,91374,600997,LFT4_CCB
20121120,5572.00000,5600.50000,5546.50000,5592.00000,79087,601669,LFT4_CCB
20121121,5595.00000,5608.50000,5569.00000,5607.00000,62616,600270,LFT4_CCB
20121122,5611.00000,5647.00000,5597.00000,5636.00000,44457,600209,LFT4_CCB
20121123,5636.00000,5684.50000,5626.50000,5669.00000,58926,601950,LFT4_CCB
20121126,5664.50000,5665.00000,5618.50000,5648.50000,65708,609416,LFT4_CCB
20121127,5660.00000,5671.00000,5634.00000,5639.00000,73011,614588,LFT4_CCB
20121128,5635.50000,5675.00000,5602.50000,5669.00000,84267,618179,LFT4_CCB
20121129,5667.00000,5733.00000,5667.00000,5712.50000,97323,625854,LFT4_CCB
20121130,5708.00000,5753.00000,5706.50000,5728.50000,85323,629112,LFT4_CCB
20121203,5727.00000,5751.50000,5704.50000,5709.50000,83708,635444,LFT4_CCB
20121204,5702.50000,5747.00000,5700.50000,5718.50000,109674,639067,LFT4_CCB
20121205,5719.50000,5765.00000,5713.00000,5746.00000,90398,635982,LFT4_CCB
20121206,5742.50000,5773.50000,5732.00000,5761.00000,80126,630126,LFT4_CCB
20121207,5766.00000,5773.00000,5737.50000,5768.00000,76492,635283,LFT4_CCB
20121210,5770.00000,5775.50000,5740.00000,5769.50000,67305,634352,LFT4_CCB
20121211,5768.00000,5786.50000,5747.00000,5772.00000,93573,621031,LFT4_CCB
20121212,5778.00000,5812.00000,5764.50000,5785.50000,72993,623025,LFT4_CCB
20121213,5787.00000,5795.50000,5758.50000,5771.50000,116982,596903,LFT4_CCB
20121214,5771.00000,5793.50000,5757.00000,5762.50000,130409,542521,LFT4_CCB
20121217,5778.00000,5778.00000,5728.50000,5766.50000,240598,349294,LFT4_CCB
20121218,5781.50000,5804.50000,5773.50000,5803.00000,224321,495549,LFT4_CCB
20121219,5803.00000,5830.50000,5795.00000,5806.00000,194568,595785,LFT4_CCB
20121220,5806.00000,5829.50000,5791.00000,5822.00000,77728,612768,LFT4_CCB
20121221,5831.50000,5831.50000,5747.50000,5802.00000,117082,614530,LFT4_CCB
20121224,5799.50000,5808.50000,5779.50000,5802.00000,7303,611420,LFT4_CCB
20121227,5793.00000,5851.00000,5791.50000,5826.50000,58157,614766,LFT4_CCB
20121228,5827.00000,5828.50000,5740.50000,5750.00000,49257,611145,LFT4_CCB
20121231,5738.50000,5769.50000,5716.00000,5735.50000,20312,602180,LFT4_CCB
20130102,5754.00000,5896.50000,5754.00000,5894.00000,123289,613816,LFT4_CCB
20130103,5885.50000,5899.50000,5861.00000,5891.00000,89767,609559,LFT4_CCB
20130104,5889.50000,5950.00000,5878.00000,5891.00000,94259,608606,LFT4_CCB
20130107,5937.50000,5943.00000,5899.00000,5917.00000,83819,600277,LFT4_CCB
20130108,5916.50000,5934.00000,5894.50000,5908.50000,77639,595367,LFT4_CCB
20130109,5909.00000,5956.50000,5908.00000,5933.50000,86119,594208,LFT4_CCB
20130110,5938.00000,5963.50000,5932.00000,5960.00000,80877,597150,LFT4_CCB
20130111,5962.50000,5968.50000,5940.00000,5965.00000,82333,600123,LFT4_CCB
20130114,5962.50000,5986.50000,5942.00000,5957.00000,93306,601103,LFT4_CCB
20130115,5951.00000,5974.50000,5929.50000,5973.00000,104570,598903,LFT4_CCB
20130116,5969.00000,5972.50000,5922.50000,5951.00000,101973,593650,LFT4_CCB
20130117,5962.50000,5991.00000,5927.50000,5980.00000,104100,595403,LFT4_CCB
20130118,5987.50000,6021.00000,5974.00000,6019.50000,108646,598065,LFT4_CCB
20130121,6019.50000,6036.50000,6007.50000,6032.00000,47321,594825,LFT4_CCB
20130122,6029.00000,6049.50000,5994.50000,6048.50000,83389,598749,LFT4_CCB
20130123,6053.50000,6059.50000,6028.50000,6055.00000,85649,601326,LFT4_CCB
20130124,6045.00000,6120.00000,6032.50000,6099.50000,113207,609087,LFT4_CCB
20130125,6097.00000,6144.50000,6090.00000,6140.50000,95671,606585,LFT4_CCB
20130128,6138.50000,6160.00000,6123.50000,6153.00000,84733,611818,LFT4_CCB
20130129,6150.50000,6197.00000,6133.00000,6186.50000,100871,622602,LFT4_CCB
20130130,6187.50000,6203.00000,6158.00000,6161.50000,115553,631717,LFT4_CCB
20130131,6153.00000,6161.00000,6125.00000,6129.00000,127059,639350,LFT4_CCB
20130201,6135.00000,6211.00000,6131.00000,6206.00000,130084,641516,LFT4_CCB
20130204,6200.50000,6206.00000,6082.00000,6092.00000,133373,629226,LFT4_CCB
20130205,6098.50000,6144.50000,6086.50000,6129.50000,106181,637959,LFT4_CCB
20130206,6133.50000,6169.00000,6110.50000,6149.50000,126641,636642,LFT4_CCB
20130207,6146.00000,6160.50000,6061.50000,6096.00000,135857,638660,LFT4_CCB
20130208,6094.50000,6125.50000,6091.00000,6109.50000,80615,640161,LFT4_CCB
20130211,6111.50000,6142.00000,6098.00000,6123.50000,68325,644153,LFT4_CCB
20130212,6122.00000,6191.50000,6105.50000,6173.00000,100699,648793,LFT4_CCB
20130213,6177.50000,6250.00000,6172.50000,6223.00000,121922,657675,LFT4_CCB
20130214,6212.50000,6231.00000,6164.50000,6201.50000,109740,651428,LFT4_CCB
20130215,6197.50000,6216.00000,6167.50000,6182.50000,99365,650693,LFT4_CCB
20130218,6188.50000,6196.50000,6168.50000,6183.50000,53009,652509,LFT4_CCB
20130219,6181.50000,6253.00000,6163.00000,6242.50000,95395,651651,LFT4_CCB
20130220,6241.00000,6284.50000,6237.50000,6238.50000,100438,663042,LFT4_CCB
20130221,6234.50000,6241.50000,6146.50000,6170.50000,135335,657000,LFT4_CCB
20130222,6182.50000,6237.00000,6179.00000,6235.00000,96111,657584,LFT4_CCB
20130225,6209.50000,6260.50000,6112.50000,6114.50000,143384,661282,LFT4_CCB
20130226,6128.00000,6164.00000,6107.00000,6154.00000,121666,667345,LFT4_CCB
20130227,6151.00000,6243.50000,6137.50000,6232.50000,95646,671992,LFT4_CCB
20130228,6237.50000,6255.50000,6202.50000,6224.50000,105983,681990,LFT4_CCB
20130301,6217.00000,6264.50000,6178.50000,6224.50000,112865,686786,LFT4_CCB
20130304,6236.50000,6242.00000,6203.00000,6241.00000,86935,683093,LFT4_CCB
20130305,6249.50000,6316.50000,6238.50000,6301.50000,161134,684446,LFT4_CCB
20130306,6300.00000,6340.00000,6294.00000,6320.50000,120963,673212,LFT4_CCB
20130307,6315.50000,6337.50000,6307.50000,6329.50000,177192,650504,LFT4_CCB
20130308,6322.00000,6367.50000,6321.50000,6365.00000,189567,604117,LFT4_CCB
20130311,6356.00000,6388.00000,6350.50000,6387.00000,262060,484917,LFT4_CCB
20130312,6381.00000,6412.00000,6363.00000,6375.00000,373251,231928,LFT4_CCB
20130313,6367.50000,6383.50000,6323.00000,6368.00000,268530,129649,LFT4_CCB
20130314,6372.00000,6423.50000,6363.00000,6421.00000,151629,90842,LFT4_CCB
20130315,6426.50000,6438.00000,6356.50000,6362.00000,116784,660035,LFT4_CCB
20130318,6312.50000,6364.00000,6231.50000,6329.50000,102353,661021,LFT4_CCB
20130319,6338.50000,6363.50000,6301.50000,6337.00000,89693,668975,LFT4_CCB
20130320,6335.50000,6377.00000,6320.50000,6325.00000,101530,677665,LFT4_CCB
20130321,6324.50000,6332.00000,6260.50000,6272.00000,98754,673589,LFT4_CCB
20130322,6272.50000,6327.50000,6258.50000,6294.00000,81779,674622,LFT4_CCB
20130325,6319.50000,6359.00000,6256.50000,6290.00000,105268,679356,LFT4_CCB
20130326,6287.50000,6315.50000,6267.00000,6314.50000,77051,681859,LFT4_CCB
20130327,6303.00000,6326.50000,6244.00000,6299.50000,100028,672612,LFT4_CCB
20130328,6297.50000,6349.50000,6268.50000,6319.50000,106546,678012,LFT4_CCB
20130402,6294.00000,6403.50000,6293.00000,6374.50000,109605,685422,LFT4_CCB
20130403,6375.00000,6380.50000,6293.50000,6300.00000,89826,674855,LFT4_CCB
20130404,6303.50000,6330.50000,6236.00000,6261.00000,105058,670341,LFT4_CCB
20130405,6258.50000,6259.00000,6116.00000,6191.50000,132647,669661,LFT4_CCB
20130408,6189.50000,6206.00000,6160.50000,6204.50000,76845,661280,LFT4_CCB
20130409,6213.00000,6235.00000,6191.00000,6220.50000,75618,662804,LFT4_CCB
20130410,6221.50000,6308.50000,6211.50000,6288.50000,100718,662493,LFT4_CCB
20130411,6284.50000,6326.50000,6278.00000,6298.00000,70033,662085,LFT4_CCB
20130412,6297.50000,6314.50000,6269.00000,6309.00000,80679,671592,LFT4_CCB
20130415,6298.50000,6310.00000,6196.50000,6198.50000,109413,667359,LFT4_CCB
20130416,6204.00000,6256.50000,6197.50000,6230.50000,88805,667804,LFT4_CCB
20130417,6224.50000,6244.00000,6130.50000,6158.50000,126363,660909,LFT4_CCB
20130418,6161.50000,6183.50000,6130.00000,6149.00000,108192,657474,LFT4_CCB
20130419,6151.50000,6202.00000,6147.50000,6200.50000,108920,654495,LFT4_CCB
20130422,6202.50000,6256.50000,6156.50000,6205.00000,103413,658425,LFT4_CCB
20130423,6205.00000,6325.50000,6175.50000,6320.50000,126096,669341,LFT4_CCB
20130424,6306.50000,6354.00000,6306.50000,6341.00000,92297,674521,LFT4_CCB
20130425,6340.00000,6381.50000,6324.50000,6338.50000,97349,670566,LFT4_CCB
20130426,6338.50000,6353.00000,6311.50000,6338.00000,62814,673721,LFT4_CCB
20130429,6334.50000,6399.50000,6329.00000,6386.00000,76987,670493,LFT4_CCB
20130430,6381.50000,6399.00000,6325.50000,6355.00000,98421,667904,LFT4_CCB
20130501,6353.50000,6393.50000,6331.00000,6339.50000,45193,667748,LFT4_CCB
20130502,6356.50000,6386.50000,6321.50000,6378.50000,101819,664588,LFT4_CCB
20130503,6376.00000,6456.00000,6356.50000,6447.00000,90897,667096,LFT4_CCB
20130507,6439.50000,6488.00000,6429.50000,6487.00000,83977,667369,LFT4_CCB
20130508,6478.00000,6520.00000,6475.50000,6519.50000,66842,665001,LFT4_CCB
20130509,6516.50000,6531.50000,6494.50000,6513.00000,58200,667670,LFT4_CCB
20130510,6514.50000,6563.50000,6514.50000,6562.00000,90861,666652,LFT4_CCB
20130513,6543.00000,6569.00000,6526.00000,6565.00000,77293,665047,LFT4_CCB
20130514,6570.50000,6625.50000,6541.00000,6623.50000,99946,669941,LFT4_CCB
20130515,6621.00000,6643.50000,6603.00000,6639.00000,90017,669431,LFT4_CCB
20130516,6635.50000,6656.50000,6603.00000,6611.00000,84055,667901,LFT4_CCB
20130517,6610.50000,6686.50000,6601.50000,6682.50000,94344,671300,LFT4_CCB
20130520,6678.00000,6693.00000,6642.00000,6683.00000,75833,661341,LFT4_CCB
20130521,6682.50000,6746.00000,6656.50000,6737.50000,79376,665008,LFT4_CCB
20130522,6730.00000,6818.00000,6705.00000,6719.50000,133747,664137,LFT4_CCB
20130523,6732.00000,6734.00000,6596.00000,6647.50000,153494,663650,LFT4_CCB
20130524,6639.50000,6657.00000,6579.00000,6619.50000,110508,668233,LFT4_CCB
20130528,6639.50000,6736.00000,6635.00000,6683.00000,111911,671088,LFT4_CCB
20130529,6682.50000,6682.50000,6560.00000,6589.50000,118475,661493,LFT4_CCB
20130530,6588.00000,6611.00000,6542.50000,6586.50000,83602,665501,LFT4_CCB
20130531,6589.50000,6599.50000,6477.00000,6483.00000,127239,657356,LFT4_CCB
20130603,6488.00000,6519.00000,6451.50000,6495.00000,130223,650941,LFT4_CCB
20130604,6481.50000,6516.50000,6448.50000,6471.00000,84719,648944,LFT4_CCB
20130605,6473.00000,6477.50000,6339.50000,6343.50000,130773,646726,LFT4_CCB
20130606,6347.00000,6379.00000,6227.50000,6291.50000,130325,640425,LFT4_CCB
20130607,6291.50000,6365.00000,6254.50000,6354.00000,122328,630659,LFT4_CCB
20130610,6337.50000,6364.50000,6320.00000,6331.00000,102058,635929,LFT4_CCB
20130611,6326.00000,6332.00000,6221.00000,6247.50000,129391,633555,LFT4_CCB
20130612,6248.00000,6320.00000,6217.50000,6224.50000,118570,623294,LFT4_CCB
20130613,6216.50000,6301.50000,6153.50000,6297.50000,166916,595342,LFT4_CCB
20130614,6297.50000,6304.50000,6228.50000,6243.50000,165356,543377,LFT4_CCB
20130617,6256.50000,6326.00000,6251.00000,6272.00000,191416,311501,LFT4_CCB
20130618,6276.50000,6352.50000,6265.50000,6329.00000,288305,527701,LFT4_CCB
20130619,6334.50000,6343.00000,6268.00000,6268.50000,162277,595234,LFT4_CCB
20130620,6262.00000,6262.00000,6067.50000,6076.50000,134295,615552,LFT4_CCB
20130621,6077.00000,6195.50000,6050.00000,6087.50000,163104,615335,LFT4_CCB
20130624,6088.50000,6088.50000,5973.50000,6006.00000,132388,615386,LFT4_CCB
20130625,6006.00000,6085.00000,5955.50000,6072.00000,102376,616723,LFT4_CCB
20130626,6057.50000,6142.50000,6040.00000,6137.00000,93718,610855,LFT4_CCB
20130627,6129.50000,6224.50000,6121.00000,6177.50000,81823,606538,LFT4_CCB
20130628,6174.00000,6220.50000,6154.50000,6172.00000,112989,613151,LFT4_CCB
20130701,6164.50000,6270.00000,6154.50000,6239.00000,97873,608061,LFT4_CCB
20130702,6232.50000,6266.00000,6206.50000,6234.00000,77107,605973,LFT4_CCB
20130703,6237.50000,6237.50000,6130.00000,6195.00000,91329,0,LFT4_CCB
