20061208,0.54820,0.55240,0.54460,0.54530,817,1698,NE___CCB
20061211,0.54470,0.54830,0.54310,0.54620,2495,3227,NE___CCB
20061212,0.54690,0.55130,0.54690,0.55010,1742,4704,NE___CCB
20061213,0.54970,0.55110,0.54780,0.54880,4344,7994,NE___CCB
20061214,0.55200,0.55340,0.54540,0.54830,14514,21035,NE___CCB
20061215,0.54730,0.55100,0.54580,0.54830,2832,22328,NE___CCB
20061218,0.54740,0.55070,0.54730,0.55020,1661,22248,NE___CCB
20061219,0.54960,0.55520,0.54900,0.55310,1181,22290,NE___CCB
20061220,0.55610,0.55780,0.55350,0.55650,2971,21979,NE___CCB
20061221,0.55380,0.55610,0.55200,0.55520,1445,22017,NE___CCB
20061222,0.55590,0.56070,0.55590,0.55970,1447,21603,NE___CCB
20061226,0.56120,0.56210,0.55840,0.56030,313,21811,NE___CCB
20061227,0.55930,0.56350,0.55880,0.56160,762,21775,NE___CCB
20061228,0.56160,0.56550,0.56010,0.56510,558,21785,NE___CCB
20061229,0.56520,0.56640,0.56170,0.56340,1837,21627,NE___CCB
20070102,0.56660,0.56820,0.56600,0.56780,1653,22190,NE___CCB
20070103,0.56640,0.56870,0.56340,0.56730,2604,22705,NE___CCB
20070104,0.56690,0.56700,0.55670,0.55770,2459,21941,NE___CCB
20070105,0.55840,0.55840,0.54530,0.54710,4400,20713,NE___CCB
20070108,0.54760,0.54900,0.54420,0.54820,1304,20797,NE___CCB
20070109,0.54950,0.55360,0.54900,0.55160,1200,20289,NE___CCB
20070110,0.55180,0.55290,0.54620,0.54660,1477,20078,NE___CCB
20070111,0.54720,0.55300,0.54700,0.55220,2689,19849,NE___CCB
20070112,0.54950,0.55260,0.54760,0.55100,1357,19804,NE___CCB
20070116,0.55250,0.55770,0.54720,0.55590,2205,19835,NE___CCB
20070117,0.55010,0.55310,0.54980,0.55160,3737,19387,NE___CCB
20070118,0.55280,0.55710,0.55280,0.55620,1520,18982,NE___CCB
20070119,0.55600,0.55660,0.55400,0.55610,1017,18813,NE___CCB
20070122,0.55620,0.56110,0.55500,0.55900,2056,18573,NE___CCB
20070123,0.55990,0.56400,0.55890,0.56210,824,18534,NE___CCB
20070124,0.56190,0.56230,0.55330,0.55580,2748,18431,NE___CCB
20070125,0.56240,0.56400,0.55630,0.55790,2882,17778,NE___CCB
20070126,0.55740,0.55880,0.55310,0.55540,2597,17485,NE___CCB
20070129,0.55610,0.55910,0.55490,0.55600,2175,17536,NE___CCB
20070130,0.55690,0.55980,0.54780,0.54980,3352,17827,NE___CCB
20070131,0.54780,0.55200,0.54220,0.54960,2910,17742,NE___CCB
20070201,0.55140,0.55160,0.54080,0.54340,3248,18275,NE___CCB
20070202,0.54420,0.54430,0.53810,0.54260,1989,18052,NE___CCB
20070205,0.54570,0.54750,0.54200,0.54450,1964,18093,NE___CCB
20070206,0.54560,0.54600,0.53960,0.54270,2157,18150,NE___CCB
20070207,0.54160,0.54880,0.53930,0.54560,2397,18404,NE___CCB
20070208,0.54900,0.55040,0.54380,0.54520,1989,18820,NE___CCB
20070209,0.54550,0.54760,0.54150,0.54330,689,18745,NE___CCB
20070212,0.54470,0.54760,0.54390,0.54570,1072,18586,NE___CCB
20070213,0.54480,0.55170,0.54410,0.55080,1746,19016,NE___CCB
20070214,0.55130,0.55670,0.55040,0.55590,2056,19818,NE___CCB
20070215,0.55460,0.55880,0.55370,0.55580,2838,20733,NE___CCB
20070216,0.55510,0.55980,0.55380,0.55880,1459,21284,NE___CCB
20070220,0.56150,0.56440,0.56060,0.56340,3156,21742,NE___CCB
20070221,0.56370,0.56910,0.56090,0.56800,2580,22213,NE___CCB
20070222,0.56770,0.56850,0.56410,0.56740,1752,22231,NE___CCB
20070223,0.56490,0.56980,0.56480,0.56780,1797,22650,NE___CCB
20070226,0.56980,0.57410,0.56860,0.57280,1573,22556,NE___CCB
20070227,0.57250,0.57340,0.56010,0.56270,2802,22146,NE___CCB
20070228,0.55980,0.56450,0.55920,0.56320,2991,21733,NE___CCB
20070301,0.56290,0.56540,0.55350,0.55550,4495,21387,NE___CCB
20070302,0.55550,0.55680,0.54750,0.55090,2593,21377,NE___CCB
20070305,0.55080,0.55080,0.53620,0.53760,4561,20925,NE___CCB
20070306,0.53640,0.54590,0.53450,0.54420,2560,20409,NE___CCB
20070307,0.54630,0.54820,0.54030,0.54720,2479,20356,NE___CCB
20070308,0.54100,0.54990,0.53820,0.54680,1898,19694,NE___CCB
20070309,0.55100,0.55390,0.54960,0.55260,1534,2397,NE___CCB
20070312,0.55530,0.55850,0.55200,0.55770,1132,3321,NE___CCB
20070313,0.55920,0.56070,0.55000,0.55390,3741,5814,NE___CCB
20070314,0.54920,0.55920,0.54620,0.55360,10889,15308,NE___CCB
20070315,0.55590,0.56000,0.55400,0.55870,4481,18185,NE___CCB
20070316,0.55800,0.56280,0.55560,0.56110,3672,20539,NE___CCB
20070319,0.56300,0.56490,0.55870,0.56370,3609,21807,NE___CCB
20070320,0.56500,0.56920,0.56290,0.56870,1875,22949,NE___CCB
20070321,0.56830,0.57380,0.56630,0.57320,3127,24200,NE___CCB
20070322,0.57310,0.57830,0.57100,0.57500,3322,26608,NE___CCB
20070323,0.57420,0.57870,0.57270,0.57500,1913,27534,NE___CCB
20070326,0.57360,0.58120,0.57200,0.57980,1358,27469,NE___CCB
20070327,0.57990,0.58340,0.57890,0.58090,1795,27461,NE___CCB
20070328,0.57950,0.58070,0.57170,0.57280,2312,27160,NE___CCB
20070329,0.57280,0.57930,0.57280,0.57790,1275,26931,NE___CCB
20070330,0.57830,0.58200,0.57470,0.57790,2748,25802,NE___CCB
20070402,0.57840,0.58550,0.57670,0.58440,3316,27016,NE___CCB
20070403,0.58640,0.58720,0.58250,0.58320,1811,26830,NE___CCB
20070404,0.58330,0.58610,0.58040,0.58430,2852,25478,NE___CCB
20070405,0.58500,0.58880,0.58350,0.58690,1656,25173,NE___CCB
20070406,0.58660,0.58750,0.57800,0.58430,392,25156,NE___CCB
20070409,0.58580,0.58740,0.58210,0.58340,980,25185,NE___CCB
20070410,0.58390,0.59440,0.58320,0.59280,2403,25185,NE___CCB
20070411,0.59230,0.59340,0.59000,0.59140,1488,26145,NE___CCB
20070412,0.59240,0.59360,0.58920,0.59310,1660,26684,NE___CCB
20070413,0.59440,0.60230,0.59440,0.60110,3096,28201,NE___CCB
20070416,0.60150,0.60520,0.60150,0.60270,1505,28153,NE___CCB
20070417,0.60300,0.60940,0.60160,0.60790,1342,28473,NE___CCB
20070418,0.60910,0.61310,0.60220,0.60890,2600,28413,NE___CCB
20070419,0.61200,0.61200,0.60080,0.60830,3277,28962,NE___CCB
20070420,0.60840,0.61230,0.60670,0.61170,1127,28989,NE___CCB
20070423,0.61160,0.61250,0.60720,0.60900,2126,28330,NE___CCB
20070424,0.60930,0.61050,0.60310,0.60700,2969,27886,NE___CCB
20070425,0.60730,0.61130,0.60730,0.60850,2302,27278,NE___CCB
20070426,0.61100,0.61260,0.60130,0.60390,3291,25903,NE___CCB
20070427,0.60410,0.60880,0.59940,0.60660,3739,25442,NE___CCB
20070430,0.60500,0.60760,0.60170,0.60670,1649,25344,NE___CCB
20070501,0.60500,0.60890,0.60370,0.60610,3024,25049,NE___CCB
20070502,0.60500,0.60510,0.60110,0.60260,2890,24113,NE___CCB
20070503,0.60210,0.60430,0.59920,0.60060,3113,22917,NE___CCB
20070504,0.60060,0.60250,0.59800,0.60000,1826,23013,NE___CCB
20070507,0.60110,0.60440,0.59940,0.60240,517,22907,NE___CCB
20070508,0.60150,0.60500,0.60100,0.60180,1412,23409,NE___CCB
20070509,0.60080,0.60190,0.59850,0.59930,1843,23260,NE___CCB
20070510,0.59850,0.60060,0.59280,0.59450,4390,22963,NE___CCB
20070511,0.59160,0.59970,0.59050,0.59900,2409,23537,NE___CCB
20070514,0.59860,0.60520,0.59850,0.60240,3254,25089,NE___CCB
20070515,0.60250,0.60540,0.60010,0.60290,2327,26125,NE___CCB
20070516,0.60370,0.60440,0.59750,0.59840,1971,25751,NE___CCB
20070517,0.59900,0.59960,0.59340,0.59640,2000,25007,NE___CCB
20070518,0.59650,0.59730,0.59240,0.59590,1064,24868,NE___CCB
20070521,0.59650,0.59730,0.59330,0.59610,2084,24841,NE___CCB
20070522,0.59560,0.59610,0.59160,0.59230,2448,24172,NE___CCB
20070523,0.59210,0.59740,0.59030,0.59540,2234,23893,NE___CCB
20070524,0.59550,0.59560,0.59000,0.59160,3461,23249,NE___CCB
20070525,0.59080,0.59400,0.59010,0.59180,967,23305,NE___CCB
20070529,0.59250,0.59580,0.59090,0.59220,2912,23550,NE___CCB
20070530,0.59310,0.59710,0.59210,0.59640,2052,23928,NE___CCB
20070531,0.59640,0.60370,0.59510,0.60350,3920,24822,NE___CCB
20070601,0.60350,0.61150,0.60290,0.61030,5627,26453,NE___CCB
20070604,0.61080,0.61410,0.61020,0.61310,1451,27176,NE___CCB
20070605,0.61340,0.62070,0.61300,0.61570,2077,27017,NE___CCB
20070606,0.61630,0.62160,0.61500,0.61710,2613,28046,NE___CCB
20070607,0.62100,0.62400,0.61660,0.61910,4739,30235,NE___CCB
20070608,0.61750,0.63040,0.61420,0.62770,9674,27834,NE___CCB
20070611,0.62880,0.62970,0.61350,0.61770,15502,16640,NE___CCB
20070612,0.61780,0.62090,0.61530,0.61870,1845,17825,NE___CCB
20070613,0.61550,0.61860,0.61250,0.61760,22149,37430,NE___CCB
20070614,0.61720,0.61970,0.61450,0.61770,6597,39490,NE___CCB
20070615,0.61750,0.62250,0.61720,0.62070,2986,40468,NE___CCB
20070618,0.62250,0.62430,0.61740,0.62120,3971,40256,NE___CCB
20070619,0.62090,0.62640,0.62070,0.62620,2250,40816,NE___CCB
20070620,0.62560,0.63060,0.62500,0.62910,3505,40551,NE___CCB
20070621,0.62670,0.63320,0.62570,0.63010,2996,41427,NE___CCB
20070622,0.63060,0.63560,0.62930,0.63310,2590,40662,NE___CCB
20070625,0.63080,0.63590,0.63070,0.63170,1885,40861,NE___CCB
20070626,0.63220,0.63670,0.63160,0.63430,1470,41094,NE___CCB
20070627,0.63420,0.63430,0.62480,0.62610,4510,40614,NE___CCB
20070628,0.62890,0.63870,0.62890,0.63640,4344,41222,NE___CCB
20070629,0.63800,0.64180,0.63580,0.63740,2447,41944,NE___CCB
20070702,0.64060,0.65130,0.64060,0.65060,2572,42322,NE___CCB
20070703,0.64940,0.65200,0.64710,0.64920,3010,41017,NE___CCB
20070705,0.64870,0.65590,0.64870,0.65020,3511,40055,NE___CCB
20070706,0.65090,0.65480,0.64820,0.64830,1439,40222,NE___CCB
20070709,0.64980,0.65140,0.64600,0.64840,1454,40374,NE___CCB
20070710,0.64870,0.64930,0.64250,0.64730,2459,40867,NE___CCB
20070711,0.64400,0.65120,0.64020,0.64800,3458,40162,NE___CCB
20070712,0.65010,0.65270,0.64780,0.65190,1628,40622,NE___CCB
20070713,0.65250,0.65630,0.65030,0.65440,1978,40851,NE___CCB
20070716,0.65480,0.66170,0.65420,0.66070,2973,42247,NE___CCB
20070717,0.66100,0.66180,0.65750,0.65970,2985,42911,NE___CCB
20070718,0.65750,0.66300,0.65740,0.66170,2164,43939,NE___CCB
20070719,0.66230,0.66250,0.65940,0.66220,3139,44162,NE___CCB
20070720,0.66210,0.66780,0.66200,0.66530,2743,44639,NE___CCB
20070723,0.66670,0.67490,0.66520,0.67410,2901,45752,NE___CCB
20070724,0.67550,0.67980,0.67220,0.67700,3809,46224,NE___CCB
20070725,0.67410,0.67690,0.66900,0.67180,3551,46734,NE___CCB
20070726,0.67110,0.67200,0.65070,0.65160,8102,47068,NE___CCB
20070727,0.65120,0.65690,0.63230,0.63640,17763,41068,NE___CCB
20070730,0.63370,0.63850,0.62260,0.63330,13764,32194,NE___CCB
20070731,0.63930,0.64270,0.63060,0.63560,3296,31874,NE___CCB
20070801,0.62990,0.63640,0.62290,0.62940,5690,32335,NE___CCB
20070802,0.63660,0.64110,0.62990,0.63650,2714,32378,NE___CCB
20070803,0.63860,0.63860,0.63010,0.63380,3371,32025,NE___CCB
20070806,0.62850,0.63550,0.62560,0.63290,3375,31558,NE___CCB
20070807,0.63500,0.63580,0.62520,0.62970,3433,32250,NE___CCB
20070808,0.63250,0.63920,0.62920,0.63880,2298,32343,NE___CCB
20070809,0.63830,0.64080,0.61910,0.62580,4842,32984,NE___CCB
20070810,0.62110,0.62210,0.61060,0.61560,5206,32419,NE___CCB
20070813,0.61650,0.61760,0.60650,0.60980,2440,32362,NE___CCB
20070814,0.60650,0.60990,0.59670,0.59780,3955,31332,NE___CCB
20070815,0.59690,0.59730,0.57770,0.58640,8512,31204,NE___CCB
20070816,0.57850,0.57860,0.54220,0.55050,10745,30770,NE___CCB
20070817,0.56650,0.57170,0.53510,0.56300,5355,29958,NE___CCB
20070820,0.56750,0.57330,0.55310,0.57070,3349,29091,NE___CCB
20070821,0.57060,0.57270,0.56250,0.56770,1320,29149,NE___CCB
20070822,0.56560,0.57290,0.55960,0.57210,2661,29165,NE___CCB
20070823,0.57510,0.58920,0.57510,0.58230,5515,28180,NE___CCB
20070824,0.58380,0.59330,0.58010,0.58990,2438,27788,NE___CCB
20070827,0.59430,0.59840,0.58720,0.59080,2755,28599,NE___CCB
20070828,0.58620,0.58700,0.56880,0.57400,3500,28831,NE___CCB
20070829,0.56670,0.58100,0.55820,0.57270,2412,28589,NE___CCB
20070830,0.57900,0.57930,0.57030,0.57430,2863,28171,NE___CCB
20070831,0.57530,0.58170,0.57050,0.57100,2439,27998,NE___CCB
20070904,0.57200,0.57810,0.56620,0.56690,4011,29003,NE___CCB
20070905,0.56820,0.56950,0.55690,0.55870,6086,29339,NE___CCB
20070906,0.55900,0.56740,0.55580,0.56500,3320,30322,NE___CCB
20070907,0.56470,0.56580,0.55830,0.56230,3443,30801,NE___CCB
20070910,0.55950,0.57070,0.55540,0.56760,1859,3109,NE___CCB
20070911,0.56860,0.57910,0.56470,0.57860,948,3560,NE___CCB
20070912,0.57810,0.58810,0.57680,0.58590,13000,14498,NE___CCB
20070913,0.58330,0.59090,0.58000,0.58820,6403,17496,NE___CCB
20070914,0.58110,0.58840,0.57760,0.58520,3303,18546,NE___CCB
20070917,0.58520,0.58770,0.57520,0.57880,2557,18571,NE___CCB
20070918,0.57890,0.59950,0.57320,0.59380,2549,18915,NE___CCB
20070919,0.59760,0.60880,0.59540,0.60540,4271,19660,NE___CCB
20070920,0.60690,0.61720,0.60480,0.61310,3012,20130,NE___CCB
20070921,0.61040,0.61870,0.60980,0.61530,2746,20526,NE___CCB
20070924,0.61640,0.62110,0.61460,0.61750,1670,20762,NE___CCB
20070925,0.61850,0.61870,0.60300,0.61450,2588,21019,NE___CCB
20070926,0.61440,0.61840,0.61300,0.61530,2239,21316,NE___CCB
20070927,0.61770,0.62500,0.61640,0.62320,3184,22304,NE___CCB
20070928,0.62290,0.63150,0.62240,0.63010,2904,22956,NE___CCB
20071001,0.63280,0.63970,0.63120,0.63950,3494,24425,NE___CCB
20071002,0.63980,0.63980,0.62850,0.63440,2664,25601,NE___CCB
20071003,0.62880,0.63660,0.62310,0.62860,4855,26420,NE___CCB
20071004,0.62710,0.63010,0.62340,0.62710,2343,27369,NE___CCB
20071005,0.62850,0.63630,0.62580,0.63410,3126,28439,NE___CCB
20071009,0.63660,0.64030,0.63200,0.63550,4005,29142,NE___CCB
20071010,0.63850,0.63860,0.63320,0.63530,2683,29043,NE___CCB
20071011,0.63510,0.64810,0.63500,0.64540,4259,29569,NE___CCB
20071012,0.64530,0.65020,0.64130,0.64880,1590,30161,NE___CCB
20071015,0.65130,0.65230,0.63310,0.63570,2684,30477,NE___CCB
20071016,0.63690,0.63910,0.61340,0.61650,4763,30562,NE___CCB
20071017,0.62050,0.62960,0.61490,0.62050,2821,30680,NE___CCB
20071018,0.62620,0.62970,0.62040,0.62860,2676,31306,NE___CCB
20071019,0.62810,0.63190,0.61730,0.62540,1979,32121,NE___CCB
20071022,0.61840,0.62430,0.61120,0.61660,3406,30993,NE___CCB
20071023,0.62230,0.63260,0.62110,0.63050,1955,30370,NE___CCB
20071024,0.63150,0.63420,0.62120,0.62630,5274,28627,NE___CCB
20071025,0.63010,0.63660,0.62690,0.63630,2938,27858,NE___CCB
20071026,0.63460,0.64160,0.63440,0.64050,2463,27054,NE___CCB
20071029,0.64050,0.64830,0.64050,0.64190,1640,26739,NE___CCB
20071030,0.64450,0.64570,0.63820,0.64040,1360,26123,NE___CCB
20071031,0.63970,0.64880,0.63570,0.64810,1571,26209,NE___CCB
20071101,0.64710,0.64830,0.62700,0.63680,2889,26266,NE___CCB
20071102,0.63350,0.64130,0.63290,0.63760,2488,25659,NE___CCB
20071105,0.63920,0.64540,0.63710,0.64340,1641,25071,NE___CCB
20071106,0.64650,0.65560,0.64540,0.65370,1240,25164,NE___CCB
20071107,0.65760,0.66390,0.64990,0.65600,2951,25488,NE___CCB
20071108,0.64710,0.65540,0.64220,0.64830,2710,25573,NE___CCB
20071109,0.65510,0.65760,0.63520,0.64240,2216,25166,NE___CCB
20071113,0.63610,0.63740,0.62010,0.63130,7122,23973,NE___CCB
20071114,0.63710,0.64310,0.63220,0.64180,3512,23834,NE___CCB
20071115,0.63730,0.64170,0.62920,0.63060,3273,23142,NE___CCB
20071116,0.63060,0.63800,0.62840,0.63040,1765,22992,NE___CCB
20071119,0.63410,0.63770,0.62890,0.63140,1999,22872,NE___CCB
20071120,0.62860,0.64240,0.62550,0.63650,1517,23035,NE___CCB
20071121,0.64070,0.64150,0.61280,0.62660,3027,22410,NE___CCB
20071123,0.62790,0.63560,0.62530,0.63470,1553,22086,NE___CCB
20071126,0.63590,0.63920,0.62520,0.62990,1514,22136,NE___CCB
20071127,0.62780,0.63800,0.62710,0.63440,2392,22428,NE___CCB
20071128,0.63630,0.65300,0.63350,0.65250,4473,23561,NE___CCB
20071129,0.65010,0.65160,0.64460,0.64800,2485,22468,NE___CCB
20071130,0.64780,0.65220,0.63640,0.63820,2041,21478,NE___CCB
20071203,0.64140,0.64530,0.63810,0.64230,998,21547,NE___CCB
20071204,0.64180,0.64260,0.63650,0.63960,2061,21820,NE___CCB
20071205,0.64030,0.64860,0.63510,0.64180,2322,21742,NE___CCB
20071206,0.64800,0.65560,0.64590,0.65510,2881,22331,NE___CCB
20071207,0.65430,0.65930,0.65220,0.65420,4181,22084,NE___CCB
20071210,0.65040,0.66050,0.65040,0.65730,641,3397,NE___CCB
20071211,0.65960,0.66450,0.64910,0.65430,3172,5811,NE___CCB
20071212,0.65400,0.67120,0.65210,0.66780,5869,8978,NE___CCB
20071213,0.66520,0.66520,0.65580,0.65790,5064,12028,NE___CCB
20071214,0.65910,0.66330,0.63690,0.64510,9367,19910,NE___CCB
20071217,0.64410,0.64720,0.63040,0.63370,2362,19255,NE___CCB
20071218,0.63220,0.63690,0.62890,0.63220,815,19030,NE___CCB
20071219,0.63330,0.63660,0.63140,0.63370,578,19767,NE___CCB
20071220,0.63210,0.63960,0.63210,0.63680,679,19930,NE___CCB
20071221,0.63960,0.64610,0.63870,0.64170,2403,19596,NE___CCB
20071224,0.64310,0.64720,0.64040,0.64520,4507,20776,NE___CCB
20071226,0.64660,0.64800,0.64260,0.64560,469,21016,NE___CCB
20071227,0.64610,0.65100,0.64520,0.65070,1653,21218,NE___CCB
20071228,0.65110,0.65400,0.64830,0.65180,1918,21212,NE___CCB
20071231,0.65390,0.65760,0.64400,0.64500,951,21294,NE___CCB
20080102,0.65480,0.65490,0.65020,0.65390,1319,21111,NE___CCB
20080103,0.65630,0.65820,0.64850,0.65050,1391,21518,NE___CCB
20080104,0.64960,0.65410,0.64410,0.64570,2475,21492,NE___CCB
20080107,0.64610,0.64950,0.64070,0.64520,821,21260,NE___CCB
20080108,0.64790,0.65250,0.64690,0.65080,1801,21236,NE___CCB
20080109,0.64760,0.65340,0.64680,0.65050,1325,21328,NE___CCB
20080110,0.65330,0.66610,0.65240,0.66490,2151,21862,NE___CCB
20080111,0.66840,0.66840,0.66060,0.66150,1444,22326,NE___CCB
20080114,0.66000,0.67060,0.65940,0.66910,1171,22287,NE___CCB
20080115,0.67050,0.67260,0.65600,0.66100,2167,22417,NE___CCB
20080116,0.65570,0.66010,0.64390,0.65210,3880,22546,NE___CCB
20080117,0.64910,0.65620,0.64400,0.64700,2306,22098,NE___CCB
20080118,0.64630,0.64890,0.63650,0.63870,3774,21327,NE___CCB
20080122,0.63650,0.65200,0.61840,0.64360,6923,21757,NE___CCB
20080123,0.64640,0.64850,0.63430,0.63950,2641,21487,NE___CCB
20080124,0.64390,0.65460,0.64170,0.65340,1737,21002,NE___CCB
20080125,0.65350,0.65470,0.64680,0.64890,1557,20793,NE___CCB
20080128,0.64980,0.65750,0.64710,0.65670,1590,20842,NE___CCB
20080129,0.65780,0.65970,0.65550,0.65780,1004,20802,NE___CCB
20080130,0.65780,0.67180,0.65650,0.67040,4084,21373,NE___CCB
20080131,0.66330,0.67030,0.65590,0.66900,2028,21311,NE___CCB
20080201,0.66760,0.67740,0.66690,0.67390,3726,22120,NE___CCB
20080204,0.67420,0.67770,0.67090,0.67450,2062,22454,NE___CCB
20080205,0.67370,0.67560,0.65930,0.66410,2626,23009,NE___CCB
20080206,0.66410,0.67030,0.66040,0.66630,1359,23547,NE___CCB
20080207,0.66840,0.67390,0.66400,0.66800,2977,24543,NE___CCB
20080208,0.66810,0.67260,0.66560,0.66930,1100,24543,NE___CCB
20080211,0.67060,0.67280,0.66860,0.67090,1846,23684,NE___CCB
20080212,0.66950,0.67720,0.66840,0.67330,1687,24013,NE___CCB
20080213,0.67250,0.67260,0.66340,0.66500,2277,24669,NE___CCB
20080214,0.66720,0.67410,0.66620,0.67100,1598,24482,NE___CCB
20080215,0.66850,0.67360,0.66670,0.66990,1829,24319,NE___CCB
20080219,0.67180,0.68450,0.67180,0.68160,2343,24594,NE___CCB
20080220,0.68100,0.68190,0.67310,0.68070,2235,24975,NE___CCB
20080221,0.68160,0.68450,0.68030,0.68260,1509,25438,NE___CCB
20080222,0.68460,0.69310,0.68260,0.69010,1279,25646,NE___CCB
20080225,0.69010,0.69510,0.68900,0.69340,1478,25556,NE___CCB
20080226,0.69700,0.70020,0.68970,0.69850,1630,25478,NE___CCB
20080227,0.70060,0.70460,0.69620,0.69820,1531,25594,NE___CCB
20080228,0.69950,0.70190,0.69450,0.69990,1301,25698,NE___CCB
20080229,0.69690,0.70060,0.68120,0.68220,4027,24900,NE___CCB
20080303,0.67740,0.69220,0.67640,0.68890,2826,24143,NE___CCB
20080304,0.68790,0.69180,0.67970,0.68360,2805,24299,NE___CCB
20080305,0.68390,0.68790,0.67660,0.68250,2384,24349,NE___CCB
20080306,0.68720,0.68920,0.68000,0.68220,956,24440,NE___CCB
20080307,0.68120,0.68620,0.67530,0.67660,2548,24173,NE___CCB
20080310,0.67790,0.68060,0.67260,0.67390,1010,1378,NE___CCB
20080311,0.67440,0.68870,0.67310,0.68590,3397,3854,NE___CCB
20080312,0.68860,0.69400,0.68490,0.69310,4492,6171,NE___CCB
20080313,0.69410,0.70350,0.68710,0.70260,10800,13266,NE___CCB
20080314,0.70500,0.70650,0.69650,0.69810,6302,16803,NE___CCB
20080317,0.69520,0.70450,0.67730,0.68110,5189,17220,NE___CCB
20080318,0.68600,0.69640,0.68300,0.69110,3109,17679,NE___CCB
20080319,0.69620,0.70290,0.68360,0.68730,4709,17818,NE___CCB
20080320,0.68550,0.69060,0.67270,0.67410,4321,17771,NE___CCB
20080324,0.67410,0.68590,0.66790,0.68390,2482,17055,NE___CCB
20080325,0.68530,0.69680,0.68500,0.69380,3510,18236,NE___CCB
20080326,0.69160,0.69660,0.68550,0.69030,2358,18848,NE___CCB
20080327,0.69180,0.69320,0.68720,0.69050,2883,19685,NE___CCB
20080328,0.69270,0.69350,0.68140,0.68190,1680,19927,NE___CCB
20080331,0.68090,0.68350,0.67200,0.67350,3800,19450,NE___CCB
20080401,0.67230,0.67560,0.66550,0.67180,4214,19715,NE___CCB
20080402,0.67430,0.68010,0.67200,0.67780,4163,20071,NE___CCB
20080403,0.67460,0.67910,0.66930,0.67510,2182,19920,NE___CCB
20080404,0.67360,0.67780,0.66970,0.67710,1537,19928,NE___CCB
20080407,0.67800,0.68700,0.67500,0.68610,2415,20512,NE___CCB
20080408,0.68400,0.68830,0.68060,0.68660,2722,20885,NE___CCB
20080409,0.68660,0.68820,0.68190,0.68610,2393,21848,NE___CCB
20080410,0.68660,0.69180,0.68520,0.68910,2614,22834,NE___CCB
20080411,0.68800,0.68990,0.68170,0.68320,1665,22810,NE___CCB
20080414,0.67840,0.68130,0.67480,0.67780,5043,22024,NE___CCB
20080415,0.68170,0.68390,0.67210,0.67440,5007,22188,NE___CCB
20080416,0.67500,0.68210,0.67290,0.67920,4867,22270,NE___CCB
20080417,0.68280,0.68340,0.67520,0.67810,2513,22237,NE___CCB
20080418,0.67970,0.68400,0.67560,0.68030,3438,21864,NE___CCB
20080421,0.67940,0.68760,0.67900,0.68370,2764,22502,NE___CCB
20080422,0.68450,0.68900,0.68100,0.68790,2901,23299,NE___CCB
20080423,0.68850,0.69440,0.68670,0.69000,3903,24728,NE___CCB
20080424,0.68410,0.68620,0.67730,0.68080,4326,24183,NE___CCB
20080425,0.67890,0.67960,0.66960,0.67210,5672,24235,NE___CCB
20080428,0.67360,0.67910,0.67340,0.67700,2873,23966,NE___CCB
20080429,0.67630,0.67710,0.66410,0.66500,5586,23558,NE___CCB
20080430,0.66680,0.67670,0.66450,0.67620,3637,23729,NE___CCB
20080501,0.67390,0.67580,0.66590,0.67010,1868,23886,NE___CCB
20080502,0.66880,0.67640,0.66790,0.67370,2333,23924,NE___CCB
20080505,0.67260,0.67890,0.67140,0.67730,2290,23814,NE___CCB
20080506,0.67810,0.68590,0.67690,0.68370,4332,23880,NE___CCB
20080507,0.68360,0.68370,0.67380,0.67440,5266,25705,NE___CCB
20080508,0.67470,0.67500,0.66240,0.66400,9739,27537,NE___CCB
20080509,0.66500,0.66780,0.65820,0.66100,6996,30287,NE___CCB
20080512,0.66020,0.66590,0.65610,0.66330,3001,30019,NE___CCB
20080513,0.66300,0.66440,0.65720,0.65850,1705,30307,NE___CCB
20080514,0.65760,0.65790,0.65260,0.65460,2864,31407,NE___CCB
20080515,0.65440,0.65820,0.64760,0.65750,3571,30658,NE___CCB
20080516,0.65570,0.66930,0.65570,0.66690,3008,30290,NE___CCB
20080519,0.66870,0.67130,0.66450,0.66590,2170,30451,NE___CCB
20080520,0.66600,0.67150,0.66570,0.66870,2035,30839,NE___CCB
20080521,0.66850,0.67510,0.66670,0.67040,3533,32194,NE___CCB
20080522,0.67220,0.68430,0.67090,0.67790,4277,31105,NE___CCB
20080523,0.67830,0.68500,0.67710,0.68280,3459,31659,NE___CCB
20080527,0.68060,0.68720,0.67800,0.68480,1959,32025,NE___CCB
20080528,0.68470,0.68530,0.67850,0.67930,4448,32784,NE___CCB
20080529,0.68100,0.68220,0.67260,0.67440,3027,32688,NE___CCB
20080530,0.67630,0.68070,0.67460,0.68000,2990,32891,NE___CCB
20080602,0.67880,0.68240,0.67780,0.68080,2831,32877,NE___CCB
20080603,0.68050,0.68520,0.67630,0.67790,1738,32724,NE___CCB
20080604,0.67650,0.67990,0.67480,0.67600,2525,33473,NE___CCB
20080605,0.66680,0.66680,0.65790,0.66370,6186,33068,NE___CCB
20080606,0.66250,0.66640,0.66170,0.66430,3143,32061,NE___CCB
20080609,0.66480,0.66760,0.65350,0.65610,7199,7148,NE___CCB
20080610,0.65610,0.65720,0.64770,0.64860,3437,7408,NE___CCB
20080611,0.65110,0.65510,0.65030,0.65340,14656,17605,NE___CCB
20080612,0.65310,0.65430,0.64570,0.64790,6981,23449,NE___CCB
20080613,0.64920,0.65210,0.64270,0.64740,4908,24938,NE___CCB
20080616,0.64910,0.65220,0.64690,0.65140,2767,25385,NE___CCB
20080617,0.65130,0.65530,0.64850,0.65440,1746,25029,NE___CCB
20080618,0.65460,0.65820,0.65220,0.65810,1414,24790,NE___CCB
20080619,0.65660,0.66190,0.65570,0.66060,2553,25126,NE___CCB
20080620,0.65970,0.66320,0.65900,0.66020,1168,24806,NE___CCB
20080623,0.65940,0.66220,0.65450,0.65540,1491,25181,NE___CCB
20080624,0.65630,0.65860,0.65450,0.65730,4407,25254,NE___CCB
20080625,0.65850,0.66000,0.65350,0.65790,1197,25450,NE___CCB
20080626,0.65880,0.65890,0.65350,0.65580,2352,26018,NE___CCB
20080627,0.65430,0.66280,0.65260,0.66020,2768,25709,NE___CCB
20080630,0.66160,0.66610,0.65900,0.66210,2710,25704,NE___CCB
20080701,0.66140,0.66250,0.65530,0.65600,2958,26790,NE___CCB
20080702,0.65860,0.66180,0.65680,0.66050,4023,29118,NE___CCB
20080703,0.66040,0.66110,0.65490,0.65570,1648,28974,NE___CCB
20080707,0.65650,0.66070,0.65110,0.65430,3835,30222,NE___CCB
20080708,0.65350,0.65480,0.64930,0.65260,2237,30458,NE___CCB
20080709,0.65370,0.66300,0.65240,0.66080,2538,30285,NE___CCB
20080710,0.65820,0.66300,0.65570,0.65970,2644,29304,NE___CCB
20080711,0.66060,0.66630,0.65880,0.66110,2046,29441,NE___CCB
20080714,0.66340,0.66640,0.66050,0.66600,1763,28986,NE___CCB
20080715,0.66590,0.67770,0.66340,0.67330,3340,29003,NE___CCB
20080716,0.67290,0.67560,0.67000,0.67320,3819,28836,NE___CCB
20080717,0.67350,0.67480,0.66100,0.66370,2275,28475,NE___CCB
20080718,0.66560,0.66860,0.65960,0.66360,1435,28754,NE___CCB
20080721,0.66350,0.66560,0.66120,0.66320,1461,28335,NE___CCB
20080722,0.66370,0.66570,0.66010,0.66170,1444,27869,NE___CCB
20080723,0.66160,0.66220,0.65230,0.65280,3297,27423,NE___CCB
20080724,0.64760,0.64830,0.64190,0.64430,4812,28987,NE___CCB
20080725,0.64580,0.65000,0.64370,0.64550,1860,29329,NE___CCB
20080728,0.65030,0.65030,0.64410,0.64780,970,29284,NE___CCB
20080729,0.64860,0.65010,0.63840,0.64320,2232,28932,NE___CCB
20080730,0.64290,0.64320,0.63510,0.63800,3867,30693,NE___CCB
20080731,0.63830,0.64020,0.63500,0.63810,4140,31375,NE___CCB
20080801,0.63760,0.63790,0.62870,0.63100,3537,32073,NE___CCB
20080804,0.63100,0.63750,0.63070,0.63410,2276,32622,NE___CCB
20080805,0.63320,0.63320,0.62660,0.63050,2098,32098,NE___CCB
20080806,0.63070,0.63130,0.62160,0.62290,2344,31898,NE___CCB
20080807,0.62090,0.62660,0.61830,0.61990,2384,32017,NE___CCB
20080808,0.61830,0.61960,0.60350,0.60960,4155,31177,NE___CCB
20080811,0.60640,0.61360,0.60170,0.60480,2286,31151,NE___CCB
20080812,0.60550,0.60650,0.59830,0.60510,3133,31641,NE___CCB
20080813,0.59970,0.61110,0.58830,0.61060,4571,30787,NE___CCB
20080814,0.61010,0.61200,0.60310,0.60560,2309,30620,NE___CCB
20080815,0.60440,0.61450,0.60020,0.61260,2929,29858,NE___CCB
20080818,0.61120,0.62230,0.60960,0.61710,6201,28471,NE___CCB
20080819,0.61520,0.62140,0.61020,0.61850,3767,28070,NE___CCB
20080820,0.61920,0.62230,0.61440,0.61820,5974,27426,NE___CCB
20080821,0.61910,0.62800,0.61700,0.62650,3814,27597,NE___CCB
20080822,0.62700,0.62720,0.61460,0.61540,2294,26981,NE___CCB
20080825,0.61570,0.61630,0.61020,0.61110,1098,26624,NE___CCB
20080826,0.61160,0.61160,0.59680,0.60440,4386,26646,NE___CCB
20080827,0.60190,0.61140,0.60120,0.60800,3320,25999,NE___CCB
20080828,0.60970,0.61430,0.60800,0.60860,3562,26352,NE___CCB
20080829,0.61040,0.61400,0.60590,0.60630,1121,26264,NE___CCB
20080902,0.60770,0.60770,0.58810,0.59500,2746,26328,NE___CCB
20080903,0.59340,0.59770,0.58130,0.59210,4079,26791,NE___CCB
20080904,0.59250,0.59610,0.57980,0.58080,1900,26437,NE___CCB
20080905,0.57460,0.57910,0.56770,0.57520,2877,26165,NE___CCB
20080908,0.58670,0.59220,0.57340,0.57680,3652,25864,NE___CCB
20080909,0.57860,0.58700,0.56940,0.57970,996,1626,NE___CCB
20080910,0.57810,0.58050,0.57320,0.57470,12848,9999,NE___CCB
20080911,0.56340,0.56530,0.55370,0.56080,11865,16811,NE___CCB
20080912,0.56460,0.57850,0.55980,0.57630,5499,19666,NE___CCB
20080915,0.57610,0.58150,0.56300,0.56530,2525,19311,NE___CCB
20080916,0.56740,0.57290,0.55760,0.56880,1391,19306,NE___CCB
20080917,0.56720,0.58130,0.56280,0.58130,2821,19078,NE___CCB
20080918,0.57550,0.59130,0.56780,0.58510,6892,21292,NE___CCB
20080919,0.58580,0.60060,0.57880,0.59840,5666,21427,NE___CCB
20080922,0.59370,0.60810,0.59370,0.60380,2420,22516,NE___CCB
20080923,0.60070,0.60270,0.58800,0.59480,827,22305,NE___CCB
20080924,0.59200,0.59880,0.58940,0.59610,1720,21529,NE___CCB
20080925,0.59370,0.60080,0.59060,0.59330,1718,20637,NE___CCB
20080926,0.59460,0.60320,0.59260,0.59590,1949,19848,NE___CCB
20080929,0.59610,0.59940,0.58130,0.58610,2780,19048,NE___CCB
20080930,0.57770,0.59100,0.57530,0.58170,2568,18879,NE___CCB
20081001,0.58050,0.59120,0.57870,0.58590,1713,18960,NE___CCB
20081002,0.58370,0.58650,0.56780,0.57170,1638,18977,NE___CCB
20081003,0.56930,0.58010,0.56810,0.57490,949,19035,NE___CCB
20081006,0.57090,0.57260,0.52970,0.53430,2632,18900,NE___CCB
20081007,0.53630,0.55510,0.53260,0.54440,2696,19022,NE___CCB
20081008,0.53910,0.54060,0.49380,0.52500,3514,18309,NE___CCB
20081009,0.51840,0.53970,0.50560,0.53140,2807,18216,NE___CCB
20081010,0.51770,0.51970,0.50310,0.50880,3415,17990,NE___CCB
20081013,0.52020,0.53560,0.50670,0.52320,1410,18319,NE___CCB
20081014,0.52930,0.54920,0.52910,0.53470,2642,18476,NE___CCB
20081015,0.53050,0.54190,0.51240,0.52080,1988,18477,NE___CCB
20081016,0.51050,0.53380,0.50890,0.52540,1958,18390,NE___CCB
20081017,0.53120,0.53590,0.52260,0.53240,1101,18384,NE___CCB
20081020,0.52350,0.53980,0.52080,0.53800,799,18244,NE___CCB
20081021,0.53490,0.53600,0.51980,0.52950,506,18190,NE___CCB
20081022,0.52350,0.52570,0.49650,0.50260,1351,18363,NE___CCB
20081023,0.50820,0.51490,0.49310,0.49330,1550,18493,NE___CCB
20081024,0.51060,0.51090,0.46420,0.47360,1364,18344,NE___CCB
20081027,0.46760,0.47500,0.45010,0.45510,1367,18166,NE___CCB
20081028,0.45700,0.48210,0.45630,0.47630,1903,18393,NE___CCB
20081029,0.48260,0.50800,0.48260,0.50050,1890,18581,NE___CCB
20081030,0.49540,0.51730,0.49470,0.50840,757,18463,NE___CCB
20081031,0.50170,0.50410,0.48950,0.50060,629,18374,NE___CCB
20081103,0.50120,0.51180,0.49710,0.50860,819,18392,NE___CCB
20081104,0.50490,0.52770,0.49990,0.51770,1151,18480,NE___CCB
20081105,0.52180,0.52590,0.51110,0.51720,467,18522,NE___CCB
20081106,0.50970,0.51820,0.50120,0.50580,893,18612,NE___CCB
20081107,0.50130,0.50900,0.49410,0.50530,769,18548,NE___CCB
20081110,0.50890,0.51930,0.49270,0.49900,435,18604,NE___CCB
20081111,0.49600,0.50390,0.48390,0.48670,635,18939,NE___CCB
20081112,0.48330,0.49520,0.47070,0.47690,1089,18991,NE___CCB
20081113,0.47470,0.49100,0.46630,0.47960,1643,18569,NE___CCB
20081114,0.48770,0.48930,0.46880,0.48030,667,18578,NE___CCB
20081117,0.46420,0.47770,0.46210,0.47300,515,18706,NE___CCB
20081118,0.46530,0.47320,0.46220,0.46250,826,18761,NE___CCB
20081119,0.46630,0.47140,0.45730,0.46340,880,18700,NE___CCB
20081120,0.45710,0.45840,0.43530,0.44300,729,18755,NE___CCB
20081121,0.44010,0.45430,0.43720,0.44370,683,18816,NE___CCB
20081124,0.45040,0.46770,0.44520,0.45900,1184,19026,NE___CCB
20081125,0.46210,0.47590,0.45140,0.46160,1056,18953,NE___CCB
20081126,0.46290,0.47020,0.46090,0.46950,372,18821,NE___CCB
20081128,0.46910,0.47140,0.46270,0.46630,1225,18469,NE___CCB
20081201,0.46200,0.46270,0.44370,0.45120,821,18504,NE___CCB
20081202,0.44440,0.45270,0.44200,0.44630,1063,18901,NE___CCB
20081203,0.44880,0.45670,0.44230,0.44410,1165,19297,NE___CCB
20081204,0.45000,0.45590,0.44570,0.45050,857,19044,NE___CCB
20081205,0.44940,0.45320,0.43800,0.45030,1424,18646,NE___CCB
20081208,0.45320,0.46660,0.44920,0.46460,3320,17526,NE___CCB
20081209,0.46140,0.46260,0.45340,0.45730,908,2979,NE___CCB
20081210,0.45810,0.46780,0.45760,0.45840,4327,6528,NE___CCB
20081211,0.46060,0.47370,0.46060,0.46640,2760,7965,NE___CCB
20081212,0.46840,0.46930,0.45820,0.46240,2497,9085,NE___CCB
20081215,0.46290,0.47360,0.46180,0.46850,791,9264,NE___CCB
20081216,0.47120,0.49620,0.47080,0.48960,864,9129,NE___CCB
20081217,0.49520,0.51100,0.49310,0.50790,1666,9103,NE___CCB
20081218,0.51020,0.52450,0.49610,0.50570,1661,9349,NE___CCB
20081219,0.50430,0.50430,0.48740,0.49060,1183,8935,NE___CCB
20081222,0.49420,0.49800,0.48790,0.49080,322,8904,NE___CCB
20081223,0.48990,0.49140,0.48260,0.48350,594,8900,NE___CCB
20081224,0.48470,0.49450,0.48470,0.49040,201,8970,NE___CCB
20081226,0.49180,0.49590,0.49080,0.49470,181,8935,NE___CCB
20081229,0.49320,0.50310,0.49210,0.49570,608,9097,NE___CCB
20081230,0.49590,0.50030,0.49210,0.49470,501,9032,NE___CCB
20081231,0.49490,0.50820,0.49030,0.50450,380,9026,NE___CCB
20090102,0.49680,0.50370,0.49520,0.50320,609,8952,NE___CCB
20090105,0.50690,0.50870,0.49800,0.50710,1358,9656,NE___CCB
20090106,0.50570,0.51670,0.49890,0.51610,899,9969,NE___CCB
20090107,0.51480,0.52080,0.50660,0.51030,1732,9825,NE___CCB
20090108,0.50840,0.51340,0.49930,0.51070,1162,10089,NE___CCB
20090109,0.51090,0.51230,0.50680,0.51050,733,10274,NE___CCB
20090112,0.50570,0.50690,0.49240,0.49630,1574,10274,NE___CCB
20090113,0.49630,0.49630,0.46420,0.46880,2260,9996,NE___CCB
20090114,0.47010,0.47790,0.45740,0.45980,1391,10119,NE___CCB
20090115,0.46030,0.46420,0.44670,0.45740,1252,9533,NE___CCB
20090116,0.46000,0.47090,0.45780,0.46050,2004,9793,NE___CCB
20090120,0.47000,0.47320,0.43780,0.43940,2084,9711,NE___CCB
20090121,0.43660,0.45460,0.43560,0.44760,2742,10096,NE___CCB
20090122,0.45120,0.45290,0.44180,0.44820,1015,10291,NE___CCB
20090123,0.44550,0.45250,0.43660,0.45000,1730,10248,NE___CCB
20090126,0.44790,0.45400,0.44160,0.44390,1025,10249,NE___CCB
20090127,0.44830,0.45360,0.44480,0.44910,887,10779,NE___CCB
20090128,0.44920,0.45670,0.43880,0.45030,1267,10755,NE___CCB
20090129,0.44570,0.44570,0.43210,0.43390,2075,11377,NE___CCB
20090130,0.43090,0.43390,0.42470,0.42640,2286,12590,NE___CCB
20090202,0.42640,0.42820,0.41640,0.42440,1226,12682,NE___CCB
20090203,0.42310,0.43570,0.42170,0.43410,1206,12942,NE___CCB
20090204,0.43320,0.43500,0.42290,0.42750,2115,13403,NE___CCB
20090205,0.42890,0.44100,0.42560,0.43790,1112,13347,NE___CCB
20090206,0.43640,0.45700,0.43150,0.45270,2794,12189,NE___CCB
20090209,0.44830,0.46480,0.44450,0.45910,1799,12770,NE___CCB
20090210,0.45830,0.45920,0.43860,0.43910,1785,12698,NE___CCB
20090211,0.44570,0.44880,0.44170,0.44780,968,12773,NE___CCB
20090212,0.44630,0.45140,0.43440,0.43570,929,12810,NE___CCB
20090213,0.44280,0.45000,0.44140,0.44580,621,12816,NE___CCB
20090217,0.43960,0.44240,0.42720,0.43090,1243,12814,NE___CCB
20090218,0.42820,0.43410,0.42820,0.43130,1394,13263,NE___CCB
20090219,0.43110,0.43950,0.43020,0.43270,2453,13398,NE___CCB
20090220,0.43000,0.43660,0.42190,0.43440,1191,13526,NE___CCB
20090223,0.43240,0.43910,0.42800,0.42970,1088,13607,NE___CCB
20090224,0.42790,0.43740,0.42580,0.43630,906,13679,NE___CCB
20090225,0.43660,0.43890,0.42980,0.43080,809,13954,NE___CCB
20090226,0.43070,0.43400,0.42950,0.43080,1019,14260,NE___CCB
20090227,0.42810,0.42950,0.41940,0.42490,1459,14492,NE___CCB
20090302,0.41640,0.41870,0.41190,0.41460,1477,15024,NE___CCB
20090303,0.41310,0.42270,0.41290,0.41880,1789,15832,NE___CCB
20090304,0.41600,0.42950,0.41090,0.42920,1806,15396,NE___CCB
20090305,0.42640,0.42640,0.41850,0.41970,1253,15119,NE___CCB
20090306,0.42210,0.43110,0.42160,0.42290,1586,15331,NE___CCB
20090309,0.42640,0.42720,0.41390,0.41550,1919,2829,NE___CCB
20090310,0.41310,0.42690,0.41110,0.42270,4452,5375,NE___CCB
20090311,0.42950,0.43510,0.42020,0.42760,5332,9871,NE___CCB
20090312,0.43430,0.44450,0.42920,0.44210,9820,14572,NE___CCB
20090313,0.44070,0.44850,0.44050,0.44670,3921,15580,NE___CCB
20090316,0.44340,0.45630,0.44270,0.45340,2007,15590,NE___CCB
20090317,0.45050,0.45400,0.44940,0.45180,1134,15538,NE___CCB
20090318,0.45280,0.46840,0.44800,0.46570,1151,15388,NE___CCB
20090319,0.46850,0.48240,0.46200,0.47650,3131,15252,NE___CCB
20090320,0.47640,0.48410,0.47590,0.48010,2661,15344,NE___CCB
20090323,0.48190,0.49440,0.48170,0.49200,1995,15587,NE___CCB
20090324,0.49250,0.49610,0.48220,0.48650,3595,15188,NE___CCB
20090325,0.48530,0.49360,0.47700,0.48390,1344,14951,NE___CCB
20090326,0.48440,0.50280,0.48440,0.49660,2672,14073,NE___CCB
20090327,0.49790,0.50030,0.48830,0.49190,1222,14270,NE___CCB
20090330,0.48920,0.49100,0.48030,0.48250,1447,14151,NE___CCB
20090331,0.48410,0.49460,0.48050,0.49260,2561,14114,NE___CCB
20090401,0.48150,0.49150,0.47510,0.48880,2517,14425,NE___CCB
20090402,0.48760,0.50590,0.48600,0.50020,2559,14560,NE___CCB
20090403,0.50160,0.51200,0.49910,0.50900,2490,14155,NE___CCB
20090406,0.51400,0.52230,0.50680,0.50920,3405,14207,NE___CCB
20090407,0.50650,0.50740,0.49600,0.49700,2686,13694,NE___CCB
20090408,0.50130,0.50240,0.49170,0.49940,1259,13707,NE___CCB
20090409,0.50120,0.50670,0.49930,0.50440,2189,14647,NE___CCB
20090413,0.50750,0.51590,0.50540,0.51410,898,15062,NE___CCB
20090414,0.51510,0.51510,0.50450,0.50630,1984,15192,NE___CCB
20090415,0.50400,0.50600,0.49610,0.50000,1485,15274,NE___CCB
20090416,0.50250,0.50360,0.49070,0.49410,1760,14913,NE___CCB
20090417,0.49510,0.49790,0.48730,0.48770,1719,14370,NE___CCB
20090420,0.49170,0.49280,0.47130,0.47430,2552,14038,NE___CCB
20090421,0.47650,0.48800,0.47360,0.48460,1485,13833,NE___CCB
20090422,0.48480,0.48480,0.47610,0.48010,1297,13905,NE___CCB
20090423,0.47820,0.48480,0.47580,0.48280,1730,13780,NE___CCB
20090424,0.48350,0.49710,0.48260,0.49420,1302,13770,NE___CCB
20090427,0.49050,0.49310,0.48540,0.48830,949,13837,NE___CCB
20090428,0.48470,0.48510,0.47540,0.48250,1606,14075,NE___CCB
20090429,0.48250,0.50220,0.48060,0.49810,2543,13871,NE___CCB
20090430,0.49210,0.49830,0.48570,0.48910,2179,14018,NE___CCB
20090501,0.48950,0.49760,0.48630,0.49330,1005,13947,NE___CCB
20090504,0.49670,0.50000,0.49430,0.49610,1769,14095,NE___CCB
20090505,0.49830,0.50950,0.49780,0.50120,1420,13982,NE___CCB
20090506,0.50640,0.50890,0.49880,0.50820,1799,14204,NE___CCB
20090507,0.50550,0.52220,0.50550,0.51400,4637,14932,NE___CCB
20090508,0.51460,0.52850,0.51440,0.52750,2242,15637,NE___CCB
20090511,0.52760,0.53570,0.52350,0.52800,3274,16501,NE___CCB
20090512,0.52140,0.53300,0.52000,0.52990,1643,16903,NE___CCB
20090513,0.52850,0.53350,0.51200,0.51440,5190,18860,NE___CCB
20090514,0.51620,0.52210,0.50990,0.52150,2563,19043,NE___CCB
20090515,0.51990,0.52000,0.50720,0.50800,1994,19142,NE___CCB
20090518,0.50860,0.51920,0.50690,0.51680,1325,19039,NE___CCB
20090519,0.51970,0.52980,0.51710,0.52730,1642,19228,NE___CCB
20090520,0.52610,0.53480,0.52270,0.53250,3210,20519,NE___CCB
20090521,0.52810,0.53460,0.52570,0.53030,2638,21508,NE___CCB
20090522,0.53500,0.54750,0.53490,0.54480,4226,23795,NE___CCB
20090526,0.54080,0.54980,0.53330,0.54800,4343,24743,NE___CCB
20090527,0.54710,0.54760,0.53780,0.54290,2602,25149,NE___CCB
20090528,0.53930,0.55110,0.53630,0.54740,2979,25386,NE___CCB
20090529,0.54710,0.56540,0.54710,0.56240,3037,25597,NE___CCB
20090601,0.56470,0.58040,0.56170,0.57800,3383,25848,NE___CCB
20090602,0.57430,0.58360,0.56880,0.58250,3428,26448,NE___CCB
20090603,0.58020,0.58020,0.55150,0.55370,4077,26469,NE___CCB
20090604,0.55720,0.56190,0.54580,0.55860,4150,26181,NE___CCB
20090605,0.55730,0.56600,0.54970,0.55250,8655,26476,NE___CCB
20090608,0.54850,0.55270,0.53960,0.54200,9136,25711,NE___CCB
20090609,0.54590,0.55370,0.54130,0.55150,2909,9164,NE___CCB
20090610,0.55150,0.56070,0.54790,0.55050,8269,14720,NE___CCB
20090611,0.55730,0.57100,0.55680,0.57000,12600,18927,NE___CCB
20090612,0.56870,0.56990,0.55980,0.56600,6696,21133,NE___CCB
20090615,0.56180,0.56300,0.55210,0.55360,6359,21036,NE___CCB
20090616,0.55480,0.56340,0.54780,0.55610,5124,20651,NE___CCB
20090617,0.55170,0.56100,0.54890,0.55890,6427,20957,NE___CCB
20090618,0.55640,0.56870,0.55440,0.56390,4875,21254,NE___CCB
20090619,0.56290,0.57280,0.56210,0.56810,4619,21909,NE___CCB
20090622,0.56570,0.56630,0.55320,0.55550,4505,22121,NE___CCB
20090623,0.55260,0.56630,0.55020,0.56480,6123,22591,NE___CCB
20090624,0.56270,0.57340,0.56190,0.56450,5479,23101,NE___CCB
20090625,0.56410,0.57070,0.55940,0.56920,4466,23656,NE___CCB
20090626,0.56840,0.57260,0.56580,0.57040,3725,23840,NE___CCB
20090629,0.57050,0.57710,0.56690,0.57600,3418,23713,NE___CCB
20090630,0.57490,0.57940,0.56860,0.57080,3748,23727,NE___CCB
20090701,0.56970,0.57210,0.56350,0.56740,6527,22505,NE___CCB
20090702,0.56570,0.56630,0.55300,0.55520,7058,21372,NE___CCB
20090706,0.55280,0.56290,0.54920,0.55640,6088,21715,NE___CCB
20090707,0.56160,0.56440,0.55420,0.55620,4071,21679,NE___CCB
20090708,0.55380,0.55630,0.54460,0.54790,6669,22147,NE___CCB
20090709,0.55210,0.55910,0.54930,0.55590,3399,22267,NE___CCB
20090710,0.55570,0.55860,0.54860,0.55260,3336,22145,NE___CCB
20090713,0.55200,0.55900,0.54510,0.55710,3804,22133,NE___CCB
20090714,0.55770,0.56480,0.55720,0.56050,3599,22074,NE___CCB
20090715,0.56610,0.57660,0.56330,0.57630,5298,22021,NE___CCB
20090716,0.57330,0.57490,0.56440,0.57280,4218,22155,NE___CCB
20090717,0.57230,0.57320,0.56740,0.57040,2544,22432,NE___CCB
20090720,0.57010,0.58380,0.57010,0.58220,3287,22279,NE___CCB
20090721,0.58210,0.58670,0.57540,0.57910,5467,21951,NE___CCB
20090722,0.58260,0.58850,0.57850,0.58720,5118,22236,NE___CCB
20090723,0.58450,0.58850,0.57640,0.58230,4108,22043,NE___CCB
20090724,0.58140,0.58470,0.57960,0.58230,2451,21998,NE___CCB
20090727,0.58610,0.58720,0.57900,0.58190,3547,22258,NE___CCB
20090728,0.58280,0.58920,0.57970,0.58440,4485,22676,NE___CCB
20090729,0.58170,0.58480,0.57820,0.57950,4965,22850,NE___CCB
20090730,0.57670,0.58040,0.57380,0.57890,3450,22983,NE___CCB
20090731,0.57780,0.58890,0.57770,0.58660,6670,22868,NE___CCB
20090803,0.58720,0.59490,0.58550,0.59250,5814,23204,NE___CCB
20090804,0.59340,0.60050,0.59070,0.59190,4372,23867,NE___CCB
20090805,0.59960,0.60230,0.59670,0.59990,4991,23984,NE___CCB
20090806,0.60040,0.60040,0.59480,0.59600,4208,24302,NE___CCB
20090807,0.59630,0.60820,0.59550,0.59820,6878,24280,NE___CCB
20090810,0.59640,0.60410,0.59610,0.60100,4413,24624,NE___CCB
20090811,0.60290,0.60310,0.59260,0.59490,5653,25017,NE___CCB
20090812,0.59450,0.60300,0.58610,0.60130,6799,24669,NE___CCB
20090813,0.59820,0.60800,0.59740,0.60500,6243,25546,NE___CCB
20090814,0.60480,0.61560,0.60130,0.60190,6171,25773,NE___CCB
20090817,0.60080,0.60250,0.59100,0.59600,5748,25394,NE___CCB
20090818,0.59390,0.60260,0.59360,0.60150,4393,24766,NE___CCB
20090819,0.60130,0.60370,0.59330,0.60050,5938,24961,NE___CCB
20090820,0.60060,0.60470,0.59950,0.60290,4694,24991,NE___CCB
20090821,0.60350,0.61350,0.59820,0.60950,5462,25690,NE___CCB
20090824,0.61190,0.61540,0.60860,0.61270,4727,25574,NE___CCB
20090825,0.61100,0.61670,0.61030,0.61140,4930,25716,NE___CCB
20090826,0.61130,0.61660,0.60540,0.60810,7356,25444,NE___CCB
20090827,0.60850,0.61690,0.60450,0.61540,8219,24182,NE___CCB
20090828,0.61420,0.61660,0.61080,0.61150,4381,24076,NE___CCB
20090831,0.61170,0.61380,0.60650,0.61200,4740,24223,NE___CCB
20090901,0.61240,0.61580,0.59920,0.60130,11126,22998,NE___CCB
20090902,0.60300,0.60520,0.59570,0.60100,12001,22424,NE___CCB
20090903,0.60000,0.61040,0.59970,0.60380,7402,22107,NE___CCB
20090904,0.60610,0.61710,0.60500,0.61530,8182,20294,NE___CCB
20090908,0.61680,0.62590,0.61510,0.62320,15378,16544,NE___CCB
20090909,0.62350,0.62810,0.62110,0.62300,5247,16750,NE___CCB
20090910,0.62540,0.63220,0.62020,0.63090,5498,19085,NE___CCB
20090911,0.63070,0.63650,0.62920,0.63470,8608,23131,NE___CCB
20090914,0.63300,0.63330,0.62410,0.62800,4759,23378,NE___CCB
20090915,0.62410,0.63420,0.62410,0.63140,6707,23336,NE___CCB
20090916,0.63270,0.64300,0.63220,0.64160,4916,23349,NE___CCB
20090917,0.64110,0.64360,0.63610,0.63820,3394,23237,NE___CCB
20090918,0.63790,0.64050,0.63540,0.63790,4215,23267,NE___CCB
20090921,0.63550,0.63720,0.62970,0.63460,4237,23143,NE___CCB
20090922,0.63520,0.65240,0.63520,0.64760,6788,23603,NE___CCB
20090923,0.64870,0.66060,0.64640,0.65280,5875,23528,NE___CCB
20090924,0.64410,0.65510,0.64300,0.64420,6738,23440,NE___CCB
20090925,0.64370,0.64950,0.63910,0.64580,7569,23988,NE___CCB
20090928,0.64480,0.65070,0.63930,0.64440,4482,23846,NE___CCB
20090929,0.64380,0.65080,0.64020,0.64330,5172,23775,NE___CCB
20090930,0.64290,0.65340,0.64290,0.65190,6005,24003,NE___CCB
20091001,0.65160,0.65300,0.64200,0.64440,6320,24198,NE___CCB
20091002,0.64320,0.64940,0.63570,0.64460,7342,24290,NE___CCB
20091005,0.64390,0.65980,0.64240,0.65960,4458,24577,NE___CCB
20091006,0.65860,0.66630,0.65700,0.66080,5639,24850,NE___CCB
20091007,0.66400,0.67020,0.65420,0.66190,3828,24522,NE___CCB
20091008,0.66490,0.67410,0.66490,0.67150,4334,24858,NE___CCB
20091009,0.67060,0.67060,0.65860,0.66250,5145,25580,NE___CCB
20091012,0.66270,0.66460,0.65370,0.66320,4181,25303,NE___CCB
20091013,0.66450,0.67030,0.65990,0.66220,6319,24375,NE___CCB
20091014,0.66810,0.67190,0.66460,0.66650,4246,24634,NE___CCB
20091015,0.67240,0.67740,0.66900,0.67200,6230,24558,NE___CCB
20091016,0.67270,0.67810,0.66380,0.66810,4468,24841,NE___CCB
20091019,0.66720,0.68640,0.66550,0.68250,3736,24826,NE___CCB
20091020,0.68510,0.68530,0.67280,0.67650,5297,24857,NE___CCB
20091021,0.67820,0.69220,0.67520,0.69120,5867,25165,NE___CCB
20091022,0.68660,0.68920,0.67900,0.68740,5783,24402,NE___CCB
20091023,0.68770,0.68870,0.68150,0.68290,3693,24466,NE___CCB
20091026,0.68240,0.68570,0.67420,0.67560,4383,24533,NE___CCB
20091027,0.67660,0.68070,0.67040,0.67460,7825,24225,NE___CCB
20091028,0.67330,0.67610,0.64930,0.65790,8213,22384,NE___CCB
20091029,0.65080,0.66610,0.64570,0.66530,6943,22603,NE___CCB
20091030,0.66190,0.66270,0.64520,0.64760,7250,22384,NE___CCB
20091102,0.64300,0.65640,0.64250,0.64560,6235,22591,NE___CCB
20091103,0.64890,0.65380,0.63900,0.64950,7303,21877,NE___CCB
20091104,0.65150,0.66060,0.64620,0.65950,5549,21251,NE___CCB
20091105,0.65350,0.65440,0.64580,0.65140,4339,21168,NE___CCB
20091106,0.65090,0.65760,0.64910,0.65330,6517,20878,NE___CCB
20091109,0.66240,0.67360,0.66190,0.67210,5202,21085,NE___CCB
20091110,0.67420,0.67590,0.66760,0.67300,4644,20850,NE___CCB
20091111,0.67250,0.67380,0.66810,0.66980,4325,21406,NE___CCB
20091112,0.67020,0.67440,0.66090,0.66290,4065,21247,NE___CCB
20091113,0.66410,0.67470,0.66190,0.67260,5237,21523,NE___CCB
20091116,0.67290,0.68290,0.66970,0.67930,6138,21157,NE___CCB
20091117,0.67880,0.68030,0.67130,0.67410,5048,21618,NE___CCB
20091118,0.67590,0.68020,0.67360,0.67420,3315,21577,NE___CCB
20091119,0.67640,0.67670,0.65790,0.66150,7613,21981,NE___CCB
20091120,0.66200,0.66320,0.65060,0.65430,6316,21460,NE___CCB
20091123,0.65290,0.66740,0.65220,0.66410,3489,21358,NE___CCB
20091124,0.66290,0.66420,0.65310,0.65700,5452,21618,NE___CCB
20091125,0.65730,0.66390,0.65590,0.66140,7904,22441,NE___CCB
20091127,0.66150,0.66170,0.63350,0.64000,12427,23024,NE___CCB
20091130,0.64450,0.65320,0.64320,0.64500,4855,22819,NE___CCB
20091201,0.64820,0.67080,0.64520,0.65830,9064,21387,NE___CCB
20091202,0.65700,0.66090,0.65160,0.65310,5664,21443,NE___CCB
20091203,0.65500,0.66150,0.65260,0.65580,12357,16486,NE___CCB
20091204,0.65310,0.65930,0.64470,0.64530,10995,15677,NE___CCB
20091207,0.64840,0.65030,0.63950,0.64430,8203,14869,NE___CCB
20091208,0.64710,0.64860,0.63620,0.63690,13769,13214,NE___CCB
20091209,0.63770,0.65260,0.63600,0.64400,3841,11798,NE___CCB
20091210,0.65360,0.66340,0.65320,0.65970,7698,15363,NE___CCB
20091211,0.65940,0.66110,0.65380,0.65530,11643,17413,NE___CCB
20091214,0.65580,0.66150,0.65290,0.65890,4894,18030,NE___CCB
20091215,0.65900,0.65920,0.64940,0.65310,6129,18647,NE___CCB
20091216,0.65330,0.65420,0.64690,0.65130,7926,19607,NE___CCB
20091217,0.65130,0.65210,0.64010,0.64180,7535,19780,NE___CCB
20091218,0.64240,0.64500,0.63830,0.64220,7801,19385,NE___CCB
20091221,0.64270,0.64330,0.63590,0.63620,3977,19144,NE___CCB
20091222,0.63590,0.63950,0.63170,0.63470,5507,19371,NE___CCB
20091223,0.63120,0.63860,0.63050,0.63670,4607,18740,NE___CCB
20091224,0.63710,0.64050,0.63570,0.63840,2416,18571,NE___CCB
20091228,0.63840,0.64190,0.63800,0.64030,1543,18430,NE___CCB
20091229,0.64040,0.65370,0.63960,0.65110,6045,18892,NE___CCB
20091230,0.64990,0.65530,0.64690,0.65350,4860,19459,NE___CCB
20091231,0.65710,0.66140,0.65370,0.65840,3651,19644,NE___CCB
20100104,0.65820,0.66810,0.65210,0.66620,9238,21274,NE___CCB
20100105,0.66660,0.67180,0.66420,0.66720,8946,23051,NE___CCB
20100106,0.66640,0.67140,0.66300,0.67130,5768,23294,NE___CCB
20100107,0.67020,0.67580,0.66420,0.66660,7288,24725,NE___CCB
20100108,0.66420,0.67090,0.66130,0.66900,7213,24157,NE___CCB
20100111,0.67270,0.67700,0.67130,0.67600,4712,25016,NE___CCB
20100112,0.67480,0.67630,0.66930,0.67230,8019,25731,NE___CCB
20100113,0.67230,0.67570,0.67010,0.67310,5920,26060,NE___CCB
20100114,0.67190,0.67760,0.67190,0.67600,5175,26574,NE___CCB
20100115,0.67540,0.67560,0.66930,0.67040,5713,26718,NE___CCB
20100119,0.66780,0.67410,0.66640,0.67190,7505,26916,NE___CCB
20100120,0.66850,0.66850,0.65190,0.65300,13722,26868,NE___CCB
20100121,0.65550,0.65710,0.64360,0.64640,15091,25590,NE___CCB
20100122,0.64500,0.65130,0.64300,0.64390,10053,23893,NE___CCB
20100125,0.64610,0.65070,0.64510,0.64830,8008,22290,NE___CCB
20100126,0.64750,0.65080,0.63610,0.64300,12220,21438,NE___CCB
20100127,0.64090,0.64460,0.63690,0.63940,9004,21138,NE___CCB
20100128,0.64100,0.64780,0.63810,0.63900,8855,20796,NE___CCB
20100129,0.63770,0.64310,0.63480,0.63690,13442,21167,NE___CCB
20100201,0.63710,0.64380,0.63370,0.64290,7036,20850,NE___CCB
20100202,0.64360,0.64700,0.63770,0.64570,8160,21298,NE___CCB
20100203,0.64670,0.64950,0.63500,0.64250,8071,21177,NE___CCB
20100204,0.63310,0.63450,0.61880,0.62280,14262,20987,NE___CCB
20100205,0.62270,0.62770,0.61540,0.61940,17317,20425,NE___CCB
20100208,0.62380,0.62670,0.61740,0.61940,6891,20280,NE___CCB
20100209,0.61700,0.63150,0.61700,0.62720,13210,20127,NE___CCB
20100210,0.62880,0.63160,0.62420,0.62880,8476,20236,NE___CCB
20100211,0.62810,0.63710,0.62810,0.63600,11306,19369,NE___CCB
20100212,0.63260,0.63410,0.62480,0.63160,11712,19721,NE___CCB
20100216,0.63080,0.64310,0.63030,0.64110,8895,19631,NE___CCB
20100217,0.64130,0.64300,0.63690,0.63870,5715,19800,NE___CCB
20100218,0.63690,0.64150,0.63140,0.64120,6363,20039,NE___CCB
20100219,0.63180,0.63470,0.62820,0.63330,8123,19757,NE___CCB
20100222,0.63490,0.63870,0.63450,0.63700,3184,19648,NE___CCB
20100223,0.63650,0.64110,0.62480,0.62780,10240,19511,NE___CCB
20100224,0.62830,0.63060,0.62250,0.62780,11764,19113,NE___CCB
20100225,0.62860,0.63010,0.62010,0.62510,12194,18808,NE___CCB
20100226,0.62680,0.63800,0.62620,0.63520,10549,19014,NE___CCB
20100301,0.63510,0.63720,0.62870,0.63530,6706,18953,NE___CCB
20100302,0.63540,0.63580,0.62810,0.63170,8774,19300,NE___CCB
20100303,0.63100,0.63430,0.62500,0.62940,11608,18627,NE___CCB
20100304,0.62990,0.63000,0.62100,0.62200,12721,18306,NE___CCB
20100305,0.62130,0.63350,0.62120,0.63240,18560,14236,NE___CCB
20100308,0.63550,0.63960,0.63440,0.63640,11207,11833,NE___CCB
20100309,0.63570,0.63940,0.63230,0.63850,3824,11475,NE___CCB
20100310,0.63920,0.64840,0.63710,0.64450,6184,12655,NE___CCB
20100311,0.63630,0.63820,0.63240,0.63660,11027,14330,NE___CCB
20100312,0.63500,0.64110,0.63460,0.63730,7892,15412,NE___CCB
20100315,0.63730,0.64160,0.63480,0.63690,4983,15591,NE___CCB
20100316,0.63840,0.64660,0.63750,0.64520,7310,15638,NE___CCB
20100317,0.64980,0.65410,0.64660,0.65070,10771,16067,NE___CCB
20100318,0.65010,0.65380,0.64820,0.65100,7350,17231,NE___CCB
20100319,0.65080,0.65220,0.64300,0.64530,7459,17827,NE___CCB
20100322,0.64380,0.64390,0.63680,0.64210,10335,17853,NE___CCB
20100323,0.64310,0.64480,0.63960,0.64220,7706,17599,NE___CCB
20100324,0.64230,0.64290,0.63580,0.63980,8704,17121,NE___CCB
20100325,0.63910,0.64700,0.63840,0.64160,9579,17110,NE___CCB
20100326,0.64110,0.64620,0.63850,0.64000,7533,16640,NE___CCB
20100329,0.64140,0.64870,0.64040,0.64550,6688,16710,NE___CCB
20100330,0.64600,0.65020,0.64520,0.64690,6682,17143,NE___CCB
20100331,0.64790,0.64880,0.64410,0.64700,9956,17781,NE___CCB
20100401,0.64760,0.64820,0.64070,0.64380,7587,17703,NE___CCB
20100402,0.64500,0.64550,0.64180,0.64300,750,17785,NE___CCB
20100405,0.64350,0.64430,0.63920,0.64120,5106,17441,NE___CCB
20100406,0.64090,0.64490,0.63360,0.64330,10896,16221,NE___CCB
20100407,0.64290,0.64680,0.64000,0.64580,9017,15751,NE___CCB
20100408,0.64480,0.64480,0.63820,0.64430,8125,15386,NE___CCB
20100409,0.64500,0.65500,0.64430,0.65210,10554,16144,NE___CCB
20100412,0.65550,0.65710,0.64860,0.65010,5651,16223,NE___CCB
20100413,0.64900,0.65230,0.64710,0.64830,7086,17540,NE___CCB
20100414,0.65060,0.65310,0.64610,0.65140,6467,17904,NE___CCB
20100415,0.65200,0.65380,0.64820,0.64990,7596,18039,NE___CCB
20100416,0.64940,0.65330,0.64410,0.64610,14004,18069,NE___CCB
20100419,0.64590,0.64900,0.64340,0.64710,8759,17834,NE___CCB
20100420,0.65170,0.65170,0.64610,0.64900,6926,17911,NE___CCB
20100421,0.64910,0.65110,0.64550,0.64790,7926,18023,NE___CCB
20100422,0.64760,0.65210,0.64520,0.64900,7479,18659,NE___CCB
20100423,0.64730,0.65610,0.64650,0.65390,10135,19253,NE___CCB
20100426,0.65490,0.66390,0.65490,0.66090,11260,21097,NE___CCB
20100427,0.66110,0.66160,0.64810,0.65000,10945,21772,NE___CCB
20100428,0.64920,0.66010,0.64920,0.65920,9377,21617,NE___CCB
20100429,0.65750,0.66290,0.65380,0.66190,7042,22474,NE___CCB
20100430,0.66350,0.67110,0.66190,0.66610,15676,23456,NE___CCB
20100503,0.66760,0.67090,0.66520,0.67060,6035,23099,NE___CCB
20100504,0.66910,0.67000,0.65730,0.65770,13192,23285,NE___CCB
20100505,0.65840,0.66060,0.65280,0.65490,14464,23455,NE___CCB
20100506,0.65750,0.66650,0.63790,0.64760,23700,23318,NE___CCB
20100507,0.65040,0.65580,0.64280,0.65330,14538,22799,NE___CCB
20100510,0.65970,0.66870,0.65120,0.66060,9718,24016,NE___CCB
20100511,0.66070,0.66170,0.65490,0.65790,7296,24143,NE___CCB
20100512,0.65510,0.65900,0.64940,0.65090,7400,24227,NE___CCB
20100513,0.65380,0.65840,0.65330,0.65510,5948,23812,NE___CCB
20100514,0.65330,0.65470,0.64450,0.64550,10567,22659,NE___CCB
20100517,0.64550,0.64650,0.63090,0.63530,14600,22076,NE___CCB
20100518,0.63820,0.64330,0.63110,0.63250,10235,21285,NE___CCB
20100519,0.62910,0.62970,0.60500,0.61350,18420,21694,NE___CCB
20100520,0.62050,0.62720,0.60150,0.61140,21865,21112,NE___CCB
20100521,0.60790,0.62150,0.60350,0.61490,14171,19754,NE___CCB
20100524,0.61530,0.61820,0.60850,0.61330,7819,19256,NE___CCB
20100525,0.60970,0.61220,0.59560,0.60430,10969,17633,NE___CCB
20100526,0.60960,0.61390,0.60040,0.60350,10023,16859,NE___CCB
20100527,0.60470,0.62570,0.60280,0.62180,10218,15883,NE___CCB
20100528,0.62290,0.62630,0.61540,0.61770,6744,15696,NE___CCB
20100601,0.61840,0.62450,0.61010,0.62010,10149,15438,NE___CCB
20100602,0.61610,0.62850,0.61180,0.61950,6620,15368,NE___CCB
20100603,0.62030,0.63010,0.61850,0.62320,5127,14963,NE___CCB
20100604,0.62290,0.62660,0.60840,0.60900,8345,16175,NE___CCB
20100607,0.60930,0.61100,0.59820,0.60050,7992,16116,NE___CCB
20100608,0.59840,0.60880,0.59750,0.60350,9090,15639,NE___CCB
20100609,0.60510,0.61520,0.60180,0.60620,3105,4253,NE___CCB
20100610,0.61160,0.62810,0.61000,0.62640,10887,8865,NE___CCB
20100611,0.62520,0.63160,0.62040,0.62840,8214,8294,NE___CCB
20100614,0.63120,0.64210,0.63070,0.63800,5023,8476,NE___CCB
20100615,0.63550,0.63960,0.62860,0.63830,5899,9089,NE___CCB
20100616,0.63910,0.64050,0.63340,0.63840,5267,9284,NE___CCB
20100617,0.63810,0.64480,0.63550,0.64290,5764,9888,NE___CCB
20100618,0.64500,0.64800,0.64240,0.64610,5152,10266,NE___CCB
20100621,0.65380,0.65600,0.64770,0.64940,6092,10257,NE___CCB
20100622,0.64850,0.65230,0.64420,0.64600,5748,10466,NE___CCB
20100623,0.64440,0.65690,0.64330,0.65480,7282,10837,NE___CCB
20100624,0.65380,0.65500,0.64460,0.65140,7313,11078,NE___CCB
20100625,0.64900,0.65670,0.64060,0.65570,5606,11440,NE___CCB
20100628,0.65610,0.65610,0.64700,0.65000,4968,11777,NE___CCB
20100629,0.64920,0.64960,0.63200,0.63430,11964,12867,NE___CCB
20100630,0.63270,0.63680,0.62590,0.62880,9634,13381,NE___CCB
20100701,0.62610,0.63290,0.62100,0.62990,12337,13501,NE___CCB
20100702,0.63390,0.63890,0.62860,0.62910,6861,13580,NE___CCB
20100706,0.62920,0.63890,0.62390,0.63380,10403,12946,NE___CCB
20100707,0.63450,0.64660,0.62990,0.64550,7992,12673,NE___CCB
20100708,0.64450,0.65190,0.64350,0.64990,7794,12827,NE___CCB
20100709,0.64990,0.65320,0.64780,0.65140,6436,13257,NE___CCB
20100712,0.65190,0.65330,0.64740,0.65190,6728,13690,NE___CCB
20100713,0.65290,0.66230,0.64930,0.66060,11550,16737,NE___CCB
20100714,0.66100,0.66710,0.65750,0.66440,8781,17983,NE___CCB
20100715,0.66380,0.67220,0.65930,0.66910,8504,19449,NE___CCB
20100716,0.66860,0.66930,0.65150,0.65440,7694,19731,NE___CCB
20100719,0.64990,0.65320,0.64440,0.64900,8301,18355,NE___CCB
20100720,0.64850,0.65930,0.64660,0.65700,6419,18579,NE___CCB
20100721,0.65940,0.66150,0.65400,0.65450,5767,18767,NE___CCB
20100722,0.65440,0.66930,0.65200,0.66760,6977,20272,NE___CCB
20100723,0.66740,0.67130,0.66480,0.66870,6008,21677,NE___CCB
20100726,0.66910,0.67760,0.66720,0.67590,5517,22583,NE___CCB
20100727,0.67560,0.68180,0.67350,0.67470,6626,22857,NE___CCB
20100728,0.67430,0.67600,0.66790,0.67030,5619,23274,NE___CCB
20100729,0.66390,0.67100,0.66300,0.66810,7537,23002,NE___CCB
20100730,0.66750,0.66940,0.66140,0.66700,6282,23083,NE___CCB
20100802,0.67030,0.67670,0.66900,0.67520,5503,23877,NE___CCB
20100803,0.67440,0.67810,0.67250,0.67760,5367,24343,NE___CCB
20100804,0.67630,0.67850,0.67240,0.67790,6638,25052,NE___CCB
20100805,0.67720,0.67810,0.66750,0.67140,5611,25331,NE___CCB
20100806,0.67260,0.67730,0.67010,0.67440,8677,25756,NE___CCB
20100809,0.67680,0.67680,0.66960,0.67190,4008,26312,NE___CCB
20100810,0.67150,0.67200,0.65970,0.66820,14176,24981,NE___CCB
20100811,0.66670,0.66670,0.65750,0.65880,9445,23374,NE___CCB
20100812,0.65580,0.65920,0.64970,0.65060,9792,23510,NE___CCB
20100813,0.65180,0.66130,0.64820,0.64860,8322,23317,NE___CCB
20100816,0.65100,0.65380,0.64260,0.65020,8397,23199,NE___CCB
20100817,0.64940,0.65820,0.64760,0.65640,7057,23574,NE___CCB
20100818,0.65570,0.66260,0.65350,0.65860,9792,22427,NE___CCB
20100819,0.65720,0.65910,0.64930,0.65010,8870,21226,NE___CCB
20100820,0.65070,0.65180,0.64390,0.65020,7643,20526,NE___CCB
20100823,0.64930,0.65620,0.64800,0.65170,7771,20194,NE___CCB
20100824,0.64890,0.65160,0.64430,0.64850,7570,20216,NE___CCB
20100825,0.64700,0.65010,0.63860,0.64150,10243,19360,NE___CCB
20100826,0.64600,0.65300,0.64260,0.64650,8860,18954,NE___CCB
20100827,0.64610,0.65830,0.64580,0.65600,8866,18987,NE___CCB
20100830,0.65650,0.65810,0.65050,0.65260,4357,19049,NE___CCB
20100831,0.64800,0.64910,0.64070,0.64100,9191,19414,NE___CCB
20100901,0.64390,0.65750,0.64290,0.65580,8223,18332,NE___CCB
20100902,0.65670,0.66240,0.65420,0.65930,7421,18540,NE___CCB
20100903,0.65770,0.66680,0.65770,0.66530,12477,18677,NE___CCB
20100907,0.66380,0.67020,0.66300,0.66520,16223,18644,NE___CCB
20100908,0.66290,0.66860,0.66040,0.66760,12693,17853,NE___CCB
20100909,0.66740,0.67350,0.66500,0.67080,13087,21197,NE___CCB
20100910,0.66930,0.67480,0.66760,0.67310,7894,23697,NE___CCB
20100913,0.67570,0.67930,0.67310,0.67810,5802,24037,NE___CCB
20100914,0.67790,0.68440,0.67160,0.68230,10648,25755,NE___CCB
20100915,0.67910,0.68080,0.67460,0.67600,6427,26271,NE___CCB
20100916,0.67250,0.67390,0.66670,0.66910,7158,26214,NE___CCB
20100917,0.66970,0.67840,0.66920,0.67190,5149,26236,NE___CCB
20100920,0.67840,0.67840,0.67060,0.67480,5214,26499,NE___CCB
20100921,0.67430,0.68050,0.67130,0.68000,6108,26819,NE___CCB
20100922,0.67790,0.68700,0.67740,0.68280,8043,26797,NE___CCB
20100923,0.68370,0.68370,0.67200,0.67720,8435,26405,NE___CCB
20100924,0.67490,0.68170,0.67290,0.67870,6418,25736,NE___CCB
20100927,0.68220,0.68250,0.67830,0.68180,3976,25583,NE___CCB
20100928,0.67970,0.68600,0.67620,0.68450,6555,25964,NE___CCB
20100929,0.68530,0.68640,0.68140,0.68480,5515,25927,NE___CCB
20100930,0.68100,0.68670,0.67650,0.68110,9781,26193,NE___CCB
20101001,0.67900,0.69230,0.67870,0.69020,9124,25893,NE___CCB
20101004,0.68970,0.68980,0.68530,0.68760,4180,26037,NE___CCB
20101005,0.68460,0.69580,0.68190,0.69460,7498,26041,NE___CCB
20101006,0.69450,0.70090,0.69190,0.69890,5885,26384,NE___CCB
20101007,0.69770,0.70540,0.69310,0.69600,6657,26690,NE___CCB
20101008,0.69700,0.70160,0.68890,0.69970,7084,26432,NE___CCB
20101011,0.70240,0.70350,0.69700,0.69910,2171,26585,NE___CCB
20101012,0.69810,0.70240,0.69440,0.70120,5911,26436,NE___CCB
20101013,0.70290,0.70990,0.70130,0.70830,6501,26148,NE___CCB
20101014,0.70390,0.71090,0.70190,0.70230,5805,26377,NE___CCB
20101015,0.70470,0.70870,0.70010,0.70040,7511,26558,NE___CCB
20101018,0.70190,0.70640,0.69680,0.70550,4278,26493,NE___CCB
20101019,0.70330,0.70690,0.68960,0.69190,8781,27030,NE___CCB
20101020,0.69150,0.70390,0.68990,0.70180,8603,26992,NE___CCB
20101021,0.70060,0.70110,0.69050,0.69350,5681,26953,NE___CCB
20101022,0.69330,0.69810,0.69080,0.69420,4676,26847,NE___CCB
20101025,0.69420,0.70340,0.69410,0.70050,5179,26816,NE___CCB
20101026,0.69820,0.70130,0.69440,0.69590,4911,26751,NE___CCB
20101027,0.69590,0.69730,0.68770,0.69020,7966,26225,NE___CCB
20101028,0.69340,0.70300,0.69340,0.70100,6396,26395,NE___CCB
20101029,0.70000,0.71420,0.69970,0.70870,10830,27570,NE___CCB
20101101,0.71290,0.71690,0.71110,0.71380,6675,27341,NE___CCB
20101102,0.71390,0.72200,0.71100,0.71930,5770,28350,NE___CCB
20101103,0.71770,0.72850,0.71770,0.72580,10113,29803,NE___CCB
20101104,0.73420,0.74530,0.73080,0.74340,8392,31128,NE___CCB
20101105,0.74290,0.74550,0.73590,0.74230,6598,31252,NE___CCB
20101108,0.73990,0.74090,0.73190,0.73610,5467,31445,NE___CCB
20101109,0.73490,0.73930,0.72400,0.73140,8734,31472,NE___CCB
20101110,0.72410,0.73300,0.72190,0.73190,9147,32012,NE___CCB
20101111,0.72850,0.73550,0.72560,0.72680,7107,32342,NE___CCB
20101112,0.72760,0.72980,0.71820,0.72210,6972,32579,NE___CCB
20101115,0.72320,0.72610,0.71660,0.72290,5336,32793,NE___CCB
20101116,0.72170,0.72390,0.71360,0.71600,8328,33398,NE___CCB
20101117,0.71640,0.72120,0.71180,0.71890,8039,32839,NE___CCB
20101118,0.71970,0.72740,0.71840,0.72640,5849,32499,NE___CCB
20101119,0.72740,0.72890,0.72360,0.72700,6045,32302,NE___CCB
20101122,0.72970,0.73230,0.71820,0.72160,8431,32247,NE___CCB
20101123,0.72110,0.72120,0.70670,0.70780,10932,30830,NE___CCB
20101124,0.70790,0.71340,0.70730,0.71000,6516,30700,NE___CCB
20101126,0.70970,0.71200,0.69700,0.69890,5193,30326,NE___CCB
20101129,0.70160,0.70270,0.69210,0.69650,6586,29095,NE___CCB
20101130,0.69470,0.69630,0.68920,0.69360,9503,27382,NE___CCB
20101201,0.69190,0.70070,0.68910,0.69980,8772,27086,NE___CCB
20101202,0.69740,0.70590,0.69510,0.70410,8343,27174,NE___CCB
20101203,0.70490,0.71730,0.70410,0.71360,7575,26940,NE___CCB
20101206,0.71490,0.71520,0.70830,0.71180,11638,21821,NE___CCB
20101207,0.71090,0.71650,0.70630,0.70850,7026,20820,NE___CCB
20101208,0.70720,0.70750,0.69340,0.69930,15809,19860,NE___CCB
20101209,0.69750,0.70250,0.69520,0.69770,9100,20603,NE___CCB
20101210,0.69930,0.70310,0.69660,0.69740,6792,24093,NE___CCB
20101213,0.69740,0.70770,0.69510,0.70630,6555,24125,NE___CCB
20101214,0.70160,0.70760,0.69930,0.70320,5291,24510,NE___CCB
20101215,0.70120,0.70120,0.68720,0.68890,12063,24806,NE___CCB
20101216,0.69040,0.69100,0.68470,0.68830,6564,25079,NE___CCB
20101217,0.69050,0.69330,0.68540,0.68830,5181,24981,NE___CCB
20101220,0.68700,0.69410,0.68530,0.69320,3750,25144,NE___CCB
20101221,0.69130,0.69880,0.69080,0.69280,3825,25081,NE___CCB
20101222,0.69410,0.69570,0.68930,0.69260,4310,25020,NE___CCB
20101223,0.69240,0.70120,0.69220,0.70010,3697,24627,NE___CCB
20101227,0.69810,0.70190,0.69630,0.70060,2534,24655,NE___CCB
20101228,0.70150,0.71150,0.70050,0.70610,3318,25090,NE___CCB
20101229,0.70600,0.71930,0.70580,0.71760,4700,25663,NE___CCB
20101230,0.71880,0.72390,0.71800,0.72310,5743,26313,NE___CCB
20101231,0.72190,0.73290,0.72190,0.73070,2728,26485,NE___CCB
20110103,0.72870,0.72990,0.72400,0.72630,5153,26656,NE___CCB
20110104,0.72450,0.72540,0.71540,0.71890,6731,26438,NE___CCB
20110105,0.71790,0.71950,0.70760,0.71160,7728,27192,NE___CCB
20110106,0.70870,0.71190,0.70690,0.70880,6383,27511,NE___CCB
20110107,0.70850,0.71560,0.70640,0.71200,7410,27310,NE___CCB
20110110,0.71190,0.71640,0.70900,0.71530,4914,27265,NE___CCB
20110111,0.71450,0.71500,0.70770,0.71170,5465,27353,NE___CCB
20110112,0.71110,0.71590,0.70790,0.71430,7201,27635,NE___CCB
20110113,0.71550,0.72320,0.71320,0.72060,6482,27192,NE___CCB
20110114,0.72490,0.72490,0.71570,0.72150,8026,26859,NE___CCB
20110118,0.72050,0.72690,0.71930,0.72330,7367,27629,NE___CCB
20110119,0.72300,0.73090,0.72090,0.72140,7245,27847,NE___CCB
20110120,0.71820,0.71820,0.70590,0.71010,8878,26504,NE___CCB
20110121,0.70700,0.71190,0.70520,0.70940,6736,26260,NE___CCB
20110124,0.71160,0.71830,0.70960,0.71570,4785,25998,NE___CCB
20110125,0.71600,0.72200,0.71470,0.71660,6793,26188,NE___CCB
20110126,0.72070,0.72600,0.71740,0.71840,6728,26146,NE___CCB
20110127,0.72490,0.72770,0.72020,0.72580,7316,26780,NE___CCB
20110128,0.72410,0.73240,0.72360,0.72640,5625,27014,NE___CCB
20110131,0.72250,0.72720,0.72140,0.72500,5431,26660,NE___CCB
20110201,0.72570,0.73620,0.72450,0.73320,7528,27432,NE___CCB
20110202,0.73410,0.73560,0.72450,0.73210,6222,28341,NE___CCB
20110203,0.72660,0.72830,0.72210,0.72610,7269,28063,NE___CCB
20110204,0.72610,0.72790,0.71990,0.72200,5634,27959,NE___CCB
20110207,0.72250,0.72590,0.72130,0.72470,5766,27701,NE___CCB
20110208,0.72370,0.73230,0.72280,0.72800,7157,27879,NE___CCB
20110209,0.72840,0.72890,0.72370,0.72410,5267,28235,NE___CCB
20110210,0.72480,0.72620,0.71600,0.71610,8148,28352,NE___CCB
20110211,0.71410,0.71660,0.70910,0.71400,10884,27512,NE___CCB
20110214,0.71060,0.71420,0.70810,0.71110,7300,28319,NE___CCB
20110215,0.71050,0.71250,0.70440,0.70580,8146,27717,NE___CCB
20110216,0.70580,0.71090,0.70440,0.71030,10522,28224,NE___CCB
20110217,0.70820,0.71470,0.70780,0.71350,7846,28129,NE___CCB
20110218,0.71290,0.71970,0.71240,0.71660,5418,27830,NE___CCB
20110222,0.71680,0.71940,0.69970,0.70070,12442,27781,NE___CCB
20110223,0.69810,0.70570,0.69740,0.69930,12878,26684,NE___CCB
20110224,0.70040,0.70570,0.69760,0.70250,10671,26445,NE___CCB
20110225,0.70200,0.70750,0.70200,0.70570,5941,26421,NE___CCB
20110228,0.70600,0.71000,0.70440,0.70800,6568,26125,NE___CCB
20110301,0.70690,0.70790,0.70110,0.70300,8409,26358,NE___CCB
20110302,0.70210,0.70290,0.69340,0.69860,12050,26300,NE___CCB
20110303,0.69740,0.70220,0.69380,0.69540,10163,26186,NE___CCB
20110304,0.69550,0.69560,0.68900,0.69250,12153,24391,NE___CCB
20110307,0.69270,0.69520,0.69020,0.69160,7991,23498,NE___CCB
20110308,0.69230,0.69690,0.69210,0.69460,10440,20821,NE___CCB
20110309,0.69560,0.69670,0.68600,0.69400,4976,8324,NE___CCB
20110310,0.69170,0.69320,0.68780,0.68990,7000,10783,NE___CCB
20110311,0.69060,0.70130,0.68840,0.69910,18099,13971,NE___CCB
20110314,0.69660,0.69700,0.69200,0.69520,8746,14384,NE___CCB
20110315,0.69510,0.69580,0.68250,0.68580,14166,15849,NE___CCB
20110316,0.68690,0.69160,0.68110,0.68500,12432,15458,NE___CCB
20110317,0.68030,0.68140,0.66830,0.67410,12213,15007,NE___CCB
20110318,0.67520,0.68820,0.67450,0.68760,11459,13978,NE___CCB
20110321,0.68620,0.69220,0.68590,0.69060,5307,13872,NE___CCB
20110322,0.69090,0.70060,0.69010,0.69750,7341,13972,NE___CCB
20110323,0.69670,0.69950,0.69380,0.69860,6109,14336,NE___CCB
20110324,0.69910,0.70840,0.69860,0.70670,9914,13688,NE___CCB
20110325,0.70670,0.71390,0.70510,0.70990,8538,13320,NE___CCB
20110328,0.70710,0.71180,0.70530,0.70970,6276,13448,NE___CCB
20110329,0.70680,0.71430,0.70590,0.71370,7093,13399,NE___CCB
20110330,0.71340,0.72020,0.71130,0.71900,8292,13545,NE___CCB
20110331,0.71870,0.72130,0.71510,0.72000,8965,14689,NE___CCB
20110401,0.71780,0.72500,0.71450,0.72480,11568,15049,NE___CCB
20110404,0.72500,0.72690,0.72260,0.72410,6127,15591,NE___CCB
20110405,0.72430,0.72900,0.72380,0.72510,9313,16196,NE___CCB
20110406,0.72410,0.73740,0.72350,0.73630,10875,18029,NE___CCB
20110407,0.73460,0.73780,0.73040,0.73500,11907,19056,NE___CCB
20110408,0.73460,0.74010,0.73310,0.73740,6132,20168,NE___CCB
20110411,0.73920,0.74160,0.73540,0.73570,5077,20329,NE___CCB
20110412,0.73780,0.74550,0.73150,0.74220,12577,21142,NE___CCB
20110413,0.73960,0.74990,0.73960,0.74510,8089,21826,NE___CCB
20110414,0.74470,0.75280,0.74360,0.75030,10062,22820,NE___CCB
20110415,0.75060,0.75690,0.74920,0.75620,8729,23550,NE___CCB
20110418,0.75680,0.76040,0.74130,0.74710,13984,24360,NE___CCB
20110419,0.74630,0.74750,0.73970,0.74450,9705,25788,NE___CCB
20110420,0.74590,0.75840,0.74570,0.75200,9148,26382,NE___CCB
20110421,0.75470,0.76140,0.75300,0.75950,7372,26803,NE___CCB
20110425,0.75970,0.76160,0.75500,0.75770,2562,27227,NE___CCB
20110426,0.75730,0.76480,0.75520,0.76330,7053,27219,NE___CCB
20110427,0.76450,0.76880,0.75800,0.76270,6912,28158,NE___CCB
20110428,0.76060,0.76620,0.75490,0.75790,9265,29492,NE___CCB
20110429,0.76050,0.76860,0.75800,0.76760,6737,29730,NE___CCB
20110502,0.76760,0.77010,0.76070,0.76550,6167,30489,NE___CCB
20110503,0.76380,0.76420,0.75510,0.75530,9957,31618,NE___CCB
20110504,0.75610,0.75740,0.74460,0.74810,15375,32146,NE___CCB
20110505,0.74830,0.75260,0.73990,0.74180,14323,31138,NE___CCB
20110506,0.74610,0.75540,0.74360,0.74760,15104,30499,NE___CCB
20110509,0.74840,0.75470,0.74690,0.75240,8371,30502,NE___CCB
20110510,0.75260,0.75460,0.74750,0.75290,7430,30500,NE___CCB
20110511,0.75290,0.75580,0.74550,0.74630,13517,30493,NE___CCB
20110512,0.74840,0.75770,0.74260,0.75320,15430,30450,NE___CCB
20110513,0.75380,0.75510,0.74220,0.74610,13312,29852,NE___CCB
20110516,0.74450,0.74610,0.73430,0.74110,13870,29650,NE___CCB
20110517,0.73920,0.74340,0.73520,0.74270,11534,29630,NE___CCB
20110518,0.74310,0.74970,0.74310,0.74640,8431,29693,NE___CCB
20110519,0.74820,0.75270,0.74500,0.74850,9482,29648,NE___CCB
20110520,0.75010,0.75890,0.74960,0.75750,11497,30505,NE___CCB
20110523,0.75360,0.75420,0.74500,0.75080,8772,30506,NE___CCB
20110524,0.74930,0.76090,0.74750,0.75600,8748,30734,NE___CCB
20110525,0.75640,0.76030,0.74930,0.75730,8148,30786,NE___CCB
20110526,0.75610,0.77170,0.75610,0.77030,10356,30886,NE___CCB
20110527,0.76990,0.77890,0.76630,0.77740,9382,30984,NE___CCB
20110531,0.77770,0.78570,0.77600,0.78290,11247,30385,NE___CCB
20110601,0.78310,0.78540,0.77270,0.77800,10624,30636,NE___CCB
20110602,0.77320,0.77780,0.77080,0.77610,7798,30154,NE___CCB
20110603,0.77590,0.77920,0.76710,0.77710,13666,30048,NE___CCB
20110606,0.77670,0.77810,0.77180,0.77340,11422,25991,NE___CCB
20110607,0.77410,0.78290,0.77400,0.78220,16353,21086,NE___CCB
20110608,0.78070,0.78120,0.77420,0.77530,11701,19155,NE___CCB
20110609,0.78110,0.79020,0.77770,0.78760,12409,27731,NE___CCB
20110610,0.78530,0.78810,0.78020,0.78260,12831,30993,NE___CCB
20110613,0.78110,0.78180,0.77150,0.77570,8569,31237,NE___CCB
20110614,0.77660,0.78150,0.77410,0.77920,5514,31432,NE___CCB
20110615,0.77940,0.78090,0.76370,0.76510,10420,31543,NE___CCB
20110616,0.76580,0.76750,0.75770,0.76030,8276,31084,NE___CCB
20110617,0.76560,0.77410,0.76190,0.77290,7218,30591,NE___CCB
20110620,0.77250,0.77250,0.76500,0.77010,4731,30590,NE___CCB
20110621,0.77020,0.77500,0.76900,0.77240,5199,30260,NE___CCB
20110622,0.77340,0.78010,0.77200,0.77630,6198,30310,NE___CCB
20110623,0.77430,0.77840,0.76880,0.77240,8696,29908,NE___CCB
20110624,0.77510,0.77800,0.77000,0.77060,4921,29834,NE___CCB
20110627,0.76820,0.76920,0.76140,0.76610,6452,29726,NE___CCB
20110628,0.76700,0.77320,0.76350,0.77280,6826,29651,NE___CCB
20110629,0.77190,0.78740,0.77150,0.78390,9746,29975,NE___CCB
20110630,0.78630,0.79330,0.78600,0.78870,7038,30212,NE___CCB
20110701,0.78930,0.79030,0.78500,0.78940,4999,30304,NE___CCB
20110705,0.78870,0.79410,0.78430,0.78720,6611,30519,NE___CCB
20110706,0.78790,0.79140,0.78510,0.78850,5002,30431,NE___CCB
20110707,0.78830,0.79640,0.78710,0.79290,4535,30693,NE___CCB
20110708,0.79420,0.79960,0.79030,0.79760,7256,30672,NE___CCB
20110711,0.79710,0.79730,0.78860,0.79080,7951,30522,NE___CCB
20110712,0.79080,0.79160,0.77270,0.78210,11162,29744,NE___CCB
20110713,0.77950,0.80030,0.77880,0.79750,10040,30503,NE___CCB
20110714,0.80370,0.81250,0.80120,0.80300,8405,31116,NE___CCB
20110715,0.80360,0.80870,0.79990,0.80630,6483,31404,NE___CCB
20110718,0.80690,0.81140,0.80310,0.80590,5203,30815,NE___CCB
20110719,0.80570,0.81910,0.80540,0.81780,6207,31071,NE___CCB
20110720,0.81740,0.81870,0.81460,0.81830,4927,31133,NE___CCB
20110721,0.81750,0.82630,0.81610,0.82530,6135,31667,NE___CCB
20110722,0.82480,0.82960,0.82060,0.82700,6052,32081,NE___CCB
20110725,0.82700,0.82980,0.82360,0.82820,4720,32194,NE___CCB
20110726,0.82680,0.83630,0.82350,0.83420,4594,32792,NE___CCB
20110727,0.83400,0.83880,0.83020,0.83110,7568,32515,NE___CCB
20110728,0.83470,0.83770,0.83030,0.83190,5589,32810,NE___CCB
20110729,0.83370,0.84240,0.82470,0.84040,6990,33139,NE___CCB
20110801,0.84140,0.84640,0.83580,0.83830,6983,33374,NE___CCB
20110802,0.83850,0.84070,0.82880,0.83160,7397,33787,NE___CCB
20110803,0.82710,0.83050,0.82060,0.82540,8547,33357,NE___CCB
20110804,0.82700,0.82940,0.79800,0.80560,11384,32571,NE___CCB
20110805,0.79490,0.80980,0.79050,0.80610,15276,31780,NE___CCB
20110808,0.80500,0.80500,0.78360,0.78600,11610,30161,NE___CCB
20110809,0.78270,0.80220,0.75960,0.77290,8922,28939,NE___CCB
20110810,0.80260,0.80310,0.77080,0.77740,9074,27976,NE___CCB
20110811,0.77210,0.79690,0.77150,0.79180,4947,27518,NE___CCB
20110812,0.79420,0.79760,0.78140,0.79580,5184,27054,NE___CCB
20110815,0.79790,0.80230,0.79080,0.79650,2673,26733,NE___CCB
20110816,0.79750,0.80150,0.79070,0.79900,4468,26695,NE___CCB
20110817,0.79870,0.80600,0.79500,0.80150,3961,26672,NE___CCB
20110818,0.80010,0.80150,0.78320,0.78340,7196,26679,NE___CCB
20110819,0.78540,0.79250,0.78100,0.78330,5933,26894,NE___CCB
20110822,0.78150,0.79160,0.77990,0.78900,3340,26635,NE___CCB
20110823,0.78710,0.80050,0.78540,0.79740,5743,26388,NE___CCB
20110824,0.79790,0.79890,0.79000,0.79080,5047,25983,NE___CCB
20110825,0.79260,0.79710,0.78980,0.79260,4539,26300,NE___CCB
20110826,0.79420,0.80570,0.79210,0.80200,5573,26563,NE___CCB
20110829,0.80400,0.81120,0.80290,0.80950,2403,26488,NE___CCB
20110830,0.81100,0.82010,0.81090,0.81900,3873,26631,NE___CCB
20110831,0.81720,0.82160,0.81480,0.81680,3957,26971,NE___CCB
20110901,0.81810,0.81810,0.81200,0.81560,3770,27054,NE___CCB
20110902,0.81650,0.81910,0.80780,0.81000,5148,27451,NE___CCB
20110906,0.80770,0.80970,0.78500,0.78530,8566,27150,NE___CCB
20110907,0.78870,0.79720,0.78840,0.79600,9724,26957,NE___CCB
20110908,0.79820,0.80310,0.79550,0.79740,4595,26979,NE___CCB
20110909,0.80070,0.80180,0.78450,0.78560,2564,7119,NE___CCB
20110912,0.78580,0.78920,0.77750,0.78110,2885,8814,NE___CCB
20110913,0.79020,0.79300,0.78350,0.79110,6833,14807,NE___CCB
20110914,0.78840,0.79160,0.77960,0.78380,3758,16881,NE___CCB
20110915,0.78290,0.79370,0.77790,0.78850,6673,19445,NE___CCB
20110916,0.78890,0.79980,0.78650,0.79570,5402,20485,NE___CCB
20110919,0.79030,0.79450,0.78280,0.78520,8225,22249,NE___CCB
20110920,0.78920,0.79230,0.78220,0.78990,4764,22306,NE___CCB
20110921,0.78800,0.78990,0.76590,0.77240,6997,22749,NE___CCB
20110922,0.76930,0.77240,0.74150,0.74220,11301,23297,NE___CCB
20110923,0.74680,0.75540,0.73860,0.73910,10801,23789,NE___CCB
20110926,0.74050,0.74720,0.73030,0.74240,12195,23988,NE___CCB
20110927,0.74590,0.76210,0.74340,0.75880,7669,23803,NE___CCB
20110928,0.75510,0.75650,0.74260,0.74570,5467,23621,NE___CCB
20110929,0.74050,0.74990,0.73160,0.73290,9990,24444,NE___CCB
20110930,0.73670,0.73700,0.72750,0.73030,14557,25977,NE___CCB
20111003,0.72890,0.73100,0.71900,0.72240,8482,25926,NE___CCB
20111004,0.72010,0.73030,0.71380,0.71640,9198,26209,NE___CCB
20111005,0.72750,0.73430,0.72220,0.73300,8432,25932,NE___CCB
20111006,0.73390,0.73990,0.72980,0.73820,7472,25529,NE___CCB
20111007,0.73750,0.74690,0.73460,0.73770,8213,24892,NE___CCB
20111010,0.73520,0.75360,0.73500,0.75250,3864,24711,NE___CCB
20111011,0.75080,0.75150,0.74330,0.74940,4419,25054,NE___CCB
20111012,0.74720,0.76680,0.74180,0.76570,6651,23595,NE___CCB
20111013,0.76140,0.76450,0.75640,0.76320,5355,23367,NE___CCB
20111014,0.76170,0.77310,0.75870,0.77250,4010,23379,NE___CCB
20111017,0.77190,0.77410,0.75810,0.76120,5477,23737,NE___CCB
20111018,0.76110,0.76870,0.75370,0.76250,5713,24050,NE___CCB
20111019,0.76360,0.76820,0.75770,0.75950,5312,24732,NE___CCB
20111020,0.76030,0.76690,0.75500,0.76270,6319,24577,NE___CCB
20111021,0.76100,0.77120,0.75810,0.76950,3536,24597,NE___CCB
20111024,0.76970,0.77870,0.76850,0.77680,3646,24668,NE___CCB
20111025,0.77260,0.77560,0.76210,0.76520,7197,24673,NE___CCB
20111026,0.76420,0.76930,0.75940,0.76280,6128,24625,NE___CCB
20111027,0.76820,0.79130,0.76660,0.78770,7313,24604,NE___CCB
20111028,0.79010,0.79220,0.78460,0.79080,5607,24447,NE___CCB
20111031,0.78900,0.79070,0.77430,0.78020,5670,23895,NE___CCB
20111101,0.77590,0.77890,0.76040,0.76350,7929,23994,NE___CCB
20111102,0.76080,0.76650,0.75490,0.75850,8986,24278,NE___CCB
20111103,0.75630,0.76540,0.74890,0.76370,9551,24537,NE___CCB
20111104,0.76370,0.76510,0.75670,0.76360,3657,24003,NE___CCB
20111107,0.76530,0.76850,0.76040,0.76560,5010,24190,NE___CCB
20111108,0.76560,0.76790,0.76110,0.76710,7086,24747,NE___CCB
20111109,0.76680,0.76760,0.74980,0.75020,7484,25013,NE___CCB
20111110,0.74790,0.75100,0.74210,0.74470,8721,25225,NE___CCB
20111111,0.74520,0.75630,0.74340,0.75480,4185,25973,NE___CCB
20111114,0.75970,0.76070,0.74530,0.74640,3340,25947,NE___CCB
20111115,0.74670,0.74700,0.73620,0.74060,4748,25961,NE___CCB
20111116,0.74010,0.74140,0.73180,0.73870,6069,26361,NE___CCB
20111117,0.73350,0.73770,0.72600,0.72680,5797,26494,NE___CCB
20111118,0.72870,0.73430,0.72430,0.72550,6983,26671,NE___CCB
20111121,0.72550,0.72660,0.71440,0.71680,7694,26683,NE___CCB
20111122,0.71680,0.72090,0.71360,0.71660,4991,26862,NE___CCB
20111123,0.71810,0.72020,0.70700,0.70920,6710,28055,NE___CCB
20111125,0.70970,0.71510,0.70680,0.70900,6536,28858,NE___CCB
20111128,0.71760,0.72720,0.71760,0.72410,6258,28034,NE___CCB
20111129,0.72490,0.73520,0.72110,0.73190,7231,28239,NE___CCB
20111130,0.73380,0.75220,0.72760,0.74940,12623,27936,NE___CCB
20111201,0.74940,0.75170,0.74240,0.74980,7474,27379,NE___CCB
20111202,0.74910,0.75400,0.74640,0.74860,5023,27106,NE___CCB
20111205,0.75020,0.75380,0.74650,0.75050,4023,27018,NE___CCB
20111206,0.75000,0.75200,0.74420,0.75140,4748,27181,NE___CCB
20111207,0.74910,0.75310,0.74520,0.74820,5298,26806,NE___CCB
20111208,0.75100,0.75820,0.74150,0.74410,8009,25996,NE___CCB
20111209,0.74410,0.74640,0.73520,0.74580,1481,2624,NE___CCB
20111212,0.74360,0.74360,0.73160,0.73290,2408,3514,NE___CCB
20111213,0.73350,0.73780,0.72600,0.72930,3480,5144,NE___CCB
20111214,0.72650,0.72870,0.71950,0.72120,4157,6722,NE___CCB
20111215,0.72040,0.72640,0.71710,0.72360,6266,8827,NE___CCB
20111216,0.72360,0.73550,0.72360,0.73210,8632,9444,NE___CCB
20111219,0.73270,0.73380,0.72480,0.72800,4334,10065,NE___CCB
20111220,0.72730,0.74260,0.72670,0.73940,5059,9442,NE___CCB
20111221,0.73830,0.74840,0.73620,0.73930,5623,9365,NE___CCB
20111222,0.74030,0.74630,0.73790,0.74420,3212,9762,NE___CCB
20111223,0.74510,0.74680,0.74300,0.74620,2022,9932,NE___CCB
20111227,0.74460,0.74570,0.74170,0.74350,1963,10181,NE___CCB
20111228,0.74370,0.74930,0.73870,0.74050,4179,10432,NE___CCB
20111229,0.73930,0.74350,0.73670,0.74220,2758,10530,NE___CCB
20111230,0.74290,0.75270,0.74270,0.75220,3265,10460,NE___CCB
20120103,0.75740,0.76220,0.75740,0.76200,5059,10812,NE___CCB
20120104,0.76160,0.76160,0.75700,0.75910,5080,11284,NE___CCB
20120105,0.75880,0.75910,0.75110,0.75320,5811,11949,NE___CCB
20120106,0.75240,0.75560,0.74910,0.75320,4675,12483,NE___CCB
20120109,0.75210,0.76060,0.74970,0.75920,4489,13219,NE___CCB
20120110,0.75930,0.76830,0.75910,0.76600,4904,14173,NE___CCB
20120111,0.76580,0.76960,0.76450,0.76840,6360,15563,NE___CCB
20120112,0.76900,0.77020,0.76300,0.76660,5931,16421,NE___CCB
20120113,0.76590,0.76750,0.75880,0.76440,6250,18141,NE___CCB
20120117,0.76650,0.77530,0.75420,0.77140,8749,20955,NE___CCB
20120118,0.77210,0.78060,0.77210,0.77950,7242,21915,NE___CCB
20120119,0.77500,0.77700,0.77270,0.77460,6734,22549,NE___CCB
20120120,0.77520,0.77900,0.77210,0.77840,6475,23366,NE___CCB
20120123,0.77790,0.78680,0.77710,0.78310,6918,24512,NE___CCB
20120124,0.78310,0.78470,0.77820,0.78340,8029,25569,NE___CCB
20120125,0.78470,0.79200,0.77680,0.78670,10819,26864,NE___CCB
20120126,0.78970,0.79650,0.78930,0.79240,6015,27837,NE___CCB
20120127,0.79450,0.79790,0.79170,0.79690,6140,28879,NE___CCB
20120130,0.79630,0.79690,0.78840,0.79280,9222,30572,NE___CCB
20120131,0.79200,0.80310,0.79170,0.79790,12528,31627,NE___CCB
20120201,0.79960,0.80860,0.79420,0.80520,16551,33028,NE___CCB
20120202,0.80540,0.81010,0.80420,0.80680,9509,34315,NE___CCB
20120203,0.80530,0.81120,0.80270,0.80990,11418,34547,NE___CCB
20120206,0.80690,0.80800,0.80180,0.80710,6246,34938,NE___CCB
20120207,0.80710,0.81050,0.80460,0.80830,6996,35020,NE___CCB
20120208,0.80900,0.81380,0.80580,0.80820,6641,35264,NE___CCB
20120209,0.80680,0.81120,0.80530,0.80780,8366,35587,NE___CCB
20120210,0.80700,0.80770,0.79840,0.80120,6654,35645,NE___CCB
20120213,0.80370,0.81110,0.80250,0.80900,8298,36355,NE___CCB
20120214,0.80670,0.80840,0.80100,0.80180,9847,36704,NE___CCB
20120215,0.80800,0.81590,0.80610,0.80730,11641,36857,NE___CCB
20120216,0.80660,0.80810,0.79830,0.80680,12049,36941,NE___CCB
20120217,0.80680,0.81220,0.80580,0.80880,7755,36860,NE___CCB
20120221,0.81360,0.81680,0.80660,0.80800,9781,36849,NE___CCB
20120222,0.80800,0.80970,0.80040,0.80370,10803,36731,NE___CCB
20120223,0.80180,0.81050,0.80050,0.80810,10430,35877,NE___CCB
20120224,0.81100,0.81380,0.80880,0.81060,6399,35567,NE___CCB
20120227,0.81090,0.81620,0.80650,0.81410,9277,34671,NE___CCB
20120228,0.81430,0.81620,0.80940,0.81140,9708,35100,NE___CCB
20120229,0.81240,0.82160,0.80770,0.81210,16539,34794,NE___CCB
20120301,0.80950,0.81520,0.80670,0.81330,7960,33909,NE___CCB
20120302,0.81350,0.81430,0.80320,0.80360,10281,33877,NE___CCB
20120305,0.80360,0.80500,0.79480,0.79570,15270,31415,NE___CCB
20120306,0.79550,0.79740,0.78480,0.78550,14463,29394,NE___CCB
20120307,0.78680,0.79580,0.78660,0.79480,14960,26946,NE___CCB
20120308,0.79050,0.80300,0.78890,0.80100,15071,25039,NE___CCB
20120309,0.79980,0.80240,0.79440,0.79640,1274,3862,NE___CCB
20120312,0.79460,0.79540,0.78880,0.79260,3275,6085,NE___CCB
20120313,0.79460,0.79990,0.79360,0.79520,7066,10176,NE___CCB
20120314,0.79770,0.79810,0.78220,0.78320,11380,16365,NE___CCB
20120315,0.78530,0.79710,0.78160,0.79670,12772,19174,NE___CCB
20120316,0.79540,0.80130,0.79330,0.79940,11825,20079,NE___CCB
20120319,0.80060,0.80430,0.79880,0.80250,10866,20548,NE___CCB
20120320,0.80200,0.80250,0.78930,0.79210,12843,20288,NE___CCB
20120321,0.79260,0.79760,0.78740,0.79010,8454,20028,NE___CCB
20120322,0.78750,0.79110,0.78170,0.78400,15046,18568,NE___CCB
20120323,0.78610,0.79510,0.78590,0.79380,10073,18104,NE___CCB
20120326,0.79340,0.79980,0.79020,0.79810,9108,18787,NE___CCB
20120327,0.79900,0.80250,0.79610,0.79830,7864,20247,NE___CCB
20120328,0.79670,0.79740,0.79100,0.79310,11336,20377,NE___CCB
20120329,0.79370,0.79560,0.78790,0.79140,11650,19700,NE___CCB
20120330,0.79330,0.79910,0.79280,0.79520,10363,20062,NE___CCB
20120402,0.80060,0.80220,0.79490,0.80170,9519,20464,NE___CCB
20120403,0.80000,0.80280,0.79300,0.79340,12257,20753,NE___CCB
20120404,0.79670,0.79670,0.78920,0.79090,12518,19801,NE___CCB
20120405,0.79140,0.79560,0.78920,0.79280,11056,19741,NE___CCB
20120406,0.79190,0.79720,0.79060,0.79620,3456,19967,NE___CCB
20120409,0.79560,0.80050,0.79200,0.80030,5316,21164,NE___CCB
20120410,0.79870,0.80070,0.78890,0.79010,13992,21801,NE___CCB
20120411,0.79210,0.79890,0.79090,0.79410,11417,21793,NE___CCB
20120412,0.79560,0.80510,0.79490,0.80480,12681,23486,NE___CCB
20120413,0.80480,0.80900,0.79970,0.80190,12292,24493,NE___CCB
20120416,0.80030,0.80050,0.79430,0.79770,12179,24322,NE___CCB
20120417,0.79700,0.80060,0.79220,0.79970,9925,23951,NE___CCB
20120418,0.79890,0.79990,0.79180,0.79320,10707,23592,NE___CCB
20120419,0.79300,0.79720,0.78960,0.79060,12763,21926,NE___CCB
20120420,0.79180,0.79660,0.78930,0.79470,12036,20270,NE___CCB
20120423,0.79540,0.79640,0.78650,0.79030,9584,19640,NE___CCB
20120424,0.79060,0.79350,0.78750,0.78850,12565,19105,NE___CCB
20120425,0.79020,0.79310,0.78830,0.79110,12947,18854,NE___CCB
20120426,0.79420,0.79670,0.79030,0.79400,12954,18857,NE___CCB
20120427,0.79100,0.80120,0.78860,0.80120,13035,20302,NE___CCB
20120430,0.79780,0.80150,0.79420,0.79550,9317,20145,NE___CCB
20120501,0.79690,0.79690,0.79020,0.79330,8237,19760,NE___CCB
20120502,0.79350,0.79350,0.78670,0.78860,11874,19401,NE___CCB
20120503,0.78710,0.78740,0.77710,0.77750,21828,18153,NE___CCB
20120504,0.77850,0.78040,0.77210,0.77360,18113,17984,NE___CCB
20120507,0.77170,0.77530,0.76920,0.77380,13160,17947,NE___CCB
20120508,0.77370,0.77580,0.76440,0.76660,13310,17914,NE___CCB
20120509,0.76380,0.76660,0.75980,0.76360,16304,17253,NE___CCB
20120510,0.76290,0.76900,0.76140,0.76480,14806,17081,NE___CCB
20120511,0.76280,0.76670,0.75970,0.76300,12222,17010,NE___CCB
20120514,0.76030,0.76120,0.75450,0.75670,12377,17005,NE___CCB
20120515,0.75560,0.75870,0.74710,0.74880,17153,17208,NE___CCB
20120516,0.74790,0.74850,0.74130,0.74360,18774,17997,NE___CCB
20120517,0.74350,0.74720,0.74120,0.74490,17242,17795,NE___CCB
20120518,0.74270,0.74400,0.73120,0.73220,18950,19403,NE___CCB
20120521,0.73560,0.74490,0.73340,0.74160,15390,19183,NE___CCB
20120522,0.74410,0.74670,0.73150,0.73740,14149,21384,NE___CCB
20120523,0.73380,0.73440,0.72500,0.72860,17615,21381,NE___CCB
20120524,0.73090,0.73690,0.72770,0.72930,17186,22220,NE___CCB
20120525,0.73350,0.73830,0.73100,0.73480,13146,21741,NE___CCB
20120529,0.73790,0.74450,0.73730,0.74180,16782,21397,NE___CCB
20120530,0.74160,0.74160,0.73280,0.73330,14437,21875,NE___CCB
20120531,0.73300,0.73730,0.72990,0.73330,14985,22225,NE___CCB
20120601,0.73610,0.73690,0.72550,0.73330,28070,22733,NE___CCB
20120604,0.73480,0.73930,0.73010,0.73670,10866,22179,NE___CCB
20120605,0.73610,0.74030,0.73210,0.73580,13943,21286,NE___CCB
20120606,0.73630,0.75090,0.73610,0.74910,24658,21377,NE___CCB
20120607,0.75080,0.75550,0.74700,0.75200,19888,21813,NE___CCB
20120608,0.74760,0.75220,0.74220,0.75010,17501,20281,NE___CCB
20120611,0.75820,0.75890,0.74920,0.75150,6708,6791,NE___CCB
20120612,0.74850,0.75800,0.74760,0.75660,6584,9433,NE___CCB
20120613,0.75740,0.76120,0.75270,0.75820,4262,10686,NE___CCB
20120614,0.75710,0.76370,0.75550,0.76010,5523,11976,NE___CCB
20120615,0.76330,0.77070,0.76200,0.77060,13137,12077,NE___CCB
20120618,0.77190,0.77490,0.76930,0.77220,20808,12306,NE___CCB
20120619,0.77230,0.77960,0.77140,0.77860,17987,12592,NE___CCB
20120620,0.77900,0.77930,0.77230,0.77550,21042,15408,NE___CCB
20120621,0.77680,0.78240,0.76610,0.76840,21266,16368,NE___CCB
20120622,0.76810,0.77290,0.76550,0.77220,18497,14932,NE___CCB
20120625,0.77050,0.77070,0.76520,0.76720,18423,17436,NE___CCB
20120626,0.76820,0.77410,0.76790,0.77320,15375,16581,NE___CCB
20120627,0.77200,0.77310,0.76850,0.77220,17630,18108,NE___CCB
20120628,0.77260,0.77740,0.76510,0.76600,15170,18232,NE___CCB
20120629,0.76880,0.78530,0.76620,0.78320,22428,17709,NE___CCB
20120702,0.78190,0.78630,0.78130,0.78580,13638,19338,NE___CCB
20120703,0.78440,0.78740,0.78260,0.78590,11128,20465,NE___CCB
20120705,0.78450,0.78890,0.78190,0.78560,19272,20834,NE___CCB
20120706,0.78520,0.78620,0.77710,0.77760,13959,21387,NE___CCB
20120709,0.77700,0.77950,0.77450,0.77780,13112,21499,NE___CCB
20120710,0.77780,0.78040,0.77460,0.77490,13706,22336,NE___CCB
20120711,0.77540,0.78140,0.77480,0.77680,14343,21953,NE___CCB
20120712,0.77920,0.77950,0.76790,0.77200,20770,23356,NE___CCB
20120713,0.77200,0.77840,0.77070,0.77600,13213,23532,NE___CCB
20120716,0.77890,0.78060,0.77540,0.78040,8162,24128,NE___CCB
20120717,0.77930,0.78230,0.77490,0.78080,12804,23308,NE___CCB
20120718,0.77890,0.78260,0.77440,0.78080,11743,23681,NE___CCB
20120719,0.78220,0.78750,0.78140,0.78580,14451,22900,NE___CCB
20120720,0.78550,0.78570,0.78010,0.78100,13574,22643,NE___CCB
20120723,0.78040,0.78050,0.76890,0.77060,16979,23232,NE___CCB
20120724,0.77040,0.77460,0.76640,0.76770,14249,23186,NE___CCB
20120725,0.76680,0.77410,0.76240,0.77300,22829,21025,NE___CCB
20120726,0.77310,0.78560,0.77180,0.78460,24806,20516,NE___CCB
20120727,0.78350,0.79340,0.78170,0.79220,21529,23183,NE___CCB
20120730,0.79320,0.79320,0.78970,0.79160,10449,24250,NE___CCB
20120731,0.79040,0.79480,0.79040,0.79280,13665,24947,NE___CCB
20120801,0.79160,0.79710,0.78850,0.79220,17390,25732,NE___CCB
20120802,0.79190,0.80010,0.78990,0.79150,18152,26627,NE___CCB
20120803,0.79240,0.80280,0.79160,0.80120,17406,28780,NE___CCB
20120806,0.80220,0.80530,0.79920,0.80380,9899,29604,NE___CCB
20120807,0.80300,0.80500,0.79770,0.79850,13268,28925,NE___CCB
20120808,0.79860,0.79940,0.79500,0.79820,10667,28871,NE___CCB
20120809,0.79850,0.79940,0.79310,0.79510,12878,29494,NE___CCB
20120810,0.79510,0.79750,0.79170,0.79570,12099,29508,NE___CCB
20120813,0.79590,0.79620,0.79100,0.79220,10087,29784,NE___CCB
20120814,0.79240,0.79490,0.78780,0.78910,11702,30080,NE___CCB
20120815,0.78860,0.79100,0.78720,0.79080,9648,30372,NE___CCB
20120816,0.79040,0.79550,0.78920,0.79490,13064,30984,NE___CCB
20120817,0.79490,0.79610,0.78980,0.79060,11493,31175,NE___CCB
20120820,0.79060,0.79430,0.79000,0.79300,7179,31691,NE___CCB
20120821,0.79300,0.79810,0.79270,0.79450,10372,31884,NE___CCB
20120822,0.79460,0.79840,0.79150,0.79670,16468,31950,NE___CCB
20120823,0.79770,0.80270,0.79630,0.79780,15806,32344,NE___CCB
20120824,0.79690,0.79810,0.79220,0.79520,16129,31618,NE___CCB
20120827,0.79660,0.79660,0.79230,0.79360,7256,31585,NE___CCB
20120828,0.79280,0.79300,0.78730,0.78750,16558,31242,NE___CCB
20120829,0.78830,0.78990,0.78470,0.78630,13826,30071,NE___CCB
20120830,0.78480,0.78750,0.78140,0.78300,12248,28684,NE___CCB
20120831,0.78300,0.78870,0.78200,0.78770,16707,26984,NE___CCB
20120904,0.78490,0.78600,0.77650,0.77830,20673,25230,NE___CCB
20120905,0.77910,0.78050,0.77610,0.78000,17491,23665,NE___CCB
20120906,0.77980,0.78800,0.77850,0.78720,17719,21765,NE___CCB
20120907,0.78610,0.79720,0.78500,0.79650,24087,20840,NE___CCB
20120910,0.79550,0.79810,0.79310,0.79380,1403,4951,NE___CCB
20120911,0.79400,0.80440,0.79320,0.80330,2736,6642,NE___CCB
20120912,0.80250,0.80850,0.80200,0.80490,9986,13154,NE___CCB
20120913,0.80540,0.81750,0.80490,0.81620,16811,20931,NE___CCB
20120914,0.81610,0.82040,0.81390,0.81450,26532,24814,NE___CCB
20120917,0.81470,0.81570,0.81000,0.81050,18761,28253,NE___CCB
20120918,0.81160,0.81370,0.80880,0.81160,12382,29311,NE___CCB
20120919,0.81220,0.81470,0.81080,0.81430,12311,29991,NE___CCB
20120920,0.81170,0.81570,0.80620,0.81410,15915,30582,NE___CCB
20120921,0.81440,0.81920,0.81370,0.81500,13719,31496,NE___CCB
20120924,0.81560,0.81560,0.80400,0.80740,13370,30838,NE___CCB
20120925,0.80790,0.81400,0.80590,0.80890,16129,32767,NE___CCB
20120926,0.80680,0.81070,0.80420,0.80960,15447,32687,NE___CCB
20120927,0.80990,0.81850,0.80990,0.81700,17197,33835,NE___CCB
20120928,0.81710,0.82150,0.81360,0.81400,18525,34010,NE___CCB
20121001,0.81440,0.81820,0.81260,0.81480,13112,34186,NE___CCB
20121002,0.81390,0.81970,0.81140,0.81240,17159,34151,NE___CCB
20121003,0.81230,0.81250,0.80360,0.80460,19869,31344,NE___CCB
20121004,0.80550,0.80970,0.80290,0.80790,16226,31579,NE___CCB
20121005,0.80820,0.81290,0.80150,0.80310,14242,31464,NE___CCB
20121008,0.80380,0.80870,0.80130,0.80860,13141,30983,NE___CCB
20121009,0.80600,0.81030,0.80240,0.80490,15881,30477,NE___CCB
20121010,0.80420,0.80710,0.80100,0.80360,13779,29886,NE___CCB
20121011,0.80330,0.80580,0.80210,0.80460,11698,29914,NE___CCB
20121012,0.80440,0.80770,0.80240,0.80430,12790,30156,NE___CCB
20121015,0.80430,0.80630,0.79960,0.80460,13109,30119,NE___CCB
20121016,0.80310,0.80480,0.79780,0.80000,17872,29466,NE___CCB
20121017,0.80380,0.80940,0.80220,0.80880,15503,28599,NE___CCB
20121018,0.80850,0.81020,0.80480,0.80650,13176,28946,NE___CCB
20121019,0.80630,0.80770,0.80200,0.80310,13249,29310,NE___CCB
20121022,0.80270,0.80600,0.80200,0.80320,10466,29270,NE___CCB
20121023,0.80500,0.80540,0.79740,0.79940,13099,29116,NE___CCB
20121024,0.79900,0.80850,0.79790,0.80410,17826,28713,NE___CCB
20121025,0.80720,0.81170,0.80320,0.80950,17218,30031,NE___CCB
20121026,0.80670,0.81120,0.80450,0.80980,15450,31023,NE___CCB
20121029,0.80970,0.81080,0.80560,0.80690,8941,30635,NE___CCB
20121030,0.80660,0.81090,0.80620,0.80900,5911,31000,NE___CCB
20121031,0.80910,0.81060,0.80750,0.80980,16714,30495,NE___CCB
20121101,0.81030,0.81580,0.80890,0.81520,16837,32697,NE___CCB
20121102,0.81440,0.81820,0.81180,0.81270,15691,33873,NE___CCB
20121105,0.81280,0.81440,0.81100,0.81240,9315,34496,NE___CCB
20121106,0.81390,0.81720,0.81280,0.81580,13594,35292,NE___CCB
20121107,0.81480,0.81900,0.80640,0.81380,18818,35757,NE___CCB
20121108,0.80760,0.80840,0.80260,0.80340,19621,33484,NE___CCB
20121109,0.80300,0.80580,0.80040,0.80270,19642,30945,NE___CCB
20121112,0.80280,0.80680,0.80250,0.80610,11033,31616,NE___CCB
20121113,0.80600,0.80870,0.80390,0.80850,14738,33221,NE___CCB
20121114,0.80500,0.80650,0.79710,0.79900,22250,33240,NE___CCB
20121115,0.79900,0.80150,0.79630,0.79800,19985,30435,NE___CCB
20121116,0.79790,0.80150,0.79370,0.79870,17612,28876,NE___CCB
20121119,0.80170,0.80890,0.80070,0.80710,16932,29487,NE___CCB
20121120,0.80720,0.80850,0.80320,0.80420,15441,29651,NE___CCB
20121121,0.80570,0.80610,0.80000,0.80260,13728,29534,NE___CCB
20121123,0.80380,0.81400,0.80240,0.81390,17461,31897,NE___CCB
20121126,0.81310,0.81370,0.81030,0.81110,12790,32093,NE___CCB
20121127,0.81150,0.81300,0.80830,0.80940,12921,31784,NE___CCB
20121128,0.80950,0.81330,0.80850,0.81280,17914,31943,NE___CCB
20121129,0.81310,0.81610,0.81020,0.81210,15440,32099,NE___CCB
20121130,0.81190,0.81300,0.80670,0.80900,15593,31783,NE___CCB
20121203,0.80970,0.81190,0.80640,0.80970,15405,30710,NE___CCB
20121204,0.81060,0.81540,0.80970,0.81370,13748,30924,NE___CCB
20121205,0.81340,0.81920,0.81330,0.81520,16089,32104,NE___CCB
20121206,0.81890,0.82460,0.81800,0.82100,22323,34036,NE___CCB
20121207,0.82130,0.82330,0.82080,0.82260,12950,33214,NE___CCB
20121210,0.82270,0.82520,0.82220,0.82370,2567,4860,NE___CCB
20121211,0.82400,0.82950,0.82340,0.82850,7023,10125,NE___CCB
20121212,0.82930,0.83550,0.82850,0.83390,25216,29952,NE___CCB
20121213,0.83290,0.83600,0.83220,0.83300,14329,40490,NE___CCB
20121214,0.83270,0.83770,0.82960,0.83580,16199,42940,NE___CCB
20121217,0.83700,0.83750,0.83250,0.83420,10139,42439,NE___CCB
20121218,0.83480,0.83530,0.83020,0.83240,10500,42428,NE___CCB
20121219,0.83010,0.83120,0.82360,0.82680,14706,43249,NE___CCB
20121220,0.82540,0.82710,0.82230,0.82460,12972,43347,NE___CCB
20121221,0.82470,0.82480,0.81200,0.81430,16452,40621,NE___CCB
20121224,0.81510,0.81520,0.81170,0.81270,4325,40117,NE___CCB
20121226,0.81290,0.81290,0.80620,0.80900,5791,38262,NE___CCB
20121227,0.81030,0.81350,0.80710,0.81110,9204,36613,NE___CCB
20121228,0.81180,0.81360,0.80920,0.81090,7806,34876,NE___CCB
20121231,0.81150,0.82000,0.81150,0.81720,7141,34513,NE___CCB
20130102,0.82610,0.82890,0.82030,0.82150,14128,35418,NE___CCB
20130103,0.82440,0.82630,0.81840,0.81970,14133,35826,NE___CCB
20130104,0.81860,0.82340,0.81240,0.82210,17202,35225,NE___CCB
20130107,0.82340,0.82900,0.81990,0.82770,14887,35737,NE___CCB
20130108,0.82860,0.82940,0.82480,0.82780,13431,36513,NE___CCB
20130109,0.82790,0.83230,0.82630,0.82980,16620,38460,NE___CCB
20130110,0.83050,0.83720,0.82990,0.83610,14965,39187,NE___CCB
20130111,0.83630,0.83680,0.82770,0.82820,14705,39554,NE___CCB
20130114,0.82810,0.83570,0.82780,0.83230,11776,38761,NE___CCB
20130115,0.83370,0.83550,0.82890,0.83070,15428,38636,NE___CCB
20130116,0.83090,0.83480,0.82840,0.83270,12719,38125,NE___CCB
20130117,0.83280,0.83450,0.82490,0.83330,13433,37800,NE___CCB
20130118,0.82810,0.83010,0.82550,0.82810,13297,37677,NE___CCB
20130122,0.82800,0.83490,0.82540,0.83320,18015,37160,NE___CCB
20130123,0.83320,0.83600,0.83210,0.83400,11127,37402,NE___CCB
20130124,0.83410,0.83690,0.82970,0.83130,15537,37171,NE___CCB
20130125,0.83010,0.83170,0.82770,0.82960,13405,36902,NE___CCB
20130128,0.82820,0.82880,0.82040,0.82480,16002,34415,NE___CCB
20130129,0.82560,0.83210,0.82540,0.83010,13608,35456,NE___CCB
20130130,0.83070,0.83110,0.82190,0.82470,17259,34846,NE___CCB
20130131,0.82900,0.83530,0.82700,0.83200,20585,36452,NE___CCB
20130201,0.83210,0.83980,0.83140,0.83790,18943,36265,NE___CCB
20130204,0.83980,0.83980,0.83520,0.83620,16894,37322,NE___CCB
20130205,0.83510,0.83950,0.83390,0.83890,13075,37037,NE___CCB
20130206,0.83720,0.83890,0.83130,0.83550,12520,36738,NE___CCB
20130207,0.83210,0.83210,0.82270,0.82420,21919,34018,NE___CCB
20130208,0.82630,0.83190,0.82560,0.82710,14317,33569,NE___CCB
20130211,0.82860,0.83100,0.82410,0.82990,10124,33790,NE___CCB
20130212,0.82890,0.83710,0.82640,0.83400,14601,35084,NE___CCB
20130213,0.83380,0.83920,0.83270,0.83410,9740,35758,NE___CCB
20130214,0.83920,0.84530,0.83840,0.84240,17566,37092,NE___CCB
20130215,0.84590,0.84670,0.83660,0.83740,12817,37460,NE___CCB
20130219,0.83740,0.84250,0.83390,0.84190,15963,37513,NE___CCB
20130220,0.84000,0.84050,0.82640,0.82790,26035,35422,NE___CCB
20130221,0.82950,0.83010,0.82520,0.82630,14220,34689,NE___CCB
20130222,0.82820,0.83350,0.82790,0.83190,13442,34156,NE___CCB
20130225,0.83030,0.83550,0.82610,0.83060,13574,34032,NE___CCB
20130226,0.82760,0.82920,0.81620,0.81940,22890,32790,NE___CCB
20130227,0.81820,0.82260,0.81650,0.82250,17709,31638,NE___CCB
20130228,0.82090,0.82650,0.81820,0.82160,15496,31087,NE___CCB
20130301,0.81950,0.82360,0.81570,0.81820,15833,31160,NE___CCB
20130304,0.81770,0.82220,0.81350,0.82170,12188,30567,NE___CCB
20130305,0.82160,0.82760,0.81990,0.82570,14250,30136,NE___CCB
20130306,0.82500,0.82940,0.82200,0.82390,12576,30721,NE___CCB
20130307,0.82220,0.82590,0.82060,0.82350,11865,30256,NE___CCB
20130308,0.82330,0.82410,0.81330,0.81510,13578,29905,NE___CCB
20130311,0.81500,0.82310,0.81400,0.82100,3373,4153,NE___CCB
20130312,0.82220,0.82220,0.81790,0.82000,5501,8320,NE___CCB
20130313,0.82080,0.82230,0.81110,0.82050,14901,18210,NE___CCB
20130314,0.81390,0.81840,0.81150,0.81710,13146,21273,NE___CCB
20130315,0.81620,0.82300,0.81410,0.82150,13249,23067,NE___CCB
20130318,0.81860,0.82160,0.81680,0.82010,15356,28571,NE___CCB
20130319,0.82120,0.82190,0.81790,0.81880,6779,28911,NE___CCB
20130320,0.81930,0.82060,0.81620,0.81810,9409,28896,NE___CCB
20130321,0.82170,0.83000,0.82040,0.82830,18434,33310,NE___CCB
20130322,0.82680,0.83170,0.82610,0.83060,11145,33152,NE___CCB
20130325,0.83030,0.83250,0.82880,0.83140,9681,33860,NE___CCB
20130326,0.83050,0.83510,0.82930,0.83430,9272,34902,NE___CCB
20130327,0.83430,0.83530,0.83010,0.83260,7731,35360,NE___CCB
20130328,0.83220,0.83430,0.83100,0.83210,9102,36367,NE___CCB
20130401,0.83140,0.83430,0.83070,0.83370,4148,36451,NE___CCB
20130402,0.83340,0.84040,0.83330,0.83750,12009,39208,NE___CCB
20130403,0.83740,0.84080,0.83550,0.83780,14006,40024,NE___CCB
20130404,0.83740,0.83970,0.83230,0.83800,14919,39382,NE___CCB
20130405,0.83800,0.83980,0.83350,0.83870,13436,40559,NE___CCB
20130408,0.83820,0.84360,0.83660,0.84230,9940,41795,NE___CCB
20130409,0.84220,0.84990,0.84200,0.84980,13979,42492,NE___CCB
20130410,0.84850,0.85420,0.84770,0.85370,11212,43250,NE___CCB
20130411,0.85510,0.86390,0.85370,0.86000,15531,42682,NE___CCB
20130412,0.85930,0.86050,0.85100,0.85450,9049,43157,NE___CCB
20130415,0.85430,0.85460,0.83440,0.83790,24614,45989,NE___CCB
20130416,0.83820,0.84730,0.83780,0.84610,15621,46584,NE___CCB
20130417,0.84590,0.84770,0.83940,0.84020,15125,46769,NE___CCB
20130418,0.84090,0.84370,0.83700,0.83720,13809,46745,NE___CCB
20130419,0.83830,0.84590,0.83700,0.83950,9933,47498,NE___CCB
20130422,0.83750,0.84290,0.83620,0.83870,9523,47023,NE___CCB
20130423,0.83920,0.83990,0.83300,0.83710,12759,45066,NE___CCB
20130424,0.84020,0.84590,0.83840,0.84550,12300,45175,NE___CCB
20130425,0.84460,0.85330,0.84410,0.84880,12778,44370,NE___CCB
20130426,0.84730,0.85100,0.84430,0.84580,10492,43539,NE___CCB
20130429,0.84640,0.85470,0.84570,0.85460,8910,45592,NE___CCB
20130430,0.85310,0.85590,0.85160,0.85410,13764,46488,NE___CCB
20130501,0.85410,0.85550,0.84540,0.84870,11960,46475,NE___CCB
20130502,0.84790,0.84870,0.84310,0.84730,11524,45659,NE___CCB
20130503,0.84720,0.85270,0.84500,0.85150,10930,45645,NE___CCB
20130506,0.85080,0.85310,0.84630,0.84920,8786,45346,NE___CCB
20130507,0.84920,0.85020,0.84010,0.84380,12727,45916,NE___CCB
20130508,0.84250,0.84380,0.83380,0.83640,18841,44874,NE___CCB
20130509,0.83880,0.84600,0.83330,0.83380,21092,44847,NE___CCB
20130510,0.83830,0.83990,0.82390,0.82820,23908,44069,NE___CCB
20130513,0.82680,0.82980,0.82090,0.82240,19753,41411,NE___CCB
20130514,0.82320,0.82820,0.81600,0.81620,24564,37224,NE___CCB
20130515,0.81850,0.82370,0.81560,0.82040,21699,36408,NE___CCB
20130516,0.82130,0.82550,0.81230,0.81660,20607,35291,NE___CCB
20130517,0.81530,0.81620,0.80430,0.80510,18557,34745,NE___CCB
20130520,0.80800,0.81650,0.80650,0.81620,14822,33037,NE___CCB
20130521,0.81570,0.81970,0.81030,0.81450,14871,32714,NE___CCB
20130522,0.81560,0.81920,0.80450,0.80530,24744,29735,NE___CCB
20130523,0.80480,0.81580,0.79940,0.81310,20821,29941,NE___CCB
20130524,0.81170,0.81180,0.80550,0.80610,11260,29384,NE___CCB
20130528,0.80950,0.81170,0.80490,0.80920,14836,29211,NE___CCB
20130529,0.80760,0.81530,0.80390,0.81170,15537,0,NE___CCB
