20100111,103.18750,103.59375,102.62500,103.03125,4517,1941,UL2__CCB
20100112,104.18750,105.15625,103.84375,105.12500,8508,5780,UL2__CCB
20100113,104.81250,105.21875,103.21875,103.50000,7023,8329,UL2__CCB
20100114,103.46875,105.46875,103.40625,105.09375,7501,10435,UL2__CCB
20100115,105.15625,106.34375,105.15625,106.06250,5329,11818,UL2__CCB
20100119,106.06250,106.46875,105.09375,105.62500,4288,13734,UL2__CCB
20100120,106.00000,106.93750,105.87500,106.71875,5768,16530,UL2__CCB
20100121,106.65625,107.75000,106.34375,107.50000,5287,18606,UL2__CCB
20100122,107.62500,108.09375,106.90625,107.46875,6260,20515,UL2__CCB
20100125,106.62500,107.12500,106.21875,106.65625,3261,21147,UL2__CCB
20100126,107.37500,107.90625,106.40625,106.46875,4446,22919,UL2__CCB
20100127,106.90625,107.31250,106.46875,106.78125,12109,26748,UL2__CCB
20100128,106.46875,107.00000,105.62500,106.53125,10437,30454,UL2__CCB
20100129,106.78125,108.15625,105.96875,107.71875,13469,32454,UL2__CCB
20100201,107.81250,107.90625,106.46875,106.68750,6781,32388,UL2__CCB
20100202,106.78125,107.12500,106.37500,107.03125,8216,37256,UL2__CCB
20100203,106.75000,106.84375,105.31250,105.50000,10340,39478,UL2__CCB
20100204,105.75000,107.62500,105.40625,107.21875,17474,42128,UL2__CCB
20100205,106.96875,108.46875,106.56250,108.34375,16596,43615,UL2__CCB
20100208,107.62500,108.28125,107.21875,107.78125,5608,44629,UL2__CCB
20100209,107.93750,108.18750,106.59375,106.84375,6631,44941,UL2__CCB
20100210,106.65625,107.25000,105.25000,105.50000,8266,45701,UL2__CCB
20100211,106.31250,106.31250,103.90625,104.65625,17946,47257,UL2__CCB
20100212,104.96875,105.59375,104.87500,105.09375,10087,47864,UL2__CCB
20100216,104.90625,105.62500,104.53125,105.46875,8197,47990,UL2__CCB
20100217,105.40625,105.40625,103.65625,103.96875,11832,50260,UL2__CCB
20100218,104.34375,104.68750,102.84375,103.25000,12040,50084,UL2__CCB
20100219,103.59375,104.37500,103.37500,104.31250,13225,52694,UL2__CCB
20100222,103.84375,104.06250,103.43750,103.81250,10554,53659,UL2__CCB
20100223,103.93750,105.87500,103.75000,105.75000,39668,42162,UL2__CCB
20100224,105.65625,106.65625,105.34375,105.81250,39758,22282,UL2__CCB
20100225,106.12500,107.00000,106.06250,106.84375,24951,13275,UL2__CCB
20100226,106.81250,108.00000,106.81250,107.93750,7314,12149,UL2__CCB
20100301,107.12500,107.68750,106.87500,107.40625,14592,64736,UL2__CCB
20100302,107.12500,107.31250,106.46875,107.15625,11332,65303,UL2__CCB
20100303,107.15625,107.37500,106.43750,106.84375,13522,68404,UL2__CCB
20100304,106.75000,107.81250,106.50000,107.40625,16163,68228,UL2__CCB
20100305,107.31250,107.37500,105.53125,105.81250,13299,70308,UL2__CCB
20100308,105.43750,105.46875,104.78125,105.12500,8493,66809,UL2__CCB
20100309,105.06250,105.59375,104.56250,105.06250,8084,71448,UL2__CCB
20100310,104.87500,105.12500,104.31250,104.96875,14404,69583,UL2__CCB
20100311,104.81250,105.62500,104.34375,105.53125,11046,71618,UL2__CCB
20100312,105.37500,106.43750,104.62500,106.12500,21315,73850,UL2__CCB
20100315,106.37500,106.37500,105.59375,106.03125,9072,75316,UL2__CCB
20100316,106.03125,107.06250,105.96875,106.90625,12875,76591,UL2__CCB
20100317,107.00000,107.65625,106.84375,107.31250,9607,79207,UL2__CCB
20100318,107.53125,108.00000,106.93750,107.06250,12386,80438,UL2__CCB
20100319,107.18750,107.78125,106.46875,107.25000,10021,82037,UL2__CCB
20100322,107.25000,107.62500,106.93750,107.43750,7930,82296,UL2__CCB
20100323,107.37500,107.62500,106.71875,106.90625,12799,84200,UL2__CCB
20100324,107.03125,107.03125,104.12500,104.53125,22123,89609,UL2__CCB
20100325,104.50000,104.78125,103.12500,103.43750,15234,90647,UL2__CCB
20100326,104.03125,104.28125,103.43750,104.03125,15062,89325,UL2__CCB
20100329,103.56250,103.90625,103.15625,103.87500,12209,92718,UL2__CCB
20100330,104.00000,104.12500,103.09375,103.96875,14893,96670,UL2__CCB
20100331,104.09375,104.87500,104.00000,104.84375,30659,106824,UL2__CCB
20100401,104.81250,105.00000,103.81250,104.65625,27202,110405,UL2__CCB
20100402,104.65625,105.06250,103.03125,103.12500,3495,111926,UL2__CCB
20100405,103.28125,103.46875,102.31250,102.46875,12497,114684,UL2__CCB
20100406,102.78125,103.12500,102.25000,102.40625,10485,116239,UL2__CCB
20100407,102.56250,104.50000,102.21875,104.34375,14243,117593,UL2__CCB
20100408,104.21875,104.75000,103.84375,104.03125,15010,118241,UL2__CCB
20100409,104.34375,104.65625,103.78125,104.34375,10789,116545,UL2__CCB
20100412,104.09375,105.43750,103.90625,105.28125,8174,117485,UL2__CCB
20100413,105.31250,105.93750,105.06250,105.84375,12713,117816,UL2__CCB
20100414,105.46875,105.93750,104.59375,104.84375,12190,118830,UL2__CCB
20100415,104.78125,105.21875,104.09375,104.71875,11144,118832,UL2__CCB
20100416,105.28125,105.87500,104.81250,105.84375,15017,118249,UL2__CCB
20100419,105.90625,106.09375,105.21875,105.25000,10620,118415,UL2__CCB
20100420,105.15625,105.90625,105.15625,105.81250,12422,118366,UL2__CCB
20100421,105.71875,107.09375,105.65625,107.03125,18219,118413,UL2__CCB
20100422,106.81250,107.43750,106.37500,106.59375,13175,119406,UL2__CCB
20100423,106.75000,106.75000,105.75000,106.00000,12444,118061,UL2__CCB
20100426,105.87500,106.75000,105.78125,105.87500,11039,119137,UL2__CCB
20100427,106.28125,108.50000,106.28125,108.09375,17668,118115,UL2__CCB
20100428,107.65625,107.96875,106.50000,106.62500,19829,119036,UL2__CCB
20100429,107.12500,107.59375,106.50000,107.53125,19294,118014,UL2__CCB
20100430,107.50000,109.03125,107.18750,108.90625,24410,120202,UL2__CCB
20100503,108.68750,108.93750,108.18750,108.56250,15776,122918,UL2__CCB
20100504,108.81250,111.15625,108.75000,110.62500,20077,123719,UL2__CCB
20100505,110.81250,113.06250,110.78125,111.46875,20146,123735,UL2__CCB
20100506,111.15625,118.37500,110.81250,116.31250,29221,126021,UL2__CCB
20100507,115.06250,117.56250,113.15625,113.62500,36221,123298,UL2__CCB
20100510,111.65625,112.03125,110.37500,111.34375,17893,123232,UL2__CCB
20100511,112.31250,112.75000,110.46875,111.12500,13254,123133,UL2__CCB
20100512,111.50000,111.65625,109.78125,110.15625,17576,123919,UL2__CCB
20100513,109.90625,111.21875,109.34375,110.37500,20787,122972,UL2__CCB
20100514,111.12500,114.03125,110.93750,113.40625,39682,132218,UL2__CCB
20100517,113.71875,114.46875,112.50000,112.84375,16400,132564,UL2__CCB
20100518,112.78125,115.18750,112.43750,114.68750,20982,132297,UL2__CCB
20100519,115.68750,115.96875,114.34375,115.03125,21133,134099,UL2__CCB
20100520,114.93750,117.96875,114.87500,117.00000,45086,132887,UL2__CCB
20100521,117.87500,120.06250,117.00000,118.31250,35112,122227,UL2__CCB
20100524,117.81250,119.09375,117.06250,117.31250,47895,96813,UL2__CCB
20100525,118.46875,120.46875,117.78125,118.68750,76457,66537,UL2__CCB
20100526,118.06250,118.59375,116.56250,117.25000,66611,43379,UL2__CCB
20100527,117.31250,117.62500,114.21875,114.59375,47196,23253,UL2__CCB
20100528,114.90625,115.46875,114.50000,115.12500,6239,19489,UL2__CCB
20100601,116.31250,116.90625,115.18750,115.40625,15454,128673,UL2__CCB
20100602,115.78125,116.46875,114.62500,114.87500,14768,129904,UL2__CCB
20100603,114.46875,114.78125,113.34375,113.93750,13868,129930,UL2__CCB
20100604,114.28125,117.56250,114.28125,117.50000,14015,131552,UL2__CCB
20100607,117.84375,118.56250,116.46875,117.40625,6585,131933,UL2__CCB
20100608,117.81250,118.28125,117.18750,118.00000,6619,132511,UL2__CCB
20100609,117.68750,117.87500,116.56250,117.59375,13081,133293,UL2__CCB
20100610,117.03125,117.75000,115.12500,115.12500,17272,134379,UL2__CCB
20100611,115.28125,117.40625,115.28125,117.37500,8959,135093,UL2__CCB
20100614,116.37500,116.65625,115.25000,116.03125,6638,134648,UL2__CCB
20100615,116.81250,116.90625,115.06250,115.43750,7329,135743,UL2__CCB
20100616,115.75000,116.96875,115.53125,116.09375,10873,137102,UL2__CCB
20100617,116.75000,118.03125,115.87500,117.78125,11820,137424,UL2__CCB
20100618,117.68750,118.25000,117.12500,117.25000,7749,138058,UL2__CCB
20100621,116.87500,117.06250,115.31250,116.84375,13298,138032,UL2__CCB
20100622,116.71875,118.40625,116.43750,118.21875,12941,138708,UL2__CCB
20100623,118.28125,119.75000,117.84375,119.06250,9722,138533,UL2__CCB
20100624,119.31250,119.93750,118.06250,118.50000,12866,139105,UL2__CCB
20100625,118.43750,119.43750,117.71875,118.90625,8426,140177,UL2__CCB
20100628,119.15625,120.31250,119.15625,120.09375,14046,143949,UL2__CCB
20100629,120.28125,121.71875,120.15625,121.31250,22454,145446,UL2__CCB
20100630,121.75000,122.56250,121.15625,122.12500,19369,147526,UL2__CCB
20100701,123.00000,124.09375,122.18750,123.15625,18253,146983,UL2__CCB
20100702,122.59375,123.31250,121.46875,121.62500,9650,147854,UL2__CCB
20100706,121.93750,122.93750,121.62500,122.71875,16677,151699,UL2__CCB
20100707,122.68750,122.96875,121.06250,121.43750,10866,152741,UL2__CCB
20100708,121.15625,121.65625,120.09375,120.43750,14524,153358,UL2__CCB
20100709,120.00000,120.50000,119.50000,119.59375,8597,154173,UL2__CCB
20100712,119.65625,120.68750,119.25000,119.62500,9067,154766,UL2__CCB
20100713,119.62500,120.09375,118.09375,118.37500,12760,155057,UL2__CCB
20100714,118.37500,120.03125,118.25000,119.84375,18574,155865,UL2__CCB
20100715,120.15625,121.37500,119.37500,121.21875,16609,155417,UL2__CCB
20100716,120.84375,122.18750,120.50000,121.78125,12631,156465,UL2__CCB
20100719,121.59375,122.06250,120.71875,121.03125,10366,157809,UL2__CCB
20100720,121.21875,122.00000,121.00000,121.59375,15613,159653,UL2__CCB
20100721,121.25000,123.75000,121.00000,122.90625,13652,160222,UL2__CCB
20100722,123.34375,123.37500,121.65625,121.71875,7836,160227,UL2__CCB
20100723,121.43750,121.90625,120.21875,120.31250,9862,160893,UL2__CCB
20100726,120.56250,120.71875,119.28125,120.21875,7756,160269,UL2__CCB
20100727,119.65625,120.34375,118.65625,118.87500,15549,158474,UL2__CCB
20100728,118.93750,119.59375,118.31250,119.28125,16467,160250,UL2__CCB
20100729,119.21875,119.53125,117.93750,119.25000,26816,167022,UL2__CCB
20100730,119.46875,121.62500,119.34375,121.56250,18197,168898,UL2__CCB
20100802,121.03125,121.06250,119.56250,119.68750,12842,167444,UL2__CCB
20100803,119.81250,120.78125,119.81250,120.15625,14717,165673,UL2__CCB
20100804,120.12500,120.96875,119.31250,119.68750,17972,166855,UL2__CCB
20100805,119.46875,120.59375,119.46875,119.81250,14567,170522,UL2__CCB
20100806,119.90625,121.46875,119.90625,121.18750,28265,169785,UL2__CCB
20100809,121.06250,121.21875,120.46875,121.03125,11339,169597,UL2__CCB
20100810,121.03125,122.53125,120.50000,120.56250,30613,171759,UL2__CCB
20100811,121.12500,123.03125,121.09375,123.00000,28775,177824,UL2__CCB
20100812,123.06250,123.81250,122.40625,122.93750,31677,183619,UL2__CCB
20100813,122.75000,124.53125,122.53125,124.21875,33116,187393,UL2__CCB
20100816,124.84375,128.00000,124.62500,127.78125,37988,192189,UL2__CCB
20100817,127.75000,127.90625,126.68750,126.78125,30526,195999,UL2__CCB
20100818,126.93750,128.93750,126.93750,127.59375,37241,197096,UL2__CCB
20100819,127.71875,130.28125,127.00000,129.37500,35932,197458,UL2__CCB
20100820,129.31250,130.75000,129.21875,129.43750,35939,198830,UL2__CCB
20100823,129.50000,129.96875,128.50000,129.31250,50081,182484,UL2__CCB
20100824,129.71875,132.09375,129.71875,131.62500,68225,163165,UL2__CCB
20100825,131.46875,133.96875,130.68750,131.28125,73460,126855,UL2__CCB
20100826,131.71875,132.78125,130.93750,132.28125,73907,89590,UL2__CCB
20100827,132.56250,132.81250,128.18750,128.37500,107129,48437,UL2__CCB
20100830,128.25000,131.28125,128.25000,130.62500,35958,213816,UL2__CCB
20100831,130.68750,132.90625,130.68750,132.28125,40051,218693,UL2__CCB
20100901,132.31250,132.65625,128.43750,129.21875,40762,214223,UL2__CCB
20100902,129.40625,130.06250,127.43750,127.71875,39859,206824,UL2__CCB
20100903,128.03125,128.34375,124.56250,126.53125,34107,207266,UL2__CCB
20100907,126.75000,129.28125,126.50000,129.03125,23632,208966,UL2__CCB
20100908,129.28125,129.71875,127.43750,127.90625,22001,210113,UL2__CCB
20100909,128.00000,128.28125,125.09375,125.18750,25368,210865,UL2__CCB
20100910,125.37500,125.75000,124.03125,124.50000,22312,212167,UL2__CCB
20100913,124.78125,125.75000,123.25000,125.21875,28540,214580,UL2__CCB
20100914,125.09375,126.65625,124.71875,126.56250,23175,215043,UL2__CCB
20100915,126.03125,126.21875,124.46875,124.62500,34346,215724,UL2__CCB
20100916,124.62500,125.18750,122.81250,123.65625,41310,219151,UL2__CCB
20100917,123.50000,125.06250,122.96875,123.93750,28575,218376,UL2__CCB
20100920,124.71875,124.87500,123.84375,124.84375,23057,219253,UL2__CCB
20100921,124.75000,127.03125,124.56250,126.59375,33811,219272,UL2__CCB
20100922,126.78125,128.31250,126.71875,127.53125,33588,221069,UL2__CCB
20100923,127.31250,129.06250,127.15625,127.81250,21313,222550,UL2__CCB
20100924,128.03125,128.18750,126.25000,126.37500,17886,222269,UL2__CCB
20100927,126.43750,128.78125,126.34375,128.53125,17859,222356,UL2__CCB
20100928,127.90625,129.93750,127.68750,129.75000,22109,222584,UL2__CCB
20100929,129.56250,130.03125,128.65625,128.81250,20338,223311,UL2__CCB
20100930,129.25000,129.71875,126.87500,128.96875,44896,221203,UL2__CCB
20101001,128.81250,129.31250,127.31250,128.18750,26682,222166,UL2__CCB
20101004,128.75000,129.50000,128.03125,128.50000,33284,226336,UL2__CCB
20101005,128.62500,129.50000,127.40625,128.06250,48606,224996,UL2__CCB
20101006,127.96875,130.25000,127.71875,129.59375,44838,228185,UL2__CCB
20101007,129.53125,129.78125,128.37500,128.50000,27417,227995,UL2__CCB
20101008,128.62500,129.31250,127.71875,127.84375,31714,229184,UL2__CCB
20101011,127.93750,128.00000,127.43750,127.78125,1601,229390,UL2__CCB
20101012,128.00000,128.81250,126.25000,126.71875,28189,231652,UL2__CCB
20101013,126.15625,126.56250,124.90625,126.09375,35305,234888,UL2__CCB
20101014,126.18750,127.03125,124.09375,124.53125,46102,238184,UL2__CCB
20101015,124.31250,125.00000,122.15625,122.50000,67623,242566,UL2__CCB
20101018,122.93750,124.18750,122.87500,124.03125,24738,241096,UL2__CCB
20101019,123.37500,124.96875,122.59375,124.56250,29768,239275,UL2__CCB
20101020,124.40625,125.15625,123.75000,124.75000,21894,238007,UL2__CCB
20101021,124.75000,125.18750,123.09375,123.62500,26478,237920,UL2__CCB
20101022,123.46875,124.09375,122.59375,123.75000,25119,238630,UL2__CCB
20101025,124.06250,125.34375,124.00000,124.40625,18375,237753,UL2__CCB
20101026,124.46875,124.56250,122.21875,122.50000,26246,236572,UL2__CCB
20101027,122.40625,122.59375,121.03125,121.43750,35158,232879,UL2__CCB
20101028,121.25000,121.90625,120.81250,121.28125,37809,234241,UL2__CCB
20101029,121.43750,122.93750,121.28125,122.53125,65157,237574,UL2__CCB
20101101,122.21875,124.00000,121.96875,122.18750,38303,242937,UL2__CCB
20101102,122.46875,124.15625,122.25000,124.03125,47390,246423,UL2__CCB
20101103,124.28125,126.15625,120.68750,121.40625,56231,252409,UL2__CCB
20101104,121.18750,122.81250,120.81250,122.28125,100997,264975,UL2__CCB
20101105,121.90625,122.18750,119.90625,120.62500,68243,275959,UL2__CCB
20101108,120.87500,121.50000,120.03125,120.31250,42456,277963,UL2__CCB
20101109,121.00000,121.46875,117.84375,117.96875,56392,281104,UL2__CCB
20101110,118.18750,118.68750,116.21875,118.25000,79958,289828,UL2__CCB
20101111,118.00000,118.43750,117.65625,117.90625,5416,289739,UL2__CCB
20101112,118.06250,119.43750,117.06250,117.59375,46532,291007,UL2__CCB
20101115,117.56250,117.62500,114.65625,115.46875,45044,294708,UL2__CCB
20101116,115.00000,117.93750,114.75000,117.78125,78382,295618,UL2__CCB
20101117,117.37500,118.56250,116.62500,117.31250,36906,293906,UL2__CCB
20101118,116.93750,117.50000,115.90625,117.28125,42611,290939,UL2__CCB
20101119,117.34375,118.37500,117.25000,117.93750,39263,289134,UL2__CCB
20101122,117.78125,119.68750,117.50000,118.90625,70518,271241,UL2__CCB
20101123,119.06250,120.15625,118.53125,119.71875,136956,224820,UL2__CCB
20101124,119.71875,119.71875,116.90625,117.00000,195059,159268,UL2__CCB
20101126,117.43750,118.93750,117.09375,118.81250,29506,112389,UL2__CCB
20101129,118.46875,120.21875,118.09375,120.09375,65752,270132,UL2__CCB
20101130,120.43750,122.28125,120.40625,121.21875,75151,292614,UL2__CCB
20101201,120.71875,121.00000,117.87500,118.21875,59601,295221,UL2__CCB
20101202,118.25000,118.78125,117.34375,117.59375,44427,296535,UL2__CCB
20101203,117.87500,119.03125,116.46875,116.71875,38198,301718,UL2__CCB
20101206,117.09375,118.34375,117.06250,118.06250,37208,300303,UL2__CCB
20101207,117.68750,117.90625,114.18750,114.43750,48594,298629,UL2__CCB
20101208,115.00000,115.93750,112.78125,114.06250,56720,296741,UL2__CCB
20101209,114.03125,115.65625,113.59375,114.90625,47882,297983,UL2__CCB
20101210,115.03125,115.65625,113.81250,114.43750,23520,297246,UL2__CCB
20101213,114.28125,115.37500,113.31250,114.90625,25972,298415,UL2__CCB
20101214,114.84375,115.00000,111.75000,111.87500,55747,297365,UL2__CCB
20101215,112.15625,113.37500,110.50000,111.03125,42092,299604,UL2__CCB
20101216,111.34375,112.28125,110.62500,111.37500,39573,300990,UL2__CCB
20101217,112.15625,114.93750,112.15625,114.68750,36312,299782,UL2__CCB
20101220,114.43750,115.65625,113.46875,113.81250,26708,302261,UL2__CCB
20101221,114.25000,114.93750,113.25000,114.37500,23693,303214,UL2__CCB
20101222,114.40625,114.75000,113.78125,114.00000,22624,304857,UL2__CCB
20101223,113.75000,114.34375,113.28125,113.59375,16500,304205,UL2__CCB
20101227,113.46875,115.09375,112.81250,114.62500,6168,304058,UL2__CCB
20101228,115.03125,115.03125,112.09375,112.15625,17150,305507,UL2__CCB
20101229,112.90625,115.03125,112.25000,114.81250,16123,304743,UL2__CCB
20101230,114.50000,114.68750,113.28125,114.43750,14481,305047,UL2__CCB
20101231,114.90625,116.28125,114.53125,116.18750,13427,306981,UL2__CCB
20110103,115.78125,116.09375,114.25000,115.12500,28434,307476,UL2__CCB
20110104,114.96875,115.31250,114.15625,114.34375,27288,306829,UL2__CCB
20110105,114.93750,115.62500,111.81250,112.12500,36149,308457,UL2__CCB
20110106,112.34375,113.12500,111.81250,112.46875,38933,304939,UL2__CCB
20110107,112.96875,113.81250,111.62500,113.37500,49136,306275,UL2__CCB
20110110,113.21875,114.25000,112.96875,113.46875,25725,306318,UL2__CCB
20110111,113.87500,114.00000,112.50000,113.59375,26624,306130,UL2__CCB
20110112,113.59375,113.71875,112.28125,112.93750,31095,303048,UL2__CCB
20110113,112.34375,114.03125,112.18750,113.43750,50099,305748,UL2__CCB
20110114,113.37500,114.18750,112.65625,112.75000,29752,305725,UL2__CCB
20110118,112.46875,114.06250,111.25000,112.12500,33631,305283,UL2__CCB
20110119,112.21875,113.00000,111.84375,112.87500,24248,303831,UL2__CCB
20110120,112.87500,113.46875,110.75000,111.03125,36528,305944,UL2__CCB
20110121,111.46875,112.31250,110.93750,112.00000,31903,304080,UL2__CCB
20110124,111.90625,112.87500,111.68750,112.34375,21057,304067,UL2__CCB
20110125,112.34375,114.18750,112.06250,114.12500,37632,302275,UL2__CCB
20110126,113.46875,113.56250,111.46875,111.62500,32382,301616,UL2__CCB
20110127,111.87500,112.50000,111.06250,112.40625,26936,300892,UL2__CCB
20110128,112.18750,113.34375,110.84375,113.15625,50214,301539,UL2__CCB
20110131,113.50000,113.50000,111.75000,112.25000,35247,304617,UL2__CCB
20110201,112.40625,112.40625,110.90625,111.46875,28343,305483,UL2__CCB
20110202,111.25000,112.34375,110.62500,111.03125,45368,307842,UL2__CCB
20110203,111.06250,111.62500,110.28125,110.53125,53145,308842,UL2__CCB
20110204,110.53125,111.09375,109.03125,109.15625,46740,309826,UL2__CCB
20110207,109.40625,109.81250,108.65625,109.59375,30314,311927,UL2__CCB
20110208,109.65625,110.06250,108.46875,108.65625,35519,312821,UL2__CCB
20110209,108.53125,110.25000,108.18750,109.96875,42886,312547,UL2__CCB
20110210,109.62500,110.00000,108.28125,108.59375,65007,313982,UL2__CCB
20110211,108.71875,110.12500,108.59375,109.59375,49165,315033,UL2__CCB
20110214,109.81250,110.68750,109.46875,110.37500,34679,311968,UL2__CCB
20110215,110.09375,110.68750,109.81250,110.43750,28050,312584,UL2__CCB
20110216,110.40625,111.21875,109.87500,110.31250,34459,314953,UL2__CCB
20110217,110.31250,111.03125,110.06250,110.56250,53980,317631,UL2__CCB
20110218,110.28125,110.59375,109.53125,109.93750,38228,304195,UL2__CCB
20110222,110.12500,112.09375,109.93750,111.78125,86132,268838,UL2__CCB
20110223,111.78125,112.90625,111.46875,111.87500,178263,167603,UL2__CCB
20110224,112.15625,113.53125,112.06250,113.12500,158430,103326,UL2__CCB
20110225,112.81250,113.93750,112.46875,113.56250,90710,60939,UL2__CCB
20110228,113.87500,114.25000,113.56250,114.15625,52993,323848,UL2__CCB
20110301,113.90625,114.46875,113.00000,114.09375,55831,324099,UL2__CCB
20110302,113.93750,114.65625,112.50000,112.81250,40473,322304,UL2__CCB
20110303,112.75000,112.96875,111.12500,111.21875,43615,316088,UL2__CCB
20110304,111.56250,112.37500,110.78125,112.00000,45647,316642,UL2__CCB
20110307,111.90625,112.34375,110.90625,111.84375,44714,311474,UL2__CCB
20110308,111.53125,111.81250,110.75000,110.93750,33868,310953,UL2__CCB
20110309,110.78125,112.28125,110.78125,112.03125,41282,310280,UL2__CCB
20110310,111.81250,114.03125,111.65625,113.31250,47431,312455,UL2__CCB
20110311,113.68750,114.46875,112.93750,113.21875,33077,311107,UL2__CCB
20110314,113.31250,113.75000,112.46875,113.71875,41477,312580,UL2__CCB
20110315,113.40625,115.78125,113.34375,114.71875,43478,310897,UL2__CCB
20110316,115.18750,117.87500,114.34375,116.34375,60346,313792,UL2__CCB
20110317,116.81250,117.06250,114.84375,115.59375,32355,314964,UL2__CCB
20110318,115.31250,115.84375,113.84375,115.50000,34203,316127,UL2__CCB
20110321,115.53125,115.71875,114.53125,115.25000,28012,315867,UL2__CCB
20110322,114.96875,115.50000,114.62500,115.28125,23264,312888,UL2__CCB
20110323,115.31250,116.37500,115.03125,115.18750,31524,311381,UL2__CCB
20110324,115.21875,115.53125,114.31250,114.68750,37529,313727,UL2__CCB
20110325,114.31250,115.15625,113.84375,114.03125,20346,313938,UL2__CCB
20110328,114.03125,114.68750,113.56250,114.25000,23837,316290,UL2__CCB
20110329,114.37500,114.56250,113.18750,113.31250,26861,319155,UL2__CCB
20110330,113.31250,114.18750,113.18750,113.75000,19229,320060,UL2__CCB
20110331,114.06250,114.90625,113.21875,114.12500,44368,325652,UL2__CCB
20110401,114.00000,114.62500,113.28125,114.50000,34310,324881,UL2__CCB
20110404,114.31250,115.03125,113.93750,114.50000,21427,325407,UL2__CCB
20110405,114.53125,115.21875,113.84375,114.06250,29125,325982,UL2__CCB
20110406,114.18750,114.31250,112.37500,112.65625,40476,327199,UL2__CCB
20110407,112.56250,112.75000,111.75000,111.96875,35718,328179,UL2__CCB
20110408,112.03125,112.06250,111.09375,111.84375,21067,327838,UL2__CCB
20110411,111.46875,111.96875,111.06250,111.75000,21824,324943,UL2__CCB
20110412,111.37500,113.28125,111.37500,112.90625,26277,324524,UL2__CCB
20110413,112.87500,113.56250,112.06250,113.40625,26038,324986,UL2__CCB
20110414,113.34375,114.06250,113.12500,113.62500,35115,324161,UL2__CCB
20110415,113.50000,115.25000,113.50000,115.06250,30517,325505,UL2__CCB
20110418,115.06250,115.81250,113.59375,115.34375,39253,327188,UL2__CCB
20110419,115.28125,115.96875,114.71875,115.90625,24203,321225,UL2__CCB
20110420,115.81250,115.93750,115.06250,115.34375,22684,322430,UL2__CCB
20110421,115.06250,115.96875,114.93750,115.06250,13748,327160,UL2__CCB
20110425,115.00000,115.65625,114.90625,115.25000,31298,317915,UL2__CCB
20110426,115.37500,116.75000,115.18750,116.50000,32056,317036,UL2__CCB
20110427,116.50000,116.62500,115.21875,115.25000,30122,318666,UL2__CCB
20110428,115.59375,116.31250,115.03125,116.00000,32580,315233,UL2__CCB
20110429,116.18750,116.78125,115.96875,116.43750,29499,316139,UL2__CCB
20110502,116.46875,117.03125,116.15625,116.71875,18359,316921,UL2__CCB
20110503,116.96875,117.65625,116.84375,117.43750,29795,317144,UL2__CCB
20110504,117.65625,118.37500,117.53125,118.06250,29712,317124,UL2__CCB
20110505,118.28125,119.53125,118.18750,119.06250,40273,315702,UL2__CCB
20110506,119.40625,119.62500,117.65625,118.78125,48212,316893,UL2__CCB
20110509,118.65625,119.00000,118.18750,118.71875,27404,316196,UL2__CCB
20110510,118.65625,118.71875,117.75000,118.06250,28524,318114,UL2__CCB
20110511,117.78125,118.93750,117.56250,118.87500,28152,319969,UL2__CCB
20110512,118.78125,119.09375,117.40625,117.87500,73079,335761,UL2__CCB
20110513,117.81250,119.53125,117.71875,118.65625,40629,335686,UL2__CCB
20110516,119.00000,119.84375,118.56250,119.59375,35497,338787,UL2__CCB
20110517,119.78125,120.90625,119.31250,120.56250,48070,340840,UL2__CCB
20110518,120.62500,121.12500,119.12500,119.40625,48164,334702,UL2__CCB
20110519,119.31250,119.37500,118.12500,119.18750,53333,330512,UL2__CCB
20110520,119.31250,119.71875,118.56250,119.37500,134014,293451,UL2__CCB
20110523,119.62500,120.50000,119.62500,119.90625,103446,236751,UL2__CCB
20110524,120.12500,120.50000,119.53125,120.15625,93106,174419,UL2__CCB
20110525,120.18750,120.78125,119.62500,119.71875,118992,116460,UL2__CCB
20110526,119.68750,120.93750,119.12500,120.90625,109528,63942,UL2__CCB
20110527,120.71875,120.90625,120.03125,120.71875,49414,47078,UL2__CCB
20110531,120.75000,121.21875,120.06250,121.12500,44951,338435,UL2__CCB
20110601,120.96875,123.00000,120.68750,122.56250,73166,351779,UL2__CCB
20110602,122.75000,122.78125,120.46875,120.56250,71061,354189,UL2__CCB
20110603,120.78125,121.65625,120.18750,121.00000,62391,355254,UL2__CCB
20110606,120.96875,121.09375,119.71875,120.34375,40183,352058,UL2__CCB
20110607,120.34375,120.84375,119.56250,120.31250,47079,351759,UL2__CCB
20110608,120.46875,121.93750,120.18750,121.50000,45306,354080,UL2__CCB
20110609,121.84375,122.56250,120.62500,121.28125,61342,356622,UL2__CCB
20110610,121.31250,122.59375,121.31250,122.09375,31463,359106,UL2__CCB
20110613,122.09375,122.40625,121.31250,121.68750,26740,359360,UL2__CCB
20110614,121.71875,121.81250,119.56250,119.68750,56107,366605,UL2__CCB
20110615,119.87500,122.00000,119.71875,121.84375,59071,373501,UL2__CCB
20110616,121.65625,123.06250,121.40625,122.78125,66113,381602,UL2__CCB
20110617,122.34375,122.87500,121.62500,122.03125,64512,389706,UL2__CCB
20110620,121.90625,123.00000,121.71875,122.03125,49829,396620,UL2__CCB
20110621,122.00000,122.28125,121.21875,121.68750,54779,401783,UL2__CCB
20110622,121.68750,122.28125,121.37500,121.68750,36451,403275,UL2__CCB
20110623,121.78125,123.18750,121.75000,122.90625,65457,405734,UL2__CCB
20110624,122.53125,123.06250,122.06250,122.56250,58043,396429,UL2__CCB
20110627,122.53125,122.65625,120.09375,120.37500,63073,382107,UL2__CCB
20110628,120.25000,121.03125,119.12500,119.31250,55431,382525,UL2__CCB
20110629,119.40625,119.78125,118.15625,118.53125,63285,384629,UL2__CCB
20110630,118.46875,119.00000,116.96875,118.31250,66327,379498,UL2__CCB
20110701,118.53125,118.96875,117.65625,117.93750,38443,379293,UL2__CCB
20110705,117.90625,118.71875,117.78125,118.21875,25680,380404,UL2__CCB
20110706,118.46875,119.12500,118.09375,118.93750,34660,381476,UL2__CCB
20110707,118.71875,118.81250,117.87500,118.62500,31322,380973,UL2__CCB
20110708,118.68750,120.65625,118.21875,120.62500,56748,376396,UL2__CCB
20110711,120.59375,122.18750,120.09375,122.03125,34084,374189,UL2__CCB
20110712,121.81250,123.75000,121.78125,122.34375,45759,368713,UL2__CCB
20110713,122.75000,123.06250,121.31250,122.65625,44906,370359,UL2__CCB
20110714,122.53125,122.71875,121.09375,121.37500,45983,370778,UL2__CCB
20110715,121.34375,121.46875,120.03125,121.21875,49877,373460,UL2__CCB
20110718,121.31250,121.87500,120.06250,120.46875,36635,370031,UL2__CCB
20110719,120.28125,122.81250,119.53125,122.37500,53146,371729,UL2__CCB
20110720,122.53125,122.53125,121.03125,121.12500,30831,372892,UL2__CCB
20110721,121.21875,121.34375,119.81250,120.12500,41200,375725,UL2__CCB
20110722,120.12500,121.31250,120.12500,121.21875,34857,370101,UL2__CCB
20110725,120.56250,121.28125,119.56250,119.96875,33444,377167,UL2__CCB
20110726,120.09375,121.12500,119.62500,121.00000,25369,378050,UL2__CCB
20110727,120.68750,121.18750,120.03125,120.87500,32749,377491,UL2__CCB
20110728,120.84375,121.71875,120.71875,121.37500,39835,376307,UL2__CCB
20110729,121.37500,124.53125,121.31250,124.00000,75720,388378,UL2__CCB
20110801,123.65625,125.59375,122.62500,125.31250,51744,387899,UL2__CCB
20110802,124.90625,128.96875,124.71875,128.53125,58731,390801,UL2__CCB
20110803,128.93750,131.31250,128.15625,129.53125,83969,392819,UL2__CCB
20110804,129.15625,134.09375,128.28125,132.93750,102949,400605,UL2__CCB
20110805,134.06250,135.28125,129.87500,130.68750,84153,399083,UL2__CCB
20110808,129.75000,134.56250,128.84375,134.31250,73518,398736,UL2__CCB
20110809,134.12500,139.28125,132.34375,136.46875,98774,400489,UL2__CCB
20110810,135.50000,139.12500,133.75000,137.56250,80361,396775,UL2__CCB
20110811,138.21875,138.21875,131.71875,132.12500,132643,415226,UL2__CCB
20110812,132.37500,134.84375,132.37500,134.65625,52551,413379,UL2__CCB
20110815,134.21875,134.65625,132.90625,133.56250,33850,408921,UL2__CCB
20110816,133.06250,136.06250,132.68750,135.75000,55876,408596,UL2__CCB
20110817,135.40625,137.71875,134.71875,137.46875,60690,410933,UL2__CCB
20110818,137.50000,142.87500,137.34375,140.43750,77129,413091,UL2__CCB
20110819,140.87500,142.78125,139.75000,141.68750,52969,412924,UL2__CCB
20110822,141.90625,142.46875,140.53125,141.37500,41330,402009,UL2__CCB
20110823,140.90625,141.62500,139.15625,139.46875,102419,361527,UL2__CCB
20110824,139.12500,140.46875,135.25000,136.21875,116578,316521,UL2__CCB
20110825,135.50000,137.43750,134.96875,136.87500,92738,273210,UL2__CCB
20110826,136.78125,139.06250,136.03125,138.15625,122813,222052,UL2__CCB
20110829,138.03125,138.43750,135.46875,136.03125,145470,311985,UL2__CCB
20110830,136.96875,138.93750,136.71875,138.68750,127067,370784,UL2__CCB
20110831,138.56250,139.18750,136.18750,136.68750,67333,376811,UL2__CCB
20110901,136.62500,139.09375,135.31250,138.65625,50408,383256,UL2__CCB
20110902,139.03125,143.56250,138.53125,143.28125,69513,382936,UL2__CCB
20110906,143.25000,146.37500,143.25000,144.62500,70806,388312,UL2__CCB
20110907,144.25000,144.25000,141.87500,142.34375,60047,386378,UL2__CCB
20110908,142.18750,144.03125,141.93750,143.40625,50047,385925,UL2__CCB
20110909,143.31250,145.56250,142.25000,144.96875,47474,384692,UL2__CCB
20110912,145.00000,146.03125,144.15625,145.25000,31593,384436,UL2__CCB
20110913,144.84375,145.56250,142.96875,143.21875,29866,384763,UL2__CCB
20110914,142.96875,144.56250,141.93750,143.62500,55653,385122,UL2__CCB
20110915,144.28125,144.65625,141.65625,142.37500,56249,382221,UL2__CCB
20110916,142.56250,143.37500,141.65625,142.62500,58913,373738,UL2__CCB
20110919,143.53125,146.62500,143.53125,146.15625,50270,374814,UL2__CCB
20110920,146.09375,146.28125,144.43750,145.75000,38202,372065,UL2__CCB
20110921,146.00000,151.12500,144.84375,150.09375,82406,368096,UL2__CCB
20110922,150.87500,156.87500,150.62500,156.28125,126810,368508,UL2__CCB
20110923,155.34375,157.46875,153.00000,153.84375,74819,370375,UL2__CCB
20110926,153.09375,154.78125,150.18750,150.25000,61167,367620,UL2__CCB
20110927,150.75000,150.90625,147.28125,147.34375,64799,373396,UL2__CCB
20110928,148.65625,149.71875,146.53125,147.90625,59252,377398,UL2__CCB
20110929,148.53125,150.34375,148.09375,150.18750,52677,379206,UL2__CCB
20110930,149.03125,152.84375,148.78125,152.15625,82193,379012,UL2__CCB
20111003,152.78125,157.62500,152.25000,156.46875,79986,380032,UL2__CCB
20111004,157.25000,158.31250,154.68750,156.43750,73301,376955,UL2__CCB
20111005,155.09375,155.34375,152.87500,153.12500,56996,376183,UL2__CCB
20111006,153.87500,154.43750,151.03125,151.43750,48141,375256,UL2__CCB
20111007,151.62500,151.93750,148.06250,149.75000,56307,374570,UL2__CCB
20111010,149.81250,149.90625,146.65625,146.71875,4879,374894,UL2__CCB
20111011,147.93750,149.03125,147.06250,147.43750,42897,374087,UL2__CCB
20111012,147.84375,148.21875,144.09375,145.06250,57190,374027,UL2__CCB
20111013,145.40625,148.06250,145.28125,146.93750,54351,377418,UL2__CCB
20111014,146.56250,147.15625,144.21875,145.21875,40434,378625,UL2__CCB
20111017,144.71875,147.46875,143.34375,147.12500,40774,379109,UL2__CCB
20111018,147.53125,149.28125,145.28125,146.78125,50511,377943,UL2__CCB
20111019,146.56250,147.03125,145.03125,146.40625,36533,377099,UL2__CCB
20111020,145.93750,147.53125,144.93750,145.59375,51530,375689,UL2__CCB
20111021,145.06250,145.93750,143.75000,144.37500,37629,374387,UL2__CCB
20111024,144.65625,145.46875,143.62500,143.87500,34012,371611,UL2__CCB
20111025,144.12500,147.78125,143.12500,147.21875,55146,373580,UL2__CCB
20111026,147.43750,147.65625,144.96875,145.21875,38064,372594,UL2__CCB
20111027,145.37500,145.68750,139.65625,139.84375,72222,373289,UL2__CCB
20111028,139.65625,142.37500,139.12500,142.21875,44172,372531,UL2__CCB
20111031,141.90625,147.62500,141.59375,145.90625,59517,378259,UL2__CCB
20111101,147.15625,152.34375,146.50000,150.62500,78122,378608,UL2__CCB
20111102,151.21875,151.43750,148.28125,150.03125,41514,379661,UL2__CCB
20111103,150.37500,152.12500,147.84375,148.09375,49207,381153,UL2__CCB
20111104,147.93750,149.18750,146.40625,148.56250,46148,381722,UL2__CCB
20111107,148.03125,150.87500,147.68750,150.18750,50987,382310,UL2__CCB
20111108,148.53125,149.87500,147.28125,148.00000,43702,380944,UL2__CCB
20111109,147.65625,151.87500,147.28125,150.75000,49405,384129,UL2__CCB
20111110,150.50000,151.03125,146.93750,148.62500,68209,387172,UL2__CCB
20111111,148.53125,148.90625,147.46875,147.62500,2811,387596,UL2__CCB
20111114,147.40625,150.09375,147.03125,149.71875,37081,387847,UL2__CCB
20111115,149.43750,151.18750,148.84375,149.59375,47680,390049,UL2__CCB
20111116,150.00000,151.40625,149.56250,150.59375,35208,389734,UL2__CCB
20111117,151.31250,153.25000,150.25000,152.59375,69618,391551,UL2__CCB
20111118,152.56250,152.81250,150.68750,152.12500,49007,387418,UL2__CCB
20111121,152.31250,154.03125,152.31250,153.53125,72592,366456,UL2__CCB
20111122,153.40625,155.15625,152.53125,154.40625,94283,331370,UL2__CCB
20111123,155.00000,156.78125,154.37500,156.62500,84882,314770,UL2__CCB
20111125,155.93750,155.93750,153.84375,154.12500,69536,275342,UL2__CCB
20111128,153.62500,154.46875,150.75000,154.31250,218198,153510,UL2__CCB
20111129,153.62500,154.15625,151.93750,153.15625,112763,331978,UL2__CCB
20111130,152.96875,153.53125,149.53125,150.43750,132629,364677,UL2__CCB
20111201,150.43750,151.06250,148.06250,148.59375,51405,366784,UL2__CCB
20111202,149.43750,151.71875,147.93750,151.15625,51685,367895,UL2__CCB
20111205,150.62500,151.78125,149.43750,150.90625,45902,365526,UL2__CCB
20111206,150.90625,151.46875,149.25000,149.34375,47999,368319,UL2__CCB
20111207,149.59375,151.12500,148.37500,151.06250,46479,368360,UL2__CCB
20111208,150.34375,152.46875,148.75000,152.21875,49059,370027,UL2__CCB
20111209,152.09375,152.40625,149.12500,149.56250,48111,368595,UL2__CCB
20111212,149.25000,151.40625,149.06250,151.03125,39981,372946,UL2__CCB
20111213,150.75000,152.81250,149.68750,152.31250,55338,370390,UL2__CCB
20111214,151.87500,154.87500,151.31250,154.68750,67539,372752,UL2__CCB
20111215,154.75000,155.90625,153.56250,154.15625,55815,368972,UL2__CCB
20111216,154.34375,156.40625,153.65625,156.03125,43339,365383,UL2__CCB
20111219,155.65625,158.00000,155.43750,157.37500,40970,362191,UL2__CCB
20111220,157.56250,157.56250,153.81250,154.06250,45493,360900,UL2__CCB
20111221,154.00000,154.75000,152.15625,152.34375,33333,360935,UL2__CCB
20111222,152.43750,153.78125,152.18750,152.87500,22136,362267,UL2__CCB
20111223,152.78125,152.78125,150.43750,150.50000,13511,362462,UL2__CCB
20111227,151.00000,151.71875,150.62500,151.46875,10081,362178,UL2__CCB
20111228,151.75000,154.93750,151.37500,154.93750,16699,361918,UL2__CCB
20111229,154.34375,155.00000,153.75000,154.62500,16992,361760,UL2__CCB
20111230,154.68750,155.81250,154.25000,155.18750,20320,361894,UL2__CCB
20120103,154.68750,154.68750,152.34375,152.56250,26971,362234,UL2__CCB
20120104,152.68750,153.50000,150.84375,151.31250,48789,366543,UL2__CCB
20120105,151.53125,152.68750,150.62500,151.03125,31074,368909,UL2__CCB
20120106,150.96875,152.50000,149.46875,152.12500,39385,366432,UL2__CCB
20120109,152.21875,153.18750,151.28125,151.78125,25058,366714,UL2__CCB
20120110,151.62500,152.34375,150.43750,151.84375,35102,373382,UL2__CCB
20120111,151.78125,153.84375,151.56250,153.59375,35761,375487,UL2__CCB
20120112,153.46875,154.03125,152.75000,153.09375,49722,377901,UL2__CCB
20120113,153.37500,155.78125,153.00000,155.18750,48705,374690,UL2__CCB
20120117,155.25000,155.71875,153.87500,155.43750,33504,374139,UL2__CCB
20120118,155.18750,155.78125,153.59375,153.87500,29250,373624,UL2__CCB
20120119,154.00000,154.28125,151.12500,151.71875,43040,374941,UL2__CCB
20120120,151.84375,152.06250,150.03125,150.28125,43486,373113,UL2__CCB
20120123,150.34375,151.03125,148.25000,149.09375,35486,372599,UL2__CCB
20120124,149.46875,150.12500,148.50000,148.93750,33234,371887,UL2__CCB
20120125,148.96875,152.09375,148.65625,149.18750,60875,372199,UL2__CCB
20120126,149.40625,151.06250,148.87500,150.81250,62230,373735,UL2__CCB
20120127,150.87500,151.87500,149.46875,151.65625,38085,373097,UL2__CCB
20120130,151.84375,154.40625,151.68750,153.71875,51387,378833,UL2__CCB
20120131,153.12500,155.06250,152.53125,154.96875,69265,377442,UL2__CCB
20120201,154.78125,154.84375,152.75000,152.87500,53594,374650,UL2__CCB
20120202,153.37500,153.81250,152.59375,153.06250,38295,374732,UL2__CCB
20120203,153.09375,153.40625,149.31250,149.62500,64291,376282,UL2__CCB
20120206,150.18750,151.56250,149.78125,151.21875,33555,376597,UL2__CCB
20120207,150.90625,151.43750,149.03125,149.93750,44231,377363,UL2__CCB
20120208,149.90625,150.31250,149.03125,149.87500,62705,374440,UL2__CCB
20120209,149.81250,150.12500,147.46875,148.62500,79751,375466,UL2__CCB
20120210,148.87500,150.90625,148.84375,150.50000,53438,371498,UL2__CCB
20120213,149.81250,150.90625,149.12500,150.00000,47291,369482,UL2__CCB
20120214,150.81250,152.06250,150.25000,151.96875,69228,371528,UL2__CCB
20120215,151.37500,152.03125,150.90625,151.21875,55288,372219,UL2__CCB
20120216,151.31250,151.90625,149.31250,149.71875,80262,368736,UL2__CCB
20120217,149.96875,149.96875,148.87500,149.46875,34000,367683,UL2__CCB
20120221,148.84375,149.40625,147.87500,148.68750,47940,360626,UL2__CCB
20120222,148.25000,150.09375,147.84375,149.71875,50949,351463,UL2__CCB
20120223,149.71875,150.68750,148.87500,150.31250,119235,296550,UL2__CCB
20120224,149.93750,151.18750,149.71875,151.03125,119153,239122,UL2__CCB
20120227,151.28125,152.84375,151.28125,152.59375,153233,225137,UL2__CCB
20120228,152.31250,153.25000,151.65625,152.06250,136980,312793,UL2__CCB
20120229,151.71875,152.68750,150.37500,151.34375,122822,333006,UL2__CCB
20120301,151.15625,151.37500,148.81250,149.46875,78218,340136,UL2__CCB
20120302,149.56250,151.31250,149.56250,150.59375,38608,337922,UL2__CCB
20120305,150.75000,151.31250,149.56250,149.96875,37433,337119,UL2__CCB
20120306,149.62500,152.12500,149.50000,151.62500,37249,335653,UL2__CCB
20120307,151.62500,151.65625,150.40625,150.68750,38897,335321,UL2__CCB
20120308,150.53125,150.68750,148.96875,149.31250,29015,335582,UL2__CCB
20120309,149.21875,149.46875,148.00000,148.84375,37095,337771,UL2__CCB
20120312,149.12500,150.28125,149.09375,149.40625,27306,338948,UL2__CCB
20120313,149.40625,149.40625,146.68750,147.37500,53558,341977,UL2__CCB
20120314,146.87500,146.87500,142.93750,143.34375,96489,346194,UL2__CCB
20120315,143.37500,143.87500,141.43750,143.18750,60329,345005,UL2__CCB
20120316,143.06250,143.53125,141.59375,143.18750,55725,343926,UL2__CCB
20120319,143.15625,144.09375,141.28125,141.56250,51688,346927,UL2__CCB
20120320,141.46875,142.78125,141.34375,142.12500,50447,352045,UL2__CCB
20120321,142.53125,144.15625,141.75000,144.03125,51327,351519,UL2__CCB
20120322,143.90625,144.93750,143.53125,144.37500,48998,351709,UL2__CCB
20120323,144.40625,146.06250,143.96875,145.68750,59561,351121,UL2__CCB
20120326,145.62500,145.62500,144.00000,145.25000,45508,350129,UL2__CCB
20120327,145.03125,146.43750,144.65625,146.00000,44721,346518,UL2__CCB
20120328,145.96875,146.71875,144.96875,145.93750,42079,345143,UL2__CCB
20120329,145.59375,147.03125,145.53125,146.78125,42165,343571,UL2__CCB
20120330,146.68750,147.31250,144.40625,145.06250,68784,345656,UL2__CCB
20120402,145.18750,146.37500,144.25000,145.21875,35328,345693,UL2__CCB
20120403,145.43750,146.50000,142.68750,143.43750,61035,344322,UL2__CCB
20120404,142.65625,144.90625,142.65625,144.28125,62377,351404,UL2__CCB
20120405,144.84375,146.96875,144.43750,145.81250,39597,351365,UL2__CCB
20120406,145.65625,148.84375,144.75000,148.71875,14203,351600,UL2__CCB
20120409,148.65625,149.68750,148.34375,149.46875,33077,353510,UL2__CCB
20120410,149.25000,151.56250,148.62500,150.68750,62080,356434,UL2__CCB
20120411,150.78125,150.87500,149.03125,149.50000,47487,359135,UL2__CCB
20120412,149.31250,149.75000,148.25000,148.93750,62491,364397,UL2__CCB
20120413,148.90625,151.15625,148.87500,150.59375,50116,367767,UL2__CCB
20120416,150.87500,152.06250,150.59375,151.43750,37023,367669,UL2__CCB
20120417,151.03125,151.37500,150.15625,150.43750,43583,366445,UL2__CCB
20120418,150.68750,151.43750,150.31250,151.12500,36848,364489,UL2__CCB
20120419,151.06250,151.84375,150.37500,151.62500,38648,365240,UL2__CCB
20120420,151.25000,151.53125,150.37500,151.15625,21911,365772,UL2__CCB
20120423,151.40625,153.06250,151.25000,152.37500,37467,363987,UL2__CCB
20120424,152.28125,152.78125,151.15625,151.62500,34650,364049,UL2__CCB
20120425,151.09375,151.56250,149.56250,150.81250,43706,362635,UL2__CCB
20120426,150.81250,152.25000,150.37500,151.09375,51817,360013,UL2__CCB
20120427,151.71875,153.15625,151.06250,151.75000,35261,359826,UL2__CCB
20120430,151.65625,152.34375,151.21875,151.90625,34527,356917,UL2__CCB
20120501,151.62500,152.46875,150.46875,150.59375,29079,356309,UL2__CCB
20120502,150.93750,152.21875,150.43750,151.81250,35858,356548,UL2__CCB
20120503,151.68750,152.09375,150.96875,151.84375,39816,353877,UL2__CCB
20120504,151.71875,153.18750,151.03125,153.03125,48400,355919,UL2__CCB
20120507,153.25000,154.40625,152.96875,153.15625,27964,354788,UL2__CCB
20120508,153.25000,154.90625,153.12500,154.34375,43523,357837,UL2__CCB
20120509,154.09375,155.43750,153.59375,154.03125,60453,361658,UL2__CCB
20120510,154.34375,154.56250,152.28125,153.75000,66539,363879,UL2__CCB
20120511,154.28125,155.09375,154.15625,155.00000,40432,363857,UL2__CCB
20120514,155.00000,157.62500,154.96875,156.78125,44814,365181,UL2__CCB
20120515,157.53125,157.84375,156.28125,157.28125,55585,364561,UL2__CCB
20120516,157.75000,158.40625,156.43750,157.90625,63128,364798,UL2__CCB
20120517,158.09375,161.37500,157.21875,160.71875,89519,364931,UL2__CCB
20120518,161.15625,161.31250,159.65625,161.21875,72444,365779,UL2__CCB
20120521,160.81250,161.31250,159.40625,160.96875,53534,360768,UL2__CCB
20120522,160.43750,160.59375,158.18750,158.31250,76065,349269,UL2__CCB
20120523,159.03125,161.43750,158.84375,161.03125,122207,307446,UL2__CCB
20120524,160.40625,161.37500,158.78125,159.68750,122489,269914,UL2__CCB
20120525,158.78125,160.15625,158.68750,159.84375,129426,199451,UL2__CCB
20120529,159.81250,160.50000,158.59375,159.90625,174734,305441,UL2__CCB
20120530,159.65625,164.00000,159.50000,163.50000,96179,341095,UL2__CCB
20120531,163.53125,167.21875,162.71875,164.53125,129088,347603,UL2__CCB
20120601,165.65625,169.62500,165.18750,168.68750,103689,348579,UL2__CCB
20120604,169.15625,169.21875,167.46875,167.84375,54270,348731,UL2__CCB
20120605,167.96875,168.43750,165.50000,166.34375,56660,348478,UL2__CCB
20120606,165.75000,166.56250,162.50000,163.43750,102926,345570,UL2__CCB
20120607,162.93750,164.28125,161.75000,162.43750,63860,343192,UL2__CCB
20120608,162.75000,165.50000,162.06250,162.34375,50436,343963,UL2__CCB
20120611,162.06250,164.15625,159.81250,163.40625,57368,342913,UL2__CCB
20120612,163.96875,164.03125,161.87500,162.06250,55293,343574,UL2__CCB
20120613,162.09375,164.15625,160.68750,163.71875,46997,345460,UL2__CCB
20120614,163.53125,164.18750,162.78125,163.84375,66393,345345,UL2__CCB
20120615,162.81250,164.90625,162.81250,164.25000,35616,342252,UL2__CCB
20120618,163.21875,165.53125,162.00000,164.65625,35615,341005,UL2__CCB
20120619,165.31250,165.75000,162.87500,163.31250,45917,339519,UL2__CCB
20120620,163.03125,164.46875,161.37500,163.43750,73970,340583,UL2__CCB
20120621,163.21875,165.31250,162.81250,164.43750,45275,315302,UL2__CCB
20120622,164.43750,164.78125,162.34375,162.59375,36698,340648,UL2__CCB
20120625,162.71875,165.00000,162.71875,164.75000,28535,340701,UL2__CCB
20120626,164.81250,164.93750,163.59375,164.28125,34676,342352,UL2__CCB
20120627,164.15625,164.75000,163.71875,164.40625,34877,341416,UL2__CCB
20120628,164.34375,165.50000,164.12500,165.18750,49229,341977,UL2__CCB
20120629,164.78125,165.25000,161.81250,162.37500,66851,345562,UL2__CCB
20120702,162.25000,165.62500,162.21875,164.78125,40164,347120,UL2__CCB
20120703,164.37500,164.46875,162.81250,163.09375,23296,347100,UL2__CCB
20120705,163.18750,164.50000,162.84375,163.75000,36274,349029,UL2__CCB
20120706,163.68750,165.59375,163.62500,165.40625,38476,351079,UL2__CCB
20120709,165.40625,166.93750,165.34375,166.68750,38726,352407,UL2__CCB
20120710,166.56250,167.53125,166.00000,167.43750,30604,353057,UL2__CCB
20120711,167.15625,168.53125,166.46875,167.65625,45056,352784,UL2__CCB
20120712,166.87500,168.56250,166.87500,168.46875,52202,351068,UL2__CCB
20120713,168.46875,168.90625,167.28125,167.84375,49076,349421,UL2__CCB
20120716,168.09375,169.84375,168.06250,168.84375,30695,347941,UL2__CCB
20120717,168.53125,168.78125,167.21875,167.50000,31321,348588,UL2__CCB
20120718,167.37500,168.31250,167.15625,167.90625,28432,346200,UL2__CCB
20120719,167.53125,167.81250,166.43750,166.90625,43349,347469,UL2__CCB
20120720,166.96875,169.34375,166.93750,168.90625,34926,348595,UL2__CCB
20120723,168.96875,171.09375,168.93750,169.84375,40708,346961,UL2__CCB
20120724,170.18750,171.62500,169.06250,171.15625,53655,348761,UL2__CCB
20120725,171.62500,171.84375,170.15625,171.21875,39643,349697,UL2__CCB
20120726,171.46875,172.00000,170.00000,170.56250,58837,350720,UL2__CCB
20120727,170.09375,170.43750,164.93750,166.03125,76824,351862,UL2__CCB
20120730,166.43750,168.21875,166.06250,167.93750,37054,352693,UL2__CCB
20120731,167.84375,168.96875,167.09375,168.03125,38465,355188,UL2__CCB
20120801,168.93750,168.96875,166.90625,167.03125,45900,355024,UL2__CCB
20120802,167.40625,170.21875,165.87500,169.00000,52876,353911,UL2__CCB
20120803,168.81250,169.00000,165.15625,165.71875,44973,352933,UL2__CCB
20120806,166.12500,167.00000,165.87500,166.21875,22648,352596,UL2__CCB
20120807,166.06250,166.25000,163.50000,164.06250,32495,351921,UL2__CCB
20120808,164.06250,164.78125,162.96875,163.46875,37649,352141,UL2__CCB
20120809,163.18750,163.46875,161.56250,163.25000,49368,355375,UL2__CCB
20120810,163.00000,164.87500,162.96875,164.15625,29120,354824,UL2__CCB
20120813,163.90625,164.78125,163.59375,164.03125,31368,354980,UL2__CCB
20120814,163.71875,163.87500,161.31250,161.65625,35388,358746,UL2__CCB
20120815,161.46875,161.68750,159.00000,159.25000,46030,358387,UL2__CCB
20120816,159.03125,159.75000,157.34375,158.12500,62913,356572,UL2__CCB
20120817,158.21875,159.34375,157.96875,158.68750,31213,353757,UL2__CCB
20120820,158.53125,159.46875,157.43750,158.90625,27828,355999,UL2__CCB
20120821,159.00000,159.65625,157.37500,159.34375,49827,357237,UL2__CCB
20120822,159.71875,162.25000,159.62500,161.62500,57129,349477,UL2__CCB
20120823,162.12500,163.03125,161.71875,162.90625,40530,344817,UL2__CCB
20120824,162.43750,163.93750,162.34375,162.62500,40204,338802,UL2__CCB
20120827,162.40625,163.93750,162.25000,163.68750,100283,292818,UL2__CCB
20120828,163.53125,164.68750,163.21875,164.06250,146761,222629,UL2__CCB
20120829,163.87500,164.34375,162.84375,163.43750,167440,282166,UL2__CCB
20120830,163.40625,164.81250,163.37500,164.34375,80083,332390,UL2__CCB
20120831,164.12500,166.53125,163.28125,165.96875,82780,348327,UL2__CCB
20120904,166.37500,167.15625,165.21875,165.90625,62885,352434,UL2__CCB
20120905,166.06250,166.81250,165.18750,165.43750,50450,356936,UL2__CCB
20120906,165.34375,165.50000,162.65625,162.78125,49360,358045,UL2__CCB
20120907,162.65625,164.81250,160.90625,162.09375,67576,360403,UL2__CCB
20120910,162.31250,162.87500,161.03125,161.71875,38895,360407,UL2__CCB
20120911,162.62500,162.87500,161.25000,161.62500,29751,360553,UL2__CCB
20120912,161.46875,161.59375,159.18750,159.40625,42595,364027,UL2__CCB
20120913,159.62500,161.03125,157.31250,158.59375,86310,363980,UL2__CCB
20120914,159.28125,159.34375,154.62500,155.21875,78267,360297,UL2__CCB
20120917,154.87500,156.84375,154.06250,156.56250,43638,361107,UL2__CCB
20120918,156.56250,158.18750,156.43750,157.06250,64614,358458,UL2__CCB
20120919,157.28125,158.71875,156.62500,158.03125,59952,358394,UL2__CCB
20120920,158.43750,159.87500,158.15625,158.59375,45417,358482,UL2__CCB
20120921,158.75000,159.00000,157.68750,158.62500,35218,358555,UL2__CCB
20120924,158.87500,160.31250,158.75000,159.93750,32834,359288,UL2__CCB
20120925,160.15625,161.59375,159.50000,161.12500,42093,356454,UL2__CCB
20120926,161.50000,163.56250,161.31250,163.21875,45810,357442,UL2__CCB
20120927,163.43750,163.43750,161.75000,162.40625,49640,356805,UL2__CCB
20120928,161.87500,163.71875,161.78125,162.18750,84779,364772,UL2__CCB
20121001,162.18750,163.09375,161.68750,162.53125,52156,366983,UL2__CCB
20121002,162.56250,163.15625,162.00000,163.00000,46078,370323,UL2__CCB
20121003,162.78125,163.37500,161.96875,162.46875,44584,369132,UL2__CCB
20121004,162.71875,162.81250,160.59375,160.87500,63106,370386,UL2__CCB
20121005,160.68750,161.21875,158.46875,158.68750,50634,370095,UL2__CCB
20121008,158.56250,160.28125,158.56250,159.87500,4619,370342,UL2__CCB
20121009,160.12500,160.15625,159.03125,159.53125,39180,370616,UL2__CCB
20121010,159.78125,161.12500,158.90625,160.75000,44122,370257,UL2__CCB
20121011,161.12500,162.00000,159.68750,161.75000,55965,369499,UL2__CCB
20121012,161.87500,163.40625,161.21875,162.28125,48126,371761,UL2__CCB
20121015,162.31250,162.68750,161.37500,162.03125,27597,370306,UL2__CCB
20121016,162.06250,162.09375,159.71875,160.09375,40394,371185,UL2__CCB
20121017,159.75000,160.00000,157.62500,158.00000,55904,371095,UL2__CCB
20121018,157.62500,159.15625,157.06250,157.50000,63825,371359,UL2__CCB
20121019,157.18750,159.65625,157.00000,159.46875,53950,369287,UL2__CCB
20121022,159.46875,159.75000,158.37500,159.28125,55355,368313,UL2__CCB
20121023,158.53125,160.75000,158.46875,160.12500,46181,367999,UL2__CCB
20121024,160.46875,160.50000,158.96875,159.65625,47877,367580,UL2__CCB
20121025,159.12500,159.18750,157.50000,158.28125,60664,365499,UL2__CCB
20121026,158.37500,160.65625,158.18750,160.06250,61945,354292,UL2__CCB
20121029,160.40625,161.59375,160.31250,161.09375,11154,354045,UL2__CCB
20121030,161.28125,161.59375,160.56250,160.90625,2224,354019,UL2__CCB
20121031,160.65625,162.09375,159.93750,162.06250,69901,353230,UL2__CCB
20121101,161.75000,161.75000,160.31250,160.78125,53431,350007,UL2__CCB
20121102,160.62500,160.96875,159.06250,160.25000,46521,347755,UL2__CCB
20121105,160.56250,161.87500,160.28125,161.53125,35713,347440,UL2__CCB
20121106,161.28125,161.37500,159.93750,160.25000,33916,345918,UL2__CCB
20121107,160.15625,163.40625,160.12500,162.96875,88358,348809,UL2__CCB
20121108,162.56250,165.15625,162.03125,164.43750,70931,351216,UL2__CCB
20121109,164.93750,166.31250,164.28125,165.09375,61293,354558,UL2__CCB
20121112,165.28125,165.81250,164.87500,165.43750,4062,357051,UL2__CCB
20121113,165.68750,166.53125,165.25000,165.96875,43259,357286,UL2__CCB
20121114,165.81250,166.34375,164.75000,165.81250,53095,356119,UL2__CCB
20121115,165.75000,166.56250,164.96875,165.93750,41815,355794,UL2__CCB
20121116,165.78125,166.78125,165.46875,166.03125,38052,356620,UL2__CCB
20121119,165.46875,165.46875,164.34375,164.90625,33098,354342,UL2__CCB
20121120,165.15625,165.34375,163.21875,163.62500,39752,350831,UL2__CCB
20121121,163.28125,164.00000,162.75000,163.03125,32724,348788,UL2__CCB
20121123,163.18750,163.90625,162.56250,162.96875,26899,345383,UL2__CCB
20121126,162.90625,164.71875,162.90625,163.90625,163488,308327,UL2__CCB
20121127,163.87500,164.56250,163.43750,164.18750,183541,214434,UL2__CCB
20121128,164.40625,165.50000,163.81250,164.56250,192058,120885,UL2__CCB
20121129,163.93750,164.59375,163.43750,164.12500,110084,346399,UL2__CCB
20121130,164.21875,164.96875,163.68750,164.28125,137204,361096,UL2__CCB
20121203,163.84375,164.18750,162.59375,163.93750,74330,355878,UL2__CCB
20121204,164.15625,164.87500,163.50000,164.68750,42228,357918,UL2__CCB
20121205,164.68750,165.46875,164.21875,164.78125,45340,357217,UL2__CCB
20121206,164.75000,165.75000,164.59375,165.15625,35765,356710,UL2__CCB
20121207,165.15625,165.46875,163.40625,163.81250,55919,357999,UL2__CCB
20121210,163.96875,164.65625,163.84375,164.15625,27120,357747,UL2__CCB
20121211,164.28125,164.46875,162.96875,163.25000,36245,357508,UL2__CCB
20121212,163.15625,163.65625,161.37500,161.62500,74428,357804,UL2__CCB
20121213,161.75000,162.09375,160.71875,161.46875,78263,358602,UL2__CCB
20121214,161.46875,162.78125,160.87500,162.37500,45345,360222,UL2__CCB
20121217,162.37500,162.53125,160.25000,160.75000,41939,359820,UL2__CCB
20121218,160.43750,160.68750,157.93750,158.53125,61116,358502,UL2__CCB
20121219,158.90625,160.18750,158.50000,159.37500,59774,354885,UL2__CCB
20121220,159.34375,160.28125,158.84375,159.31250,52965,351560,UL2__CCB
20121221,159.31250,161.25000,159.25000,161.09375,40039,350420,UL2__CCB
20121224,160.84375,160.90625,160.43750,160.68750,4691,350241,UL2__CCB
20121226,160.25000,161.28125,160.25000,160.81250,9560,349742,UL2__CCB
20121227,161.12500,162.53125,160.03125,162.21875,36615,348117,UL2__CCB
20121228,161.50000,162.84375,161.31250,162.21875,22089,348435,UL2__CCB
20121231,162.34375,162.84375,159.59375,160.93750,27546,348555,UL2__CCB
20130102,159.21875,159.34375,157.53125,157.90625,49794,350494,UL2__CCB
20130103,157.87500,158.40625,155.62500,156.21875,72557,352390,UL2__CCB
20130104,155.59375,156.59375,154.37500,156.12500,69722,354280,UL2__CCB
20130107,156.31250,157.09375,155.90625,156.43750,39352,353040,UL2__CCB
20130108,156.53125,157.46875,156.21875,157.12500,48215,351274,UL2__CCB
20130109,157.12500,157.75000,156.53125,157.59375,57748,354325,UL2__CCB
20130110,157.28125,157.43750,156.25000,156.93750,70685,355802,UL2__CCB
20130111,156.65625,158.15625,156.18750,157.56250,49039,358521,UL2__CCB
20130114,157.75000,158.84375,157.43750,157.90625,41568,359545,UL2__CCB
20130115,158.12500,159.34375,158.00000,158.62500,56001,357653,UL2__CCB
20130116,158.37500,159.46875,158.31250,158.59375,51620,355213,UL2__CCB
20130117,158.65625,159.18750,156.78125,157.28125,50436,356770,UL2__CCB
20130118,157.28125,158.46875,156.90625,158.28125,41411,357215,UL2__CCB
20130122,158.21875,158.71875,157.37500,158.59375,35017,357437,UL2__CCB
20130123,158.34375,159.03125,158.28125,158.40625,36329,357352,UL2__CCB
20130124,158.68750,159.12500,157.37500,158.12500,47133,358785,UL2__CCB
20130125,157.84375,158.03125,155.50000,155.65625,65823,362381,UL2__CCB
20130128,155.46875,156.18750,154.46875,155.34375,72694,367350,UL2__CCB
20130129,155.50000,155.93750,154.34375,154.87500,62324,364841,UL2__CCB
20130130,154.37500,155.21875,153.50000,154.12500,80019,365477,UL2__CCB
20130131,154.43750,155.15625,154.03125,154.87500,70660,370815,UL2__CCB
20130201,154.78125,156.00000,153.09375,153.84375,88998,372568,UL2__CCB
20130204,153.46875,155.21875,152.71875,154.59375,68443,370690,UL2__CCB
20130205,154.96875,155.18750,153.37500,153.53125,61293,371564,UL2__CCB
20130206,153.75000,154.93750,153.28125,154.46875,76328,370530,UL2__CCB
20130207,154.68750,155.56250,153.78125,154.87500,70094,369145,UL2__CCB
20130208,154.59375,155.28125,153.78125,154.75000,66026,365702,UL2__CCB
20130211,154.71875,155.21875,154.15625,155.18750,47885,363721,UL2__CCB
20130212,154.62500,154.93750,154.09375,154.21875,49083,364730,UL2__CCB
20130213,154.34375,154.50000,152.87500,153.43750,61075,364848,UL2__CCB
20130214,153.03125,154.87500,152.90625,154.62500,90966,369201,UL2__CCB
20130215,154.68750,155.25000,153.68750,154.37500,48817,369302,UL2__CCB
20130219,154.18750,154.87500,153.43750,153.75000,51905,368403,UL2__CCB
20130220,153.59375,154.09375,152.84375,153.62500,89739,368847,UL2__CCB
20130221,153.87500,155.25000,153.68750,154.68750,121203,347979,UL2__CCB
20130222,154.65625,155.21875,154.18750,154.96875,105421,315057,UL2__CCB
20130225,154.90625,157.84375,153.87500,156.68750,232836,246768,UL2__CCB
20130226,157.46875,158.34375,156.81250,157.15625,272983,129432,UL2__CCB
20130227,157.06250,158.21875,156.03125,156.34375,123016,360838,UL2__CCB
20130228,156.46875,157.15625,156.00000,156.53125,109533,368988,UL2__CCB
20130301,156.81250,157.93750,156.75000,157.31250,73848,371286,UL2__CCB
20130304,157.71875,158.09375,156.59375,156.65625,39228,370453,UL2__CCB
20130305,156.68750,156.84375,155.84375,156.18750,48282,371260,UL2__CCB
20130306,156.15625,156.18750,154.71875,154.93750,61039,370131,UL2__CCB
20130307,155.03125,155.43750,153.46875,153.62500,58606,369621,UL2__CCB
20130308,153.50000,153.59375,151.43750,152.21875,86603,370698,UL2__CCB
20130311,152.28125,152.71875,151.81250,152.28125,59257,373709,UL2__CCB
20130312,152.15625,153.40625,151.65625,153.21875,55013,379195,UL2__CCB
20130313,153.28125,153.71875,152.43750,153.21875,68115,378874,UL2__CCB
20130314,153.15625,153.25000,152.09375,152.50000,79411,378254,UL2__CCB
20130315,152.59375,153.56250,152.34375,153.09375,59067,379840,UL2__CCB
20130318,153.71875,156.06250,153.71875,154.21875,69123,378343,UL2__CCB
20130319,154.21875,156.21875,153.93750,155.59375,80423,378781,UL2__CCB
20130320,155.65625,156.06250,153.68750,154.56250,67569,377300,UL2__CCB
20130321,153.81250,155.71875,153.62500,155.06250,78434,376395,UL2__CCB
20130322,155.62500,156.06250,154.71875,155.59375,60806,377886,UL2__CCB
20130325,155.28125,156.03125,154.06250,155.40625,72279,378644,UL2__CCB
20130326,155.18750,155.81250,154.68750,155.68750,51477,374984,UL2__CCB
20130327,155.40625,157.34375,155.15625,156.71875,93465,375227,UL2__CCB
20130328,156.75000,157.28125,155.93750,156.12500,68283,371800,UL2__CCB
20130401,155.75000,157.21875,155.46875,156.93750,39472,371093,UL2__CCB
20130402,157.15625,157.50000,156.28125,156.50000,58872,370126,UL2__CCB
20130403,156.56250,158.31250,156.12500,157.78125,77332,374285,UL2__CCB
20130404,158.09375,159.81250,157.50000,159.75000,96069,375528,UL2__CCB
20130405,159.62500,163.59375,159.43750,163.06250,116745,377435,UL2__CCB
20130408,162.78125,162.96875,161.43750,161.93750,59533,379625,UL2__CCB
20130409,161.50000,162.06250,160.87500,161.21875,64721,382700,UL2__CCB
20130410,161.12500,161.34375,159.09375,159.18750,88168,382150,UL2__CCB
20130411,159.21875,159.84375,159.06250,159.46875,68639,384413,UL2__CCB
20130412,159.40625,161.78125,159.40625,161.68750,72057,385007,UL2__CCB
20130415,161.68750,163.34375,161.00000,162.68750,64854,385007,UL2__CCB
20130416,163.18750,163.40625,161.56250,162.12500,56098,384762,UL2__CCB
20130417,161.84375,163.78125,161.84375,162.59375,74685,385804,UL2__CCB
20130418,162.90625,163.43750,161.96875,163.28125,56165,384834,UL2__CCB
20130419,163.28125,163.31250,162.50000,162.81250,48287,386057,UL2__CCB
20130422,162.75000,163.50000,161.68750,162.90625,65269,395115,UL2__CCB
20130423,162.93750,164.59375,162.21875,162.71875,70690,395433,UL2__CCB
20130424,162.31250,162.93750,161.81250,162.81250,51296,396482,UL2__CCB
20130425,162.59375,162.75000,161.96875,162.28125,61896,404456,UL2__CCB
20130426,162.37500,163.84375,162.15625,163.71875,54441,404652,UL2__CCB
20130429,163.59375,164.09375,162.81250,163.25000,52372,399546,UL2__CCB
20130430,163.15625,164.00000,162.68750,162.87500,80460,396197,UL2__CCB
20130501,163.09375,164.96875,162.75000,164.18750,47463,396937,UL2__CCB
20130502,164.37500,164.78125,163.43750,164.50000,73512,399842,UL2__CCB
20130503,164.68750,164.78125,160.59375,160.87500,99081,395529,UL2__CCB
20130506,160.96875,161.43750,160.00000,160.06250,49015,398375,UL2__CCB
20130507,160.31250,160.84375,159.53125,159.62500,56295,398981,UL2__CCB
20130508,159.78125,160.59375,159.18750,160.34375,52939,400475,UL2__CCB
20130509,160.00000,161.31250,159.50000,159.81250,84164,400290,UL2__CCB
20130510,159.84375,159.96875,156.75000,157.46875,87034,402474,UL2__CCB
20130513,157.37500,157.75000,156.43750,156.78125,69931,397719,UL2__CCB
20130514,156.78125,157.50000,154.87500,155.87500,66687,395219,UL2__CCB
20130515,155.15625,156.59375,154.96875,156.00000,74225,395284,UL2__CCB
20130516,156.09375,158.15625,155.62500,157.93750,76945,392998,UL2__CCB
20130517,157.59375,158.15625,155.68750,155.84375,64784,394305,UL2__CCB
20130520,155.93750,156.90625,155.34375,155.59375,60137,388929,UL2__CCB
20130521,155.65625,156.81250,154.93750,156.21875,66743,379691,UL2__CCB
20130522,156.68750,157.62500,154.06250,154.68750,138203,366839,UL2__CCB
20130523,154.40625,156.37500,153.87500,154.93750,105377,350909,UL2__CCB
20130524,155.06250,156.21875,154.59375,155.62500,76350,331331,UL2__CCB
20130528,155.21875,155.59375,151.37500,152.59375,164216,278795,UL2__CCB
20130529,151.81250,153.34375,150.65625,152.96875,293316,326498,UL2__CCB
20130530,153.15625,153.59375,152.37500,152.59375,98096,367977,UL2__CCB
20130531,152.96875,153.96875,150.59375,152.12500,178037,380653,UL2__CCB
20130603,152.21875,154.00000,151.25000,152.68750,98570,383001,UL2__CCB
20130604,153.03125,153.25000,151.62500,152.15625,59306,381699,UL2__CCB
20130605,151.71875,153.75000,151.59375,153.15625,67608,385488,UL2__CCB
20130606,153.53125,155.65625,152.40625,153.81250,82286,388055,UL2__CCB
20130607,153.50000,154.53125,150.93750,151.53125,81968,388480,UL2__CCB
20130610,151.15625,151.71875,149.96875,150.28125,54045,387320,UL2__CCB
20130611,150.31250,152.00000,148.65625,151.18750,85076,386156,UL2__CCB
20130612,151.65625,151.93750,149.84375,150.09375,61975,384444,UL2__CCB
20130613,150.28125,152.40625,150.09375,151.50000,102019,377119,UL2__CCB
20130614,151.71875,153.06250,151.46875,152.43750,57825,376351,UL2__CCB
20130617,152.18750,152.59375,150.81250,151.09375,35345,378536,UL2__CCB
20130618,151.06250,151.71875,150.37500,151.28125,43213,376444,UL2__CCB
20130619,151.15625,151.84375,148.93750,149.40625,68057,380501,UL2__CCB
20130620,149.34375,149.56250,145.87500,146.75000,105233,381902,UL2__CCB
20130621,146.75000,147.81250,144.62500,145.46875,86029,381925,UL2__CCB
20130624,145.34375,146.03125,143.34375,145.68750,91705,381036,UL2__CCB
20130625,145.96875,146.75000,143.84375,144.34375,73456,378032,UL2__CCB
20130626,144.06250,145.75000,143.59375,145.37500,63899,375278,UL2__CCB
20130627,145.40625,146.90625,144.81250,146.12500,69204,376690,UL2__CCB
20130628,146.50000,147.56250,145.25000,147.31250,90964,377771,UL2__CCB
20130701,147.09375,147.87500,145.84375,147.46875,45065,377230,UL2__CCB
20130702,147.75000,148.37500,147.53125,147.96875,50964,0,UL2__CCB
