20090914,54.30000,55.30000,53.30000,54.30000,250,250,WAW__CCB
20090915,49.30000,50.80000,49.30000,50.80000,110,360,WAW__CCB
20090916,50.30000,50.80000,50.30000,50.80000,50,410,WAW__CCB
20090917,49.30000,49.30000,49.30000,49.30000,200,610,WAW__CCB
20090918,49.30000,49.30000,49.30000,49.30000,0,610,WAW__CCB
20090921,46.30000,46.30000,46.30000,46.30000,100,710,WAW__CCB
20090922,45.30000,50.30000,45.30000,50.30000,100,760,WAW__CCB
20090923,48.30000,48.30000,48.30000,48.30000,0,760,WAW__CCB
20090924,46.30000,46.30000,46.30000,46.30000,470,1210,WAW__CCB
20090925,53.30000,53.30000,52.80000,52.80000,50,1210,WAW__CCB
20090928,47.30000,47.30000,47.30000,47.30000,0,1210,WAW__CCB
20090929,55.80000,55.80000,55.80000,55.80000,500,1679,WAW__CCB
20090930,50.30000,50.30000,49.30000,49.30000,250,1759,WAW__CCB
20091001,46.30000,46.80000,46.30000,46.80000,200,1869,WAW__CCB
20091002,46.30000,49.80000,46.30000,49.80000,15,2069,WAW__CCB
20091005,49.30000,49.30000,49.30000,49.30000,0,2084,WAW__CCB
20091006,48.30000,48.30000,48.30000,48.30000,0,2084,WAW__CCB
20091007,49.30000,49.30000,49.30000,49.30000,0,2084,WAW__CCB
20091008,51.80000,51.80000,51.80000,51.80000,0,2084,WAW__CCB
20091009,51.30000,51.30000,50.30000,50.30000,130,2084,WAW__CCB
20091012,50.80000,50.80000,50.80000,50.80000,0,2214,WAW__CCB
20091013,54.30000,54.80000,51.30000,54.30000,760,2674,WAW__CCB
20091014,57.30000,57.30000,57.30000,57.30000,0,2639,WAW__CCB
20091015,54.30000,54.30000,54.30000,54.30000,400,2739,WAW__CCB
20091016,53.80000,53.80000,53.80000,53.80000,250,3189,WAW__CCB
20091019,53.80000,53.80000,53.80000,53.80000,0,3189,WAW__CCB
20091020,58.30000,58.30000,54.80000,54.80000,100,3239,WAW__CCB
20091021,55.80000,55.80000,55.80000,55.80000,200,3424,WAW__CCB
20091022,60.30000,60.30000,60.30000,60.30000,0,3424,WAW__CCB
20091023,64.30000,64.30000,62.30000,62.30000,817,4016,WAW__CCB
20091026,67.30000,68.30000,67.30000,68.30000,675,4259,WAW__CCB
20091027,59.80000,59.80000,59.80000,59.80000,200,4259,WAW__CCB
20091028,56.30000,56.30000,52.80000,52.80000,15,4274,WAW__CCB
20091029,52.30000,52.30000,52.30000,52.30000,0,4274,WAW__CCB
20091030,54.30000,54.30000,54.30000,54.30000,0,4274,WAW__CCB
20091102,48.30000,54.30000,48.30000,54.30000,100,4259,WAW__CCB
20091103,54.30000,54.30000,54.30000,54.30000,0,4359,WAW__CCB
20091104,56.80000,56.80000,56.80000,56.80000,0,4259,WAW__CCB
20091105,56.30000,56.30000,56.30000,56.30000,0,4259,WAW__CCB
20091106,52.30000,57.30000,52.30000,57.30000,1,4260,WAW__CCB
20091109,51.30000,51.30000,51.30000,51.30000,0,4258,WAW__CCB
20091110,53.30000,53.30000,53.30000,53.30000,50,4308,WAW__CCB
20091111,54.30000,55.80000,54.30000,55.80000,200,4458,WAW__CCB
20091112,57.30000,57.30000,56.30000,56.80000,300,4658,WAW__CCB
20091113,58.30000,58.30000,58.30000,58.30000,0,4758,WAW__CCB
20091116,58.30000,58.30000,58.30000,58.30000,200,4758,WAW__CCB
20091117,65.30000,65.30000,64.30000,65.30000,500,5158,WAW__CCB
20091118,68.30000,69.10000,68.30000,69.10000,200,5258,WAW__CCB
20091119,66.30000,66.90000,66.30000,66.90000,200,5308,WAW__CCB
20091120,69.30000,69.30000,69.30000,69.30000,0,5308,WAW__CCB
20091123,69.30000,69.30000,69.30000,69.30000,0,5308,WAW__CCB
20091124,67.30000,67.30000,67.30000,67.30000,100,5308,WAW__CCB
20091125,65.60000,65.60000,65.60000,65.60000,300,5108,WAW__CCB
20091126,69.80000,69.80000,69.80000,69.80000,0,4908,WAW__CCB
20091127,67.30000,67.30000,66.30000,67.30000,200,5008,WAW__CCB
20091130,68.80000,68.80000,68.80000,68.80000,0,5108,WAW__CCB
20091201,69.80000,69.80000,69.80000,69.80000,0,5008,WAW__CCB
20091202,65.30000,67.30000,65.30000,67.30000,150,5008,WAW__CCB
20091203,66.30000,66.30000,66.30000,66.30000,0,5158,WAW__CCB
20091204,63.40000,63.40000,63.40000,63.40000,450,5608,WAW__CCB
20091207,62.80000,62.80000,62.80000,62.80000,1850,6378,WAW__CCB
20091208,61.30000,61.30000,60.40000,60.40000,150,6444,WAW__CCB
20091209,57.90000,57.90000,57.90000,57.90000,450,6444,WAW__CCB
20091210,56.80000,56.80000,56.80000,56.80000,0,6594,WAW__CCB
20091211,56.80000,56.80000,56.80000,56.80000,0,6144,WAW__CCB
20091214,56.30000,57.30000,55.80000,56.30000,970,6544,WAW__CCB
20091215,57.80000,57.80000,57.80000,57.80000,0,6829,WAW__CCB
20091216,59.80000,59.80000,59.80000,59.80000,0,6829,WAW__CCB
20091217,64.30000,64.30000,64.30000,64.30000,0,6829,WAW__CCB
20091218,64.30000,64.30000,58.80000,58.80000,25,6819,WAW__CCB
20091221,59.80000,59.80000,59.80000,59.80000,0,6819,WAW__CCB
20091222,59.30000,60.30000,59.30000,60.30000,500,7119,WAW__CCB
20091223,61.30000,61.30000,61.30000,61.30000,110,7119,WAW__CCB
20091224,59.10000,59.10000,59.10000,59.10000,0,7119,WAW__CCB
20091229,59.10000,59.10000,59.10000,59.10000,0,7119,WAW__CCB
20091230,63.30000,63.30000,63.30000,63.30000,0,6269,WAW__CCB
20091231,61.30000,61.30000,61.30000,61.30000,25,6294,WAW__CCB
20100104,61.30000,63.30000,61.30000,63.30000,750,13321,WAW__CCB
20100105,63.30000,70.80000,63.30000,70.80000,50,12471,WAW__CCB
20100106,63.30000,66.60000,63.30000,66.60000,40,12471,WAW__CCB
20100107,69.30000,69.30000,69.30000,69.30000,300,12811,WAW__CCB
20100108,61.30000,64.30000,61.30000,64.30000,450,13111,WAW__CCB
20100111,63.30000,68.30000,63.30000,68.30000,450,13261,WAW__CCB
20100112,61.30000,61.30000,59.80000,59.80000,500,13261,WAW__CCB
20100113,53.30000,53.30000,50.30000,53.30000,36,13497,WAW__CCB
20100114,56.80000,56.80000,56.80000,56.80000,0,13497,WAW__CCB
20100115,54.30000,54.30000,54.30000,54.30000,0,13497,WAW__CCB
20100118,53.30000,53.30000,49.80000,49.80000,710,13197,WAW__CCB
20100119,52.30000,52.30000,52.30000,52.30000,2672,15919,WAW__CCB
20100120,49.30000,49.30000,48.60000,48.60000,550,16359,WAW__CCB
20100121,50.30000,50.30000,50.30000,50.30000,0,16359,WAW__CCB
20100122,53.30000,53.30000,53.30000,53.30000,0,16359,WAW__CCB
20100125,53.30000,53.30000,53.30000,53.30000,400,16409,WAW__CCB
20100127,52.80000,52.80000,52.80000,52.80000,0,16459,WAW__CCB
20100128,52.30000,52.30000,52.30000,52.30000,0,16459,WAW__CCB
20100129,50.30000,51.80000,50.30000,51.80000,550,17009,WAW__CCB
20100201,49.80000,49.80000,49.80000,49.80000,0,17009,WAW__CCB
20100202,54.30000,54.30000,54.30000,54.30000,0,17009,WAW__CCB
20100203,55.80000,55.80000,55.80000,55.80000,0,17009,WAW__CCB
20100204,54.80000,54.80000,53.80000,53.80000,650,17009,WAW__CCB
20100205,55.80000,55.80000,55.80000,55.80000,0,16909,WAW__CCB
20100208,58.30000,58.30000,58.30000,58.30000,0,16909,WAW__CCB
20100209,59.30000,61.80000,59.30000,61.80000,100,16909,WAW__CCB
20100210,59.30000,59.30000,59.30000,59.30000,0,17009,WAW__CCB
20100211,59.30000,61.80000,59.30000,61.80000,165,17024,WAW__CCB
20100212,59.80000,59.80000,59.80000,59.80000,1625,16524,WAW__CCB
20100215,60.80000,60.80000,60.80000,60.80000,0,16824,WAW__CCB
20100216,61.80000,61.80000,61.80000,61.80000,690,17514,WAW__CCB
20100217,63.30000,64.30000,63.30000,64.30000,555,17514,WAW__CCB
20100218,62.30000,62.30000,61.30000,62.30000,600,15469,WAW__CCB
20100219,57.30000,57.30000,57.30000,57.30000,0,15564,WAW__CCB
20100222,58.30000,58.30000,58.30000,58.30000,0,14764,WAW__CCB
20100223,61.30000,61.30000,61.30000,61.30000,3662,15551,WAW__CCB
20100224,60.30000,62.80000,60.30000,62.80000,250,15676,WAW__CCB
20100225,64.30000,64.30000,64.30000,64.30000,750,11749,WAW__CCB
20100226,61.30000,61.30000,59.80000,59.80000,331,8877,WAW__CCB
20100301,59.80000,59.80000,59.80000,59.80000,0,7087,WAW__CCB
20100302,54.30000,54.30000,54.30000,54.30000,33,4458,WAW__CCB
20100303,61.30000,61.30000,61.30000,61.30000,0,4491,WAW__CCB
20100304,62.30000,62.30000,62.30000,62.30000,0,4491,WAW__CCB
20100305,62.30000,62.30000,62.30000,62.30000,200,4691,WAW__CCB
20100308,62.30000,62.30000,62.30000,62.30000,0,4691,WAW__CCB
20100309,62.30000,62.30000,62.30000,62.30000,50,4741,WAW__CCB
20100310,56.10000,56.10000,56.10000,56.10000,0,4741,WAW__CCB
20100311,52.10000,52.10000,52.10000,52.10000,400,4741,WAW__CCB
20100312,53.80000,53.80000,53.80000,53.80000,600,5141,WAW__CCB
20100315,52.80000,52.80000,52.80000,52.80000,131,5472,WAW__CCB
20100316,56.30000,56.30000,56.30000,56.30000,0,5472,WAW__CCB
20100317,57.30000,57.30000,57.30000,57.30000,0,5472,WAW__CCB
20100318,58.30000,58.30000,58.30000,58.30000,0,5472,WAW__CCB
20100319,56.80000,56.80000,56.80000,56.80000,0,5472,WAW__CCB
20100322,55.80000,55.80000,55.80000,55.80000,0,5472,WAW__CCB
20100323,55.80000,55.80000,55.80000,55.80000,0,5472,WAW__CCB
20100324,54.80000,54.80000,54.80000,54.80000,0,5472,WAW__CCB
20100325,54.30000,54.30000,54.30000,54.30000,0,5472,WAW__CCB
20100326,52.80000,52.80000,51.30000,51.30000,50,5522,WAW__CCB
20100329,51.80000,51.80000,51.80000,51.80000,0,5522,WAW__CCB
20100330,48.80000,48.80000,44.80000,46.80000,250,5755,WAW__CCB
20100331,50.30000,50.30000,50.30000,50.30000,0,5755,WAW__CCB
20100401,46.30000,46.30000,46.30000,46.30000,0,5755,WAW__CCB
20100406,46.30000,46.30000,46.30000,46.30000,0,5755,WAW__CCB
20100407,44.80000,44.80000,44.80000,44.80000,200,5755,WAW__CCB
20100408,44.50000,44.50000,44.50000,44.50000,100,5955,WAW__CCB
20100409,46.60000,46.60000,46.60000,46.60000,200,5455,WAW__CCB
20100412,38.30000,38.30000,38.30000,38.30000,0,5455,WAW__CCB
20100413,41.60000,41.60000,41.60000,41.60000,0,5455,WAW__CCB
20100414,45.80000,45.80000,45.80000,45.80000,650,5905,WAW__CCB
20100415,43.80000,43.80000,43.80000,43.80000,0,4805,WAW__CCB
20100416,45.80000,47.30000,45.80000,47.30000,50,4772,WAW__CCB
20100419,48.80000,49.30000,48.80000,49.30000,187,4772,WAW__CCB
20100420,46.80000,46.80000,46.80000,46.80000,0,4772,WAW__CCB
20100421,50.30000,50.30000,50.30000,50.30000,400,4772,WAW__CCB
20100422,50.30000,50.30000,50.30000,50.30000,0,4372,WAW__CCB
20100423,54.10000,54.10000,53.50000,54.10000,1050,3439,WAW__CCB
20100427,53.10000,53.10000,53.10000,53.10000,0,3439,WAW__CCB
20100428,53.30000,53.30000,53.30000,53.30000,0,3239,WAW__CCB
20100429,54.30000,54.30000,54.30000,54.30000,0,3239,WAW__CCB
20100430,54.60000,54.60000,54.60000,54.60000,0,3239,WAW__CCB
20100503,56.80000,56.80000,56.80000,56.80000,2074,5759,WAW__CCB
20100504,56.30000,56.30000,56.30000,56.30000,0,6596,WAW__CCB
20100505,61.80000,61.80000,61.80000,61.80000,0,6596,WAW__CCB
20100506,60.80000,60.80000,60.80000,60.80000,0,6596,WAW__CCB
20100507,61.80000,61.80000,61.80000,61.80000,0,6596,WAW__CCB
20100510,59.80000,59.80000,59.80000,59.80000,0,6596,WAW__CCB
20100511,57.80000,57.80000,57.80000,57.80000,0,6596,WAW__CCB
20100512,59.60000,59.60000,59.60000,59.60000,0,6596,WAW__CCB
20100513,61.80000,61.80000,61.80000,61.80000,0,6596,WAW__CCB
20100514,57.60000,57.60000,57.60000,57.60000,0,6596,WAW__CCB
20100517,58.80000,60.30000,58.80000,60.30000,600,6846,WAW__CCB
20100518,60.30000,60.30000,60.30000,60.30000,0,6096,WAW__CCB
20100519,63.30000,63.30000,63.30000,63.30000,0,6096,WAW__CCB
20100520,67.80000,67.80000,67.80000,67.80000,0,6096,WAW__CCB
20100521,63.80000,63.80000,63.80000,63.80000,0,6096,WAW__CCB
20100524,66.30000,66.30000,66.30000,66.30000,0,6096,WAW__CCB
20100525,66.30000,66.30000,66.30000,66.30000,0,6096,WAW__CCB
20100526,68.30000,69.30000,68.30000,69.30000,270,6146,WAW__CCB
20100527,68.30000,68.30000,68.30000,68.30000,0,5916,WAW__CCB
20100528,64.30000,64.30000,64.30000,64.30000,0,5816,WAW__CCB
20100531,61.80000,61.80000,61.80000,61.80000,0,5816,WAW__CCB
20100601,63.40000,63.40000,63.40000,63.40000,0,5816,WAW__CCB
20100602,61.80000,62.30000,61.10000,61.10000,315,6046,WAW__CCB
20100603,51.30000,51.30000,51.30000,51.30000,0,6031,WAW__CCB
20100604,57.30000,57.30000,57.30000,57.30000,0,6031,WAW__CCB
20100607,59.30000,59.30000,59.30000,59.30000,0,6031,WAW__CCB
20100608,58.80000,58.80000,58.80000,58.80000,0,6031,WAW__CCB
20100609,58.30000,58.30000,58.30000,58.30000,0,6031,WAW__CCB
20100610,52.80000,53.80000,52.80000,53.80000,650,5831,WAW__CCB
20100611,52.30000,52.30000,52.30000,52.30000,0,5831,WAW__CCB
20100615,54.30000,54.30000,54.30000,54.30000,0,5831,WAW__CCB
20100616,54.30000,54.30000,54.30000,54.30000,250,6081,WAW__CCB
20100617,55.80000,55.80000,55.80000,55.80000,0,5581,WAW__CCB
20100618,58.80000,58.80000,58.80000,58.80000,0,5581,WAW__CCB
20100621,59.30000,59.30000,59.30000,59.30000,0,5581,WAW__CCB
20100622,56.80000,56.80000,56.80000,56.80000,282,5581,WAW__CCB
20100623,56.80000,56.80000,56.80000,56.80000,0,5581,WAW__CCB
20100624,51.80000,51.80000,51.80000,51.80000,200,5581,WAW__CCB
20100625,51.80000,51.80000,51.80000,51.80000,0,5781,WAW__CCB
20100628,52.80000,52.80000,52.80000,52.80000,500,6081,WAW__CCB
20100629,48.80000,48.80000,48.80000,48.80000,0,5581,WAW__CCB
20100630,53.30000,53.30000,53.30000,53.30000,0,4744,WAW__CCB
20100701,58.80000,58.80000,58.30000,58.30000,250,4744,WAW__CCB
20100702,61.30000,61.30000,61.30000,61.30000,250,12126,WAW__CCB
20100705,61.30000,62.30000,61.30000,62.30000,200,12126,WAW__CCB
20100706,65.30000,67.30000,65.30000,67.30000,300,12326,WAW__CCB
20100707,65.80000,65.80000,65.80000,65.80000,0,12376,WAW__CCB
20100708,70.30000,71.30000,70.30000,71.30000,105,12326,WAW__CCB
20100709,76.30000,76.30000,73.80000,73.80000,520,12401,WAW__CCB
20100712,72.80000,72.80000,72.80000,72.80000,200,12601,WAW__CCB
20100713,72.80000,72.80000,72.80000,72.80000,0,12201,WAW__CCB
20100714,77.30000,77.30000,77.30000,77.30000,965,12966,WAW__CCB
20100715,80.30000,81.30000,80.30000,81.30000,30,12766,WAW__CCB
20100716,91.30000,91.80000,90.30000,91.80000,2000,14046,WAW__CCB
20100719,96.80000,96.80000,96.80000,96.80000,0,14226,WAW__CCB
20100720,88.30000,88.30000,88.30000,88.30000,250,14396,WAW__CCB
20100721,86.30000,88.30000,86.30000,88.30000,5,14201,WAW__CCB
20100722,92.30000,93.30000,92.30000,93.30000,900,14201,WAW__CCB
20100723,93.80000,93.80000,93.80000,93.80000,0,15101,WAW__CCB
20100726,92.30000,92.30000,92.30000,92.30000,0,15101,WAW__CCB
20100727,88.80000,88.80000,88.80000,88.80000,298,15149,WAW__CCB
20100728,93.80000,93.80000,93.80000,93.80000,279,15224,WAW__CCB
20100729,96.30000,103.80000,96.30000,103.80000,2668,15621,WAW__CCB
20100730,109.30000,110.30000,109.30000,109.80000,1005,16455,WAW__CCB
20100802,123.30000,126.30000,123.30000,126.30000,150,16505,WAW__CCB
20100803,130.30000,132.80000,122.30000,132.80000,1275,17255,WAW__CCB
20100804,130.30000,130.30000,130.30000,130.30000,1000,17157,WAW__CCB
20100805,148.30000,149.20000,147.80000,147.80000,1400,17057,WAW__CCB
20100806,183.30000,183.30000,173.30000,181.00000,490,17047,WAW__CCB
20100809,138.30000,138.30000,132.30000,132.30000,1940,17047,WAW__CCB
20100810,134.30000,134.30000,134.30000,134.30000,100,18887,WAW__CCB
20100811,137.30000,137.80000,137.30000,137.80000,1300,19987,WAW__CCB
20100812,138.30000,138.30000,138.30000,138.30000,365,19837,WAW__CCB
20100813,140.30000,140.30000,140.30000,140.30000,100,19852,WAW__CCB
20100816,137.80000,137.80000,137.80000,137.80000,0,19852,WAW__CCB
20100817,130.30000,131.30000,127.80000,127.80000,750,20502,WAW__CCB
20100818,128.80000,128.80000,128.80000,128.80000,200,20602,WAW__CCB
20100819,136.60001,136.60001,136.60001,136.60001,835,21147,WAW__CCB
20100820,143.80000,145.30000,143.30000,145.30000,899,20897,WAW__CCB
20100823,146.30000,146.30000,146.30000,146.30000,200,20611,WAW__CCB
20100824,149.80000,149.80000,149.80000,149.80000,0,20811,WAW__CCB
20100825,142.80000,142.80000,142.80000,142.80000,0,20811,WAW__CCB
20100826,139.30000,139.30000,139.30000,139.30000,0,20811,WAW__CCB
20100827,141.30000,143.80000,139.80000,139.80000,176,20811,WAW__CCB
20100830,149.10001,149.10001,149.10001,149.10001,0,20987,WAW__CCB
20100831,146.30000,146.30000,145.80000,145.80000,150,21137,WAW__CCB
20100901,143.30000,143.30000,141.30000,141.30000,160,21237,WAW__CCB
20100902,148.30000,149.80000,148.30000,149.80000,0,21237,WAW__CCB
20100903,148.80000,148.80000,148.80000,148.80000,200,21687,WAW__CCB
20100906,159.30000,159.30000,159.30000,159.30000,0,21562,WAW__CCB
20100907,156.30000,158.80000,156.30000,158.80000,250,21562,WAW__CCB
20100908,157.30000,157.30000,153.30000,153.80000,1600,21812,WAW__CCB
20100909,145.10001,145.10001,145.10001,145.10001,0,21407,WAW__CCB
20100910,151.30000,151.30000,151.30000,151.30000,50,21357,WAW__CCB
20100913,155.30000,155.30000,150.80000,150.80000,625,21582,WAW__CCB
20100914,152.30000,152.30000,152.30000,152.30000,635,22242,WAW__CCB
20100915,144.80000,144.80000,144.80000,144.80000,50,22242,WAW__CCB
20100916,140.30000,140.30000,140.30000,140.30000,0,22242,WAW__CCB
20100917,140.30000,140.30000,140.30000,140.30000,0,22242,WAW__CCB
20100920,153.30000,153.30000,153.30000,153.30000,0,22217,WAW__CCB
20100921,143.30000,143.30000,143.30000,143.30000,0,22217,WAW__CCB
20100922,141.80000,141.80000,141.80000,141.80000,250,22467,WAW__CCB
20100923,137.30000,141.30000,137.30000,140.10001,175,22642,WAW__CCB
20100924,138.80000,139.10001,138.80000,139.10001,80,22642,WAW__CCB
20100927,142.60001,142.60001,142.60001,142.60001,0,22717,WAW__CCB
20100928,138.80000,141.80000,138.30000,141.80000,350,22767,WAW__CCB
20100929,130.30000,130.30000,130.30000,130.30000,0,22807,WAW__CCB
20100930,136.30000,136.30000,134.10001,134.10001,1190,23147,WAW__CCB
20101001,130.30000,130.30000,129.60001,129.60001,150,23797,WAW__CCB
20101004,123.30000,123.30000,123.30000,123.30000,0,23797,WAW__CCB
20101005,119.80000,119.80000,119.80000,119.80000,0,23797,WAW__CCB
20101006,127.30000,128.30000,127.30000,127.30000,143,23797,WAW__CCB
20101007,121.80000,121.80000,121.80000,121.80000,450,23597,WAW__CCB
20101008,125.30000,126.80000,125.30000,126.80000,995,23997,WAW__CCB
20101011,137.80000,144.30000,137.80000,144.30000,200,23997,WAW__CCB
20101012,142.30000,142.30000,135.30000,135.30000,500,24147,WAW__CCB
20101013,137.10001,137.10001,137.10001,137.10001,300,24147,WAW__CCB
20101014,132.10001,132.10001,132.10001,132.10001,0,24147,WAW__CCB
20101015,132.30000,132.30000,132.30000,132.30000,0,24147,WAW__CCB
20101018,132.30000,132.30000,132.30000,132.30000,0,24147,WAW__CCB
20101019,129.30000,131.39999,129.30000,131.39999,360,24257,WAW__CCB
20101020,129.30000,129.30000,128.30000,128.30000,180,24227,WAW__CCB
20101021,130.30000,130.30000,130.30000,130.30000,0,24227,WAW__CCB
20101022,125.80000,125.80000,125.80000,125.80000,0,24227,WAW__CCB
20101025,126.30000,126.30000,126.30000,126.30000,0,24227,WAW__CCB
20101026,124.80000,124.80000,124.80000,124.80000,0,24227,WAW__CCB
20101027,131.30000,131.30000,131.30000,131.30000,0,24227,WAW__CCB
20101028,130.30000,141.30000,126.30000,132.80000,300,24327,WAW__CCB
20101029,138.80000,138.80000,138.80000,138.80000,200,24327,WAW__CCB
20101101,138.80000,140.80000,138.80000,140.80000,175,24327,WAW__CCB
20101102,135.80000,135.80000,135.80000,135.80000,0,24377,WAW__CCB
20101103,130.30000,130.30000,130.30000,130.30000,650,24627,WAW__CCB
20101104,125.30000,125.30000,125.30000,125.30000,0,24627,WAW__CCB
20101105,133.30000,133.30000,133.30000,133.30000,0,24527,WAW__CCB
20101108,135.80000,135.80000,135.80000,135.80000,0,24527,WAW__CCB
20101109,135.80000,135.80000,135.80000,135.80000,0,24252,WAW__CCB
20101110,131.30000,131.30000,131.30000,131.30000,0,24252,WAW__CCB
20101111,131.80000,131.80000,131.80000,131.80000,0,24252,WAW__CCB
20101112,126.30000,129.80000,126.30000,129.80000,316,24352,WAW__CCB
20101115,130.80000,130.80000,130.80000,130.80000,0,24457,WAW__CCB
20101116,126.30000,126.30000,126.30000,126.30000,0,24457,WAW__CCB
20101117,116.30000,120.80000,116.30000,120.80000,250,24457,WAW__CCB
20101118,121.30000,121.30000,119.80000,119.80000,700,24207,WAW__CCB
20101119,125.30000,125.30000,125.30000,125.30000,255,24302,WAW__CCB
20101122,132.60001,132.60001,132.60001,132.60001,200,18300,WAW__CCB
20101123,133.30000,133.30000,133.30000,133.30000,0,18295,WAW__CCB
20101124,140.30000,140.30000,140.30000,140.30000,10,18305,WAW__CCB
20101125,135.60001,135.60001,135.60001,135.60001,0,18305,WAW__CCB
20101126,135.60001,135.60001,135.60001,135.60001,0,18305,WAW__CCB
20101129,135.60001,135.60001,135.60001,135.60001,0,18305,WAW__CCB
20101130,143.80000,143.80000,143.80000,143.80000,0,18305,WAW__CCB
20101201,148.30000,159.30000,148.30000,148.30000,75,18305,WAW__CCB
20101202,171.30000,171.30000,171.30000,171.30000,410,18410,WAW__CCB
20101203,174.30000,174.30000,174.30000,174.30000,270,18210,WAW__CCB
20101206,182.30000,182.30000,182.30000,182.30000,0,18111,WAW__CCB
20101207,191.30000,191.30000,189.80000,189.80000,150,18111,WAW__CCB
20101208,194.30000,194.30000,186.30000,189.10001,100,18241,WAW__CCB
20101209,191.30000,197.30000,191.30000,194.80000,850,18966,WAW__CCB
20101210,191.30000,191.30000,178.80000,178.80000,115,19116,WAW__CCB
20101213,172.30000,172.30000,172.30000,172.30000,0,19116,WAW__CCB
20101214,167.30000,168.30000,157.80000,166.30000,710,19256,WAW__CCB
20101215,166.30000,166.30000,166.30000,166.30000,0,19211,WAW__CCB
20101216,166.30000,166.30000,166.30000,166.30000,700,19911,WAW__CCB
20101217,154.80000,154.80000,154.80000,154.80000,1137,19347,WAW__CCB
20101220,165.30000,166.30000,165.30000,166.30000,140,18097,WAW__CCB
20101221,171.30000,171.30000,171.30000,171.30000,0,18097,WAW__CCB
20101222,166.30000,168.80000,166.30000,168.80000,5,18077,WAW__CCB
20101223,168.80000,168.80000,168.80000,168.80000,0,18082,WAW__CCB
20101224,168.80000,168.80000,168.80000,168.80000,0,18082,WAW__CCB
20101229,171.30000,171.30000,170.30000,171.30000,95,18114,WAW__CCB
20101230,168.30000,168.30000,166.30000,166.30000,50,18077,WAW__CCB
20101231,160.80000,160.80000,160.80000,160.80000,0,18077,WAW__CCB
20110104,160.80000,160.80000,160.80000,160.80000,14,4162,WAW__CCB
20110105,158.80000,158.80000,158.80000,158.80000,0,4162,WAW__CCB
20110106,163.80000,163.80000,163.80000,163.80000,0,4162,WAW__CCB
20110107,156.30000,156.30000,156.30000,156.30000,0,4162,WAW__CCB
20110110,156.80000,156.80000,156.80000,156.80000,0,4107,WAW__CCB
20110111,161.30000,161.30000,161.30000,161.30000,318,4107,WAW__CCB
20110112,165.30000,165.30000,165.30000,165.30000,50,4475,WAW__CCB
20110113,166.80000,166.80000,166.80000,166.80000,0,4475,WAW__CCB
20110114,173.80000,173.80000,173.80000,173.80000,0,4475,WAW__CCB
20110117,173.80000,173.80000,173.80000,173.80000,0,4475,WAW__CCB
20110118,173.80000,173.80000,173.80000,173.80000,0,4475,WAW__CCB
20110119,179.30000,179.30000,179.30000,179.30000,0,4475,WAW__CCB
20110120,179.30000,179.30000,179.30000,179.30000,0,4475,WAW__CCB
20110121,174.30000,174.30000,174.30000,174.30000,0,4475,WAW__CCB
20110124,173.80000,173.80000,173.80000,173.80000,0,4475,WAW__CCB
20110125,171.30000,171.30000,171.30000,171.30000,0,4475,WAW__CCB
20110127,176.30000,176.30000,176.30000,176.30000,0,4475,WAW__CCB
20110128,176.30000,176.30000,176.30000,176.30000,0,4475,WAW__CCB
20110131,176.30000,176.30000,176.30000,176.30000,0,4475,WAW__CCB
20110201,176.30000,177.10001,176.30000,177.10001,100,4475,WAW__CCB
20110202,177.80000,177.80000,177.80000,177.80000,0,4375,WAW__CCB
20110203,181.30000,191.30000,181.30000,191.30000,100,4375,WAW__CCB
20110204,188.80000,188.80000,188.80000,188.80000,100,4475,WAW__CCB
20110207,188.80000,188.80000,188.80000,188.80000,0,4375,WAW__CCB
20110208,190.10001,190.10001,190.10001,190.10001,0,4375,WAW__CCB
20110209,194.30000,194.30000,194.30000,194.30000,0,4375,WAW__CCB
20110210,191.80000,191.80000,191.80000,191.80000,0,4275,WAW__CCB
20110211,191.80000,191.80000,191.80000,191.80000,0,4275,WAW__CCB
20110214,191.80000,191.80000,191.80000,191.80000,0,4275,WAW__CCB
20110215,197.80000,197.80000,197.80000,197.80000,0,4275,WAW__CCB
20110216,192.30000,192.30000,192.30000,192.30000,50,4325,WAW__CCB
20110217,195.30000,195.30000,195.30000,195.30000,0,4325,WAW__CCB
20110218,196.30000,196.80000,196.30000,196.80000,500,4575,WAW__CCB
20110221,196.80000,196.80000,196.80000,196.80000,0,4275,WAW__CCB
20110222,197.80000,197.80000,197.80000,197.80000,386,4362,WAW__CCB
20110223,176.30000,182.30000,176.30000,182.30000,200,4362,WAW__CCB
20110224,182.30000,184.30000,182.30000,184.30000,800,4912,WAW__CCB
20110225,184.30000,184.30000,184.30000,184.30000,0,4062,WAW__CCB
20110228,184.30000,184.30000,184.30000,184.30000,0,1742,WAW__CCB
20110301,176.30000,184.30000,176.30000,184.30000,1,1537,WAW__CCB
20110302,184.30000,184.30000,184.30000,184.30000,0,201,WAW__CCB
20110303,184.30000,184.30000,184.30000,184.30000,0,201,WAW__CCB
20110304,184.30000,184.30000,184.30000,184.30000,0,201,WAW__CCB
20110307,184.30000,184.30000,184.30000,184.30000,0,201,WAW__CCB
20110308,184.30000,184.30000,184.30000,184.30000,0,201,WAW__CCB
20110309,184.30000,184.30000,184.30000,184.30000,0,201,WAW__CCB
20110310,184.30000,184.30000,184.30000,184.30000,0,201,WAW__CCB
20110311,192.30000,192.30000,192.30000,192.30000,0,201,WAW__CCB
20110314,192.30000,192.30000,192.30000,192.30000,0,201,WAW__CCB
20110315,186.30000,186.30000,186.30000,186.30000,0,201,WAW__CCB
20110316,186.30000,186.30000,186.30000,186.30000,0,201,WAW__CCB
20110317,186.30000,186.30000,186.30000,186.30000,0,201,WAW__CCB
20110318,186.30000,186.30000,186.30000,186.30000,0,201,WAW__CCB
20110321,186.30000,186.30000,186.30000,186.30000,0,201,WAW__CCB
20110322,186.30000,186.30000,186.30000,186.30000,0,201,WAW__CCB
20110323,186.30000,186.30000,186.30000,186.30000,0,201,WAW__CCB
20110324,186.30000,186.30000,186.30000,186.30000,0,201,WAW__CCB
20110325,186.30000,186.30000,186.30000,186.30000,0,201,WAW__CCB
20110328,186.30000,186.30000,186.30000,186.30000,0,201,WAW__CCB
20110329,186.30000,186.30000,186.30000,186.30000,0,201,WAW__CCB
20110330,186.30000,186.30000,186.30000,186.30000,0,201,WAW__CCB
20110331,186.30000,186.30000,186.30000,186.30000,0,201,WAW__CCB
20110401,186.30000,186.30000,186.30000,186.30000,0,201,WAW__CCB
20110404,186.30000,186.30000,186.30000,186.30000,0,201,WAW__CCB
20110405,186.30000,186.30000,186.30000,186.30000,0,201,WAW__CCB
20110406,186.30000,186.30000,186.30000,186.30000,0,201,WAW__CCB
20110407,186.30000,186.30000,186.30000,186.30000,0,201,WAW__CCB
20110408,186.30000,186.30000,186.30000,186.30000,0,201,WAW__CCB
20110411,186.30000,186.30000,186.30000,186.30000,0,201,WAW__CCB
20110412,186.30000,186.30000,186.30000,186.30000,0,201,WAW__CCB
20110413,186.30000,186.30000,186.30000,186.30000,0,201,WAW__CCB
20110414,186.30000,186.30000,186.30000,186.30000,0,201,WAW__CCB
20110415,186.30000,186.30000,186.30000,186.30000,0,201,WAW__CCB
20110418,186.30000,186.30000,186.30000,186.30000,0,201,WAW__CCB
20110419,186.30000,186.30000,186.30000,186.30000,0,201,WAW__CCB
20110420,186.30000,186.30000,186.30000,186.30000,0,201,WAW__CCB
20110421,186.30000,186.30000,186.30000,186.30000,0,201,WAW__CCB
20110427,186.30000,186.30000,186.30000,186.30000,0,201,WAW__CCB
20110428,206.30000,206.30000,206.30000,206.30000,0,201,WAW__CCB
20110429,213.30000,213.30000,213.30000,213.30000,1,201,WAW__CCB
20110502,213.30000,213.30000,213.30000,213.30000,0,0,WAW__CCB
20110503,213.30000,213.30000,213.30000,213.30000,0,0,WAW__CCB
20110504,213.30000,213.30000,213.30000,213.30000,0,0,WAW__CCB
20110505,213.30000,213.30000,213.30000,213.30000,0,0,WAW__CCB
20110506,213.30000,213.30000,213.30000,213.30000,0,0,WAW__CCB
20110509,213.30000,213.30000,213.30000,213.30000,0,0,WAW__CCB
20110510,213.30000,213.30000,213.30000,213.30000,0,0,WAW__CCB
20110511,213.30000,213.30000,213.30000,213.30000,0,0,WAW__CCB
20110512,213.30000,213.30000,213.30000,213.30000,0,0,WAW__CCB
20110513,213.30000,213.30000,213.30000,213.30000,0,0,WAW__CCB
20110516,213.30000,213.30000,213.30000,213.30000,0,0,WAW__CCB
20110517,213.30000,213.30000,213.30000,213.30000,0,0,WAW__CCB
20110518,213.30000,213.30000,213.30000,213.30000,0,0,WAW__CCB
20110519,213.30000,213.30000,213.30000,213.30000,0,0,WAW__CCB
20110520,213.30000,213.30000,213.30000,213.30000,0,0,WAW__CCB
20110523,213.30000,213.30000,213.30000,213.30000,0,0,WAW__CCB
20110524,213.30000,213.30000,213.30000,213.30000,0,0,WAW__CCB
20110525,213.30000,213.30000,213.30000,213.30000,0,0,WAW__CCB
20110526,213.30000,213.30000,213.30000,213.30000,0,0,WAW__CCB
20110527,213.30000,213.30000,213.30000,213.30000,0,0,WAW__CCB
20110530,213.30000,213.30000,213.30000,213.30000,0,0,WAW__CCB
20110531,213.30000,213.30000,213.30000,213.30000,0,0,WAW__CCB
20110601,213.30000,213.30000,213.30000,213.30000,0,0,WAW__CCB
20110602,213.30000,213.30000,213.30000,213.30000,0,0,WAW__CCB
20110603,213.30000,213.30000,213.30000,213.30000,0,0,WAW__CCB
20110606,213.30000,213.30000,213.30000,213.30000,0,0,WAW__CCB
20110607,213.30000,213.30000,213.30000,213.30000,0,0,WAW__CCB
20110608,213.30000,213.30000,213.30000,213.30000,0,0,WAW__CCB
20110609,213.30000,213.30000,213.30000,213.30000,0,0,WAW__CCB
20110610,213.30000,213.30000,213.30000,213.30000,0,0,WAW__CCB
20110614,213.30000,213.30000,213.30000,213.30000,0,0,WAW__CCB
20110615,213.30000,213.30000,213.30000,213.30000,0,0,WAW__CCB
20110616,213.30000,213.30000,213.30000,213.30000,0,0,WAW__CCB
20110617,213.30000,213.30000,213.30000,213.30000,0,0,WAW__CCB
20110620,213.30000,213.30000,213.30000,213.30000,0,0,WAW__CCB
20110621,213.30000,213.30000,213.30000,213.30000,0,0,WAW__CCB
20110622,213.30000,213.30000,213.30000,213.30000,0,0,WAW__CCB
20110623,213.30000,213.30000,213.30000,213.30000,0,0,WAW__CCB
20110624,213.30000,213.30000,213.30000,213.30000,0,0,WAW__CCB
20110627,213.30000,213.30000,213.30000,213.30000,0,0,WAW__CCB
20110628,213.30000,213.30000,213.30000,213.30000,0,0,WAW__CCB
20110629,213.30000,213.30000,213.30000,213.30000,0,0,WAW__CCB
20110630,213.30000,213.30000,213.30000,213.30000,0,0,WAW__CCB
20110701,213.30000,213.30000,213.30000,213.30000,0,0,WAW__CCB
20110704,215.30000,215.30000,215.30000,215.30000,0,16220,WAW__CCB
20110705,217.30000,217.30000,217.30000,217.30000,0,16220,WAW__CCB
20110706,221.80000,221.80000,221.80000,221.80000,0,16220,WAW__CCB
20110707,218.30000,218.30000,218.30000,218.30000,0,16220,WAW__CCB
20110708,218.80000,218.80000,218.80000,218.80000,250,16220,WAW__CCB
20110711,214.80000,222.60001,214.80000,222.60001,200,16470,WAW__CCB
20110712,215.80000,215.80000,215.80000,215.80000,150,16470,WAW__CCB
20110713,229.30000,229.30000,229.30000,229.30000,150,16670,WAW__CCB
20110714,237.10001,237.10001,237.10001,237.10001,100,16770,WAW__CCB
20110715,231.80000,231.80000,229.80000,230.30000,750,16870,WAW__CCB
20110718,231.10001,231.10001,231.10001,231.10001,450,17870,WAW__CCB
20110719,229.80000,229.80000,229.80000,229.80000,0,17870,WAW__CCB
20110720,231.80000,231.80000,230.80000,230.80000,850,18470,WAW__CCB
20110721,229.80000,229.80000,229.80000,229.80000,405,18475,WAW__CCB
20110722,225.10001,225.10001,225.10001,225.10001,50,18525,WAW__CCB
20110725,223.80000,223.80000,222.80000,223.30000,300,18625,WAW__CCB
20110726,223.10001,223.10001,223.10001,223.10001,200,19025,WAW__CCB
20110727,224.30000,224.30000,224.30000,224.30000,1350,20375,WAW__CCB
20110728,221.30000,223.60001,219.80000,223.60001,1200,19825,WAW__CCB
20110729,222.30000,223.10001,221.80000,223.10001,800,19815,WAW__CCB
20110801,218.30000,218.30000,218.30000,218.30000,100,19815,WAW__CCB
20110802,220.30000,220.30000,220.30000,220.30000,0,19815,WAW__CCB
20110803,235.80000,235.80000,235.80000,235.80000,0,19665,WAW__CCB
20110804,231.10001,231.10001,231.10001,231.10001,0,19665,WAW__CCB
20110805,231.10001,231.10001,231.10001,231.10001,200,19665,WAW__CCB
20110808,230.80000,231.30000,230.80000,231.30000,50,19665,WAW__CCB
20110809,224.80000,226.60001,224.30000,226.60001,550,19715,WAW__CCB
20110810,228.80000,228.80000,228.80000,228.80000,50,19865,WAW__CCB
20110811,231.89999,231.89999,231.89999,231.89999,500,20365,WAW__CCB
20110812,236.10001,236.10001,236.10001,236.10001,500,20865,WAW__CCB
20110815,233.10001,233.10001,233.10001,233.10001,500,21215,WAW__CCB
20110816,230.39999,230.39999,230.39999,230.39999,0,21215,WAW__CCB
20110817,232.30000,233.80000,232.30000,233.80000,405,21420,WAW__CCB
20110818,229.80000,229.80000,225.80000,226.80000,1070,22140,WAW__CCB
20110819,227.80000,228.30000,227.80000,228.30000,550,22590,WAW__CCB
20110822,236.30000,236.30000,236.30000,236.30000,0,22690,WAW__CCB
20110823,238.80000,238.80000,238.80000,238.80000,250,22940,WAW__CCB
20110824,240.80000,240.80000,240.80000,240.80000,0,22940,WAW__CCB
20110825,239.30000,239.30000,239.30000,239.30000,0,22940,WAW__CCB
20110826,241.10001,241.10001,241.10001,241.10001,0,22940,WAW__CCB
20110829,244.60001,244.60001,244.60001,244.60001,0,22940,WAW__CCB
20110830,237.60001,237.60001,237.60001,237.60001,0,22940,WAW__CCB
20110831,241.30000,241.30000,241.30000,241.30000,0,22940,WAW__CCB
20110901,242.30000,242.30000,242.30000,242.30000,0,22940,WAW__CCB
20110902,233.80000,233.80000,233.80000,233.80000,0,22940,WAW__CCB
20110905,237.80000,237.80000,232.30000,232.30000,100,22890,WAW__CCB
20110906,237.60001,237.60001,237.60001,237.60001,200,22840,WAW__CCB
20110907,233.30000,233.30000,233.30000,233.30000,0,22840,WAW__CCB
20110908,229.30000,229.30000,229.30000,229.30000,300,20640,WAW__CCB
20110909,227.60001,227.60001,227.60001,227.60001,0,20790,WAW__CCB
20110912,230.80000,230.80000,221.30000,221.30000,100,20340,WAW__CCB
20110913,229.39999,229.39999,229.39999,229.39999,0,20440,WAW__CCB
20110914,220.80000,220.80000,220.80000,220.80000,0,20440,WAW__CCB
20110915,226.80000,226.80000,223.80000,223.80000,200,20440,WAW__CCB
20110916,227.30000,227.30000,227.30000,227.30000,0,20640,WAW__CCB
20110919,219.80000,221.30000,219.80000,221.30000,50,20640,WAW__CCB
20110920,216.30000,216.30000,216.30000,216.30000,0,20690,WAW__CCB
20110921,215.30000,215.80000,212.80000,212.80000,600,21290,WAW__CCB
20110922,211.30000,211.30000,211.30000,211.30000,0,21290,WAW__CCB
20110923,212.30000,212.30000,212.30000,212.30000,0,21290,WAW__CCB
20110926,214.80000,214.80000,214.80000,214.80000,0,20740,WAW__CCB
20110927,214.80000,216.80000,214.80000,216.80000,400,20490,WAW__CCB
20110928,212.80000,212.80000,212.80000,212.80000,0,20590,WAW__CCB
20110929,211.30000,211.30000,211.30000,211.30000,0,20590,WAW__CCB
20110930,214.80000,214.80000,214.80000,214.80000,0,20590,WAW__CCB
20111003,200.80000,204.80000,199.80000,204.80000,110,20590,WAW__CCB
20111004,207.80000,207.80000,205.10001,205.10001,10,20700,WAW__CCB
20111005,206.80000,207.80000,206.80000,207.80000,850,21050,WAW__CCB
20111006,209.80000,209.80000,209.80000,209.80000,0,21150,WAW__CCB
20111007,201.80000,204.80000,201.80000,204.80000,150,21150,WAW__CCB
20111010,198.80000,198.80000,198.80000,198.80000,0,21350,WAW__CCB
20111011,193.80000,193.80000,192.80000,193.80000,1600,21310,WAW__CCB
20111012,203.89999,204.80000,203.80000,204.30000,1021,23336,WAW__CCB
20111013,190.30000,190.30000,190.30000,190.30000,429,23636,WAW__CCB
20111014,193.10001,193.10001,193.10001,193.10001,0,23586,WAW__CCB
20111017,187.80000,187.80000,187.80000,187.80000,100,23656,WAW__CCB
20111018,190.30000,190.30000,190.30000,190.30000,0,23656,WAW__CCB
20111019,187.30000,187.80000,184.80000,187.80000,71,23656,WAW__CCB
20111020,184.60001,184.60001,184.60001,184.60001,0,23706,WAW__CCB
20111021,187.80000,187.80000,187.80000,187.80000,200,23856,WAW__CCB
20111024,187.30000,187.30000,187.30000,187.30000,0,22546,WAW__CCB
20111025,188.30000,188.30000,188.30000,188.30000,75,11326,WAW__CCB
20111026,193.80000,193.80000,193.80000,193.80000,0,11326,WAW__CCB
20111027,184.30000,184.30000,184.30000,184.30000,0,11101,WAW__CCB
20111028,184.80000,184.80000,184.80000,184.80000,0,11051,WAW__CCB
20111031,188.60001,188.60001,188.60001,188.60001,0,11051,WAW__CCB
20111101,188.60001,188.60001,188.60001,188.60001,0,11051,WAW__CCB
20111102,187.80000,187.80000,187.80000,187.80000,0,11051,WAW__CCB
20111103,189.80000,189.80000,189.80000,189.80000,5,11056,WAW__CCB
20111104,189.80000,189.80000,189.80000,189.80000,5,11061,WAW__CCB
20111107,189.39999,189.80000,185.80000,187.80000,3100,13361,WAW__CCB
20111108,187.80000,187.80000,187.80000,187.80000,538,12989,WAW__CCB
20111109,193.80000,196.80000,193.80000,196.80000,150,13039,WAW__CCB
20111110,196.80000,196.80000,192.80000,192.80000,200,13239,WAW__CCB
20111111,188.80000,188.80000,188.80000,188.80000,0,4398,WAW__CCB
20111114,191.10001,191.10001,191.10001,191.10001,0,4148,WAW__CCB
20111115,189.60001,189.60001,189.60001,189.60001,0,4148,WAW__CCB
20111116,191.80000,191.80000,191.80000,191.80000,0,4148,WAW__CCB
20111117,190.80000,190.80000,184.80000,186.80000,250,4298,WAW__CCB
20111118,183.80000,183.80000,183.80000,183.80000,0,4298,WAW__CCB
20111121,185.30000,185.30000,185.30000,185.30000,0,4298,WAW__CCB
20111122,187.30000,187.30000,187.30000,187.30000,0,4298,WAW__CCB
20111123,186.80000,189.80000,186.80000,189.80000,25,4323,WAW__CCB
20111124,189.30000,189.30000,189.30000,189.30000,0,4023,WAW__CCB
20111125,188.80000,188.80000,188.80000,188.80000,0,4023,WAW__CCB
20111128,186.30000,187.30000,186.30000,187.30000,150,4023,WAW__CCB
20111129,186.80000,187.80000,186.80000,187.80000,100,4023,WAW__CCB
20111130,187.80000,187.80000,187.80000,187.80000,500,3848,WAW__CCB
20111201,189.30000,189.30000,189.30000,189.30000,0,3848,WAW__CCB
20111202,188.80000,188.80000,188.80000,188.80000,0,3848,WAW__CCB
20111205,186.30000,186.30000,186.30000,186.30000,50,3848,WAW__CCB
20111206,183.30000,183.30000,183.30000,183.30000,0,3543,WAW__CCB
20111207,179.80000,179.80000,179.80000,179.80000,35,3578,WAW__CCB
20111208,175.80000,175.80000,175.80000,175.80000,800,4178,WAW__CCB
20111209,173.80000,173.80000,173.80000,173.80000,750,5628,WAW__CCB
20111212,174.80000,174.80000,174.80000,174.80000,0,5628,WAW__CCB
20111213,173.80000,173.80000,173.80000,173.80000,0,5628,WAW__CCB
20111214,177.80000,177.80000,177.80000,177.80000,100,5728,WAW__CCB
20111215,181.60001,181.60001,181.60001,181.60001,0,5728,WAW__CCB
20111216,179.80000,179.80000,179.80000,179.80000,5,5728,WAW__CCB
20111219,178.80000,178.80000,178.80000,178.80000,600,5728,WAW__CCB
20111220,180.60001,180.60001,180.60001,180.60001,1350,7008,WAW__CCB
20111221,179.80000,179.80000,179.80000,179.80000,0,7008,WAW__CCB
20111222,178.60001,178.60001,178.60001,178.60001,250,7258,WAW__CCB
20111223,175.80000,175.80000,175.80000,175.80000,0,7258,WAW__CCB
20111228,182.30000,182.30000,182.30000,182.30000,0,7213,WAW__CCB
20111229,188.80000,188.80000,188.30000,188.30000,505,7118,WAW__CCB
20111230,182.80000,184.80000,182.80000,184.80000,50,6168,WAW__CCB
20120103,185.30000,185.30000,185.30000,185.30000,425,1080,WAW__CCB
20120104,185.50000,185.50000,184.50000,184.50000,550,1580,WAW__CCB
20120105,184.50000,184.50000,183.80000,183.80000,250,1830,WAW__CCB
20120106,183.00000,183.00000,183.00000,183.00000,0,1830,WAW__CCB
20120109,185.50000,185.50000,185.50000,185.50000,0,1830,WAW__CCB
20120110,188.30000,188.30000,188.30000,188.30000,0,1830,WAW__CCB
20120111,188.30000,188.30000,188.30000,188.30000,230,2010,WAW__CCB
20120112,189.50000,189.50000,189.50000,189.50000,0,1355,WAW__CCB
20120113,183.50000,183.50000,183.50000,183.50000,0,1355,WAW__CCB
20120116,183.50000,183.50000,183.50000,183.50000,0,1355,WAW__CCB
20120117,182.50000,182.50000,182.50000,182.50000,0,1355,WAW__CCB
20120118,182.50000,182.50000,182.50000,182.50000,0,1355,WAW__CCB
20120119,180.50000,180.50000,180.50000,180.50000,100,1355,WAW__CCB
20120120,179.50000,179.50000,179.50000,179.50000,0,1355,WAW__CCB
20120123,179.30000,179.30000,179.30000,179.30000,0,1355,WAW__CCB
20120124,181.00000,181.00000,181.00000,181.00000,0,1355,WAW__CCB
20120125,184.00000,184.00000,184.00000,184.00000,0,1355,WAW__CCB
20120126,184.00000,184.00000,184.00000,184.00000,0,1355,WAW__CCB
20120127,184.00000,184.00000,184.00000,184.00000,0,1355,WAW__CCB
20120130,186.80000,186.80000,186.80000,186.80000,0,1355,WAW__CCB
20120131,188.00000,188.00000,188.00000,188.00000,0,1355,WAW__CCB
20120201,195.50000,195.50000,195.50000,195.50000,0,1355,WAW__CCB
20120202,195.50000,195.50000,195.50000,195.50000,0,1355,WAW__CCB
20120203,189.50000,189.50000,189.50000,189.50000,0,1355,WAW__CCB
20120206,188.00000,188.00000,188.00000,188.00000,0,1355,WAW__CCB
20120207,188.00000,188.00000,188.00000,188.00000,0,1355,WAW__CCB
20120208,185.00000,185.00000,185.00000,185.00000,0,1355,WAW__CCB
20120209,189.50000,189.50000,189.50000,189.50000,0,1355,WAW__CCB
20120210,186.50000,186.50000,186.50000,186.50000,0,1355,WAW__CCB
20120213,183.00000,183.00000,183.00000,183.00000,0,1355,WAW__CCB
20120214,186.80000,186.80000,186.80000,186.80000,0,1355,WAW__CCB
20120215,187.00000,187.00000,187.00000,187.00000,0,1355,WAW__CCB
20120216,183.50000,183.50000,183.50000,183.50000,0,1355,WAW__CCB
20120217,182.30000,182.30000,182.30000,182.30000,0,1355,WAW__CCB
20120220,182.30000,182.30000,182.30000,182.30000,0,1355,WAW__CCB
20120221,183.00000,183.00000,183.00000,183.00000,0,1355,WAW__CCB
20120222,185.50000,185.50000,185.50000,185.50000,0,1355,WAW__CCB
20120223,190.50000,190.50000,190.50000,190.50000,100,1455,WAW__CCB
20120224,187.00000,187.00000,187.00000,187.00000,0,1455,WAW__CCB
20120227,186.50000,186.50000,186.50000,186.50000,0,1325,WAW__CCB
20120228,185.30000,185.30000,185.30000,185.30000,0,1880,WAW__CCB
20120229,188.80000,188.80000,188.80000,188.80000,0,1880,WAW__CCB
20120301,189.00000,189.00000,189.00000,189.00000,0,1880,WAW__CCB
20120302,186.50000,186.50000,186.50000,186.50000,0,380,WAW__CCB
20120305,189.00000,189.00000,189.00000,189.00000,0,430,WAW__CCB
20120306,189.00000,189.00000,189.00000,189.00000,0,530,WAW__CCB
20120307,189.00000,189.00000,189.00000,189.00000,0,530,WAW__CCB
20120308,182.50000,182.50000,182.50000,182.50000,0,530,WAW__CCB
20120309,182.50000,182.50000,182.50000,182.50000,0,530,WAW__CCB
20120312,182.50000,182.50000,182.50000,182.50000,0,530,WAW__CCB
20120313,187.50000,187.50000,187.50000,187.50000,0,530,WAW__CCB
20120314,187.00000,187.00000,187.00000,187.00000,0,480,WAW__CCB
20120315,187.00000,187.00000,187.00000,187.00000,0,480,WAW__CCB
20120316,188.50000,188.50000,188.50000,188.50000,50,530,WAW__CCB
20120319,188.50000,188.50000,188.50000,188.50000,0,530,WAW__CCB
20120320,183.00000,183.00000,183.00000,183.00000,0,530,WAW__CCB
20120321,186.00000,186.00000,186.00000,186.00000,0,530,WAW__CCB
20120322,186.00000,186.00000,186.00000,186.00000,0,530,WAW__CCB
20120323,188.50000,188.50000,188.50000,188.50000,0,530,WAW__CCB
20120326,188.50000,188.50000,188.50000,188.50000,0,530,WAW__CCB
20120327,188.50000,188.50000,188.50000,188.50000,0,530,WAW__CCB
20120328,184.50000,184.50000,184.50000,184.50000,0,480,WAW__CCB
20120329,183.50000,183.50000,183.50000,183.50000,0,480,WAW__CCB
20120330,180.50000,180.50000,180.50000,180.50000,100,480,WAW__CCB
20120402,188.50000,188.50000,188.50000,188.50000,0,480,WAW__CCB
20120403,186.00000,186.00000,186.00000,186.00000,0,480,WAW__CCB
20120404,187.50000,187.50000,187.50000,187.50000,0,480,WAW__CCB
20120405,183.50000,183.50000,183.50000,183.50000,0,480,WAW__CCB
20120410,183.50000,183.50000,183.50000,183.50000,0,480,WAW__CCB
20120411,183.50000,183.50000,183.50000,183.50000,0,480,WAW__CCB
20120412,183.50000,183.50000,183.50000,183.50000,0,480,WAW__CCB
20120413,183.50000,183.50000,183.50000,183.50000,0,480,WAW__CCB
20120416,184.80000,184.80000,184.80000,184.80000,0,480,WAW__CCB
20120417,184.80000,184.80000,184.80000,184.80000,0,480,WAW__CCB
20120418,181.00000,181.00000,181.00000,181.00000,0,300,WAW__CCB
20120419,183.00000,183.00000,183.00000,183.00000,0,300,WAW__CCB
20120420,183.00000,183.00000,183.00000,183.00000,0,300,WAW__CCB
20120423,183.00000,186.50000,183.00000,186.50000,50,350,WAW__CCB
20120424,184.50000,184.50000,184.50000,184.50000,0,350,WAW__CCB
20120425,184.50000,184.50000,184.50000,184.50000,0,350,WAW__CCB
20120426,184.50000,184.50000,184.50000,184.50000,0,350,WAW__CCB
20120427,182.50000,182.50000,181.50000,181.50000,130,300,WAW__CCB
20120430,181.50000,181.50000,181.50000,181.50000,0,250,WAW__CCB
20120501,181.00000,181.00000,181.00000,181.00000,0,250,WAW__CCB
20120502,181.00000,181.00000,181.00000,181.00000,0,0,WAW__CCB
20120503,180.50000,180.50000,180.50000,180.50000,0,0,WAW__CCB
20120504,180.50000,180.50000,180.50000,180.50000,0,0,WAW__CCB
20120507,180.50000,180.50000,180.50000,180.50000,0,0,WAW__CCB
20120508,178.00000,178.00000,178.00000,178.00000,0,0,WAW__CCB
20120509,177.50000,177.50000,177.50000,177.50000,0,0,WAW__CCB
20120510,179.00000,179.00000,179.00000,179.00000,0,0,WAW__CCB
20120511,179.00000,179.00000,179.00000,179.00000,0,0,WAW__CCB
20120514,179.00000,179.00000,179.00000,179.00000,0,0,WAW__CCB
20120515,179.00000,179.00000,179.00000,179.00000,0,0,WAW__CCB
20120516,179.00000,179.00000,179.00000,179.00000,0,0,WAW__CCB
20120517,188.50000,188.50000,188.50000,188.50000,0,0,WAW__CCB
20120518,188.50000,188.50000,188.50000,188.50000,0,0,WAW__CCB
20120521,208.00000,208.00000,208.00000,208.00000,0,0,WAW__CCB
20120522,208.00000,208.00000,208.00000,208.00000,0,0,WAW__CCB
20120523,208.00000,208.00000,208.00000,208.00000,0,0,WAW__CCB
20120524,208.00000,208.00000,208.00000,208.00000,0,0,WAW__CCB
20120525,208.00000,208.00000,208.00000,208.00000,0,0,WAW__CCB
20120528,208.00000,208.00000,208.00000,208.00000,0,0,WAW__CCB
20120529,206.30000,206.30000,206.30000,206.30000,0,0,WAW__CCB
20120530,206.30000,206.30000,206.30000,206.30000,0,0,WAW__CCB
20120531,208.80000,208.80000,208.80000,208.80000,0,0,WAW__CCB
20120601,208.80000,208.80000,208.80000,208.80000,0,0,WAW__CCB
20120604,202.00000,202.00000,202.00000,202.00000,0,0,WAW__CCB
20120605,202.00000,202.00000,202.00000,202.00000,0,0,WAW__CCB
20120606,202.00000,202.00000,202.00000,202.00000,0,0,WAW__CCB
20120607,202.00000,202.00000,202.00000,202.00000,0,0,WAW__CCB
20120608,202.00000,202.00000,202.00000,202.00000,0,0,WAW__CCB
20120611,202.00000,202.00000,202.00000,202.00000,0,0,WAW__CCB
20120612,202.00000,202.00000,202.00000,202.00000,0,0,WAW__CCB
20120613,192.00000,192.00000,192.00000,192.00000,0,0,WAW__CCB
20120614,192.00000,192.00000,192.00000,192.00000,0,0,WAW__CCB
20120615,192.00000,192.00000,192.00000,192.00000,0,0,WAW__CCB
20120618,189.50000,189.50000,189.50000,189.50000,0,0,WAW__CCB
20120619,189.50000,189.50000,189.50000,189.50000,0,0,WAW__CCB
20120620,196.50000,196.50000,196.50000,196.50000,0,0,WAW__CCB
20120621,196.50000,196.50000,196.50000,196.50000,0,0,WAW__CCB
20120622,196.50000,196.50000,196.50000,196.50000,0,0,WAW__CCB
20120625,196.50000,196.50000,196.50000,196.50000,0,0,WAW__CCB
20120626,196.50000,196.50000,196.50000,196.50000,0,0,WAW__CCB
20120627,209.50000,209.50000,209.50000,209.50000,0,0,WAW__CCB
20120628,209.50000,209.50000,209.50000,209.50000,0,0,WAW__CCB
20120629,219.00000,219.00000,219.00000,219.00000,0,0,WAW__CCB
20120702,219.00000,219.00000,219.00000,219.00000,0,1800,WAW__CCB
20120703,229.70000,229.70000,229.70000,229.70000,0,1800,WAW__CCB
20120704,235.70000,235.70000,235.70000,235.70000,0,1800,WAW__CCB
20120705,235.70000,235.70000,235.70000,235.70000,0,1800,WAW__CCB
20120706,254.70000,254.70000,254.70000,254.70000,0,1800,WAW__CCB
20120709,236.20000,236.20000,236.20000,236.20000,0,1800,WAW__CCB
20120710,236.20000,236.20000,236.20000,236.20000,0,1800,WAW__CCB
20120711,236.20000,238.70000,236.20000,238.70000,388,2188,WAW__CCB
20120712,238.70000,238.70000,238.70000,238.70000,0,2188,WAW__CCB
20120713,246.70000,246.70000,246.70000,246.70000,0,2188,WAW__CCB
20120716,256.00000,256.00000,256.00000,256.00000,250,2438,WAW__CCB
20120717,249.20000,258.70001,249.20000,258.70001,450,2888,WAW__CCB
20120718,256.00000,256.00000,256.00000,256.00000,0,2888,WAW__CCB
20120719,259.70001,259.70001,259.70001,259.70001,100,2988,WAW__CCB
20120720,261.70001,272.20001,261.70001,272.20001,100,2988,WAW__CCB
20120723,272.20001,272.20001,272.20001,272.20001,0,2888,WAW__CCB
20120724,256.50000,256.50000,256.50000,256.50000,0,2988,WAW__CCB
20120725,256.50000,256.50000,256.50000,256.50000,0,2488,WAW__CCB
20120726,256.50000,256.50000,256.50000,256.50000,0,2488,WAW__CCB
20120727,256.20001,259.70001,256.20001,259.70001,450,2538,WAW__CCB
20120730,259.70001,259.70001,259.70001,259.70001,0,2538,WAW__CCB
20120731,271.70001,271.70001,271.70001,271.70001,0,2538,WAW__CCB
20120801,266.70001,266.70001,266.70001,266.70001,0,2538,WAW__CCB
20120802,265.70001,265.70001,265.70001,265.70001,0,2538,WAW__CCB
20120803,260.00000,260.00000,260.00000,260.00000,0,2538,WAW__CCB
20120806,260.00000,260.00000,260.00000,260.00000,0,2538,WAW__CCB
20120807,260.00000,260.00000,260.00000,260.00000,0,2538,WAW__CCB
20120808,260.00000,260.00000,260.00000,260.00000,0,2538,WAW__CCB
20120809,268.70001,268.70001,268.70001,268.70001,0,2438,WAW__CCB
20120810,275.20001,275.20001,275.20001,275.20001,0,2438,WAW__CCB
20120813,263.70001,263.70001,263.70001,263.70001,0,2438,WAW__CCB
20120814,263.70001,263.70001,263.70001,263.70001,0,2438,WAW__CCB
20120815,253.70000,253.70000,253.70000,253.70000,0,2438,WAW__CCB
20120816,253.70000,253.70000,253.70000,253.70000,10,2448,WAW__CCB
20120817,263.20001,263.20001,263.20001,263.20001,0,2448,WAW__CCB
20120820,267.70001,267.70001,267.70001,267.70001,0,2448,WAW__CCB
20120821,267.89999,267.89999,267.89999,267.89999,0,2448,WAW__CCB
20120822,275.70001,275.70001,275.70001,275.70001,100,2448,WAW__CCB
20120823,275.70001,275.70001,272.20001,272.20001,50,2498,WAW__CCB
20120824,271.70001,271.70001,271.70001,271.70001,0,2498,WAW__CCB
20120827,271.70001,271.70001,271.70001,271.70001,0,2498,WAW__CCB
20120828,270.00000,270.00000,270.00000,270.00000,0,2498,WAW__CCB
20120829,268.70001,268.70001,268.70001,268.70001,0,2498,WAW__CCB
20120830,275.60001,275.60001,275.60001,275.60001,0,2498,WAW__CCB
20120831,274.20001,274.20001,274.20001,274.20001,0,2498,WAW__CCB
20120903,274.20001,274.20001,274.20001,274.20001,100,2598,WAW__CCB
20120904,274.20001,274.20001,274.20001,274.20001,0,2698,WAW__CCB
20120905,274.20001,274.20001,274.20001,274.20001,0,2598,WAW__CCB
20120906,269.79999,269.79999,269.79999,269.79999,0,2598,WAW__CCB
20120907,274.70001,274.70001,274.70001,274.70001,0,2598,WAW__CCB
20120910,277.70001,277.70001,277.70001,277.70001,200,2598,WAW__CCB
20120911,275.20001,275.20001,275.20001,275.20001,0,2598,WAW__CCB
20120912,275.70001,276.70001,272.20001,272.20001,1000,3098,WAW__CCB
20120913,272.20001,272.20001,272.20001,272.20001,0,2748,WAW__CCB
20120914,272.20001,272.20001,272.20001,272.20001,0,2748,WAW__CCB
20120917,275.20001,275.20001,275.20001,275.20001,0,2748,WAW__CCB
20120918,273.70001,273.70001,273.70001,273.70001,88,2836,WAW__CCB
20120919,270.70001,270.70001,266.70001,266.70001,200,2936,WAW__CCB
20120920,269.20001,270.70001,269.20001,270.70001,300,3086,WAW__CCB
20120921,268.70001,268.70001,268.70001,268.70001,0,3086,WAW__CCB
20120924,271.70001,273.70001,271.70001,273.70001,30,3086,WAW__CCB
20120925,272.20001,272.20001,272.20001,272.20001,0,3086,WAW__CCB
20120926,273.70001,273.70001,273.70001,273.70001,0,3036,WAW__CCB
20120927,267.20001,267.20001,267.20001,267.20001,0,3066,WAW__CCB
20120928,259.70001,259.70001,259.70001,259.70001,50,3116,WAW__CCB
20121001,275.20001,275.20001,275.20001,275.20001,0,3091,WAW__CCB
20121002,275.20001,275.20001,275.20001,275.20001,0,3116,WAW__CCB
20121003,270.70001,270.70001,270.70001,270.70001,788,3904,WAW__CCB
20121004,274.79999,274.79999,274.79999,274.79999,0,3066,WAW__CCB
20121005,274.70001,274.70001,274.70001,274.70001,0,3066,WAW__CCB
20121008,274.70001,274.70001,274.70001,274.70001,0,3066,WAW__CCB
20121009,271.20001,271.20001,271.20001,271.20001,0,3066,WAW__CCB
20121010,275.20001,275.20001,275.20001,275.20001,0,3066,WAW__CCB
20121011,273.70001,273.70001,273.70001,273.70001,0,3066,WAW__CCB
20121012,278.70001,278.70001,278.70001,278.70001,0,3066,WAW__CCB
20121015,270.70001,271.20001,270.70001,271.20001,250,3316,WAW__CCB
20121016,277.20001,277.20001,277.20001,277.20001,100,3416,WAW__CCB
20121017,268.70001,268.70001,268.70001,268.70001,0,3716,WAW__CCB
20121018,267.70001,267.70001,267.70001,267.70001,0,3716,WAW__CCB
20121019,269.70001,269.70001,269.70001,269.70001,0,3716,WAW__CCB
20121022,272.70001,272.70001,272.70001,272.70001,0,3716,WAW__CCB
20121023,273.20001,273.20001,273.20001,273.20001,0,3716,WAW__CCB
20121024,271.70001,271.70001,271.70001,271.70001,0,3716,WAW__CCB
20121025,265.70001,270.70001,265.70001,270.70001,25,3741,WAW__CCB
20121026,275.70001,275.70001,272.00000,272.00000,100,3841,WAW__CCB
20121029,269.20001,269.20001,269.20001,269.20001,0,3841,WAW__CCB
20121030,268.70001,268.70001,268.70001,268.70001,0,3591,WAW__CCB
20121031,270.20001,270.20001,268.70001,268.70001,260,3841,WAW__CCB
20121101,268.70001,268.70001,268.70001,268.70001,0,3841,WAW__CCB
20121102,268.70001,268.70001,268.70001,268.70001,0,3841,WAW__CCB
20121105,262.70001,262.70001,262.70001,262.70001,0,3841,WAW__CCB
20121106,268.70001,268.70001,268.70001,268.70001,0,3841,WAW__CCB
20121107,274.70001,274.70001,274.70001,274.70001,0,3841,WAW__CCB
20121108,274.70001,274.70001,274.70001,274.70001,0,3841,WAW__CCB
20121109,274.70001,274.70001,274.70001,274.70001,0,3841,WAW__CCB
20121112,274.70001,274.70001,274.70001,274.70001,0,3841,WAW__CCB
20121113,261.70001,261.70001,261.70001,261.70001,0,3841,WAW__CCB
20121114,261.70001,261.70001,261.70001,261.70001,0,3841,WAW__CCB
20121115,263.70001,263.70001,263.70001,263.70001,100,3941,WAW__CCB
20121116,263.70001,263.70001,263.70001,263.70001,0,3941,WAW__CCB
20121119,263.70001,263.70001,263.70001,263.70001,0,3941,WAW__CCB
20121120,264.70001,264.70001,264.70001,264.70001,200,4141,WAW__CCB
20121121,264.70001,264.70001,264.70001,264.70001,0,3941,WAW__CCB
20121122,261.20001,261.20001,261.20001,261.20001,0,3941,WAW__CCB
20121123,266.70001,266.70001,266.70001,266.70001,0,3941,WAW__CCB
20121126,262.20001,262.20001,262.20001,262.20001,48,3941,WAW__CCB
20121127,262.20001,262.20001,262.20001,262.20001,0,3941,WAW__CCB
20121128,262.20001,262.20001,262.20001,262.20001,0,3941,WAW__CCB
20121129,267.20001,267.20001,267.20001,267.20001,0,3941,WAW__CCB
20121130,267.20001,267.20001,267.20001,267.20001,0,3941,WAW__CCB
20121203,268.70001,268.70001,268.70001,268.70001,0,3941,WAW__CCB
20121204,268.70001,268.70001,268.70001,268.70001,0,3941,WAW__CCB
20121205,267.70001,267.70001,267.70001,267.70001,250,4191,WAW__CCB
20121206,266.20001,266.20001,266.20001,266.20001,0,4191,WAW__CCB
20121207,267.20001,267.20001,267.20001,267.20001,0,4003,WAW__CCB
20121210,267.20001,267.20001,267.20001,267.20001,0,4103,WAW__CCB
20121211,266.70001,266.70001,266.70001,266.70001,350,4353,WAW__CCB
20121212,258.70001,258.70001,258.70001,258.70001,0,4353,WAW__CCB
20121213,249.00000,249.00000,249.00000,249.00000,0,3605,WAW__CCB
20121214,249.00000,249.00000,249.00000,249.00000,0,3605,WAW__CCB
20121217,249.00000,249.00000,249.00000,249.00000,0,3605,WAW__CCB
20121218,249.00000,249.00000,249.00000,249.00000,0,3605,WAW__CCB
20121219,249.00000,249.00000,249.00000,249.00000,0,3605,WAW__CCB
20121220,254.20000,254.20000,254.20000,254.20000,0,3605,WAW__CCB
20121221,254.20000,254.20000,254.20000,254.20000,0,3605,WAW__CCB
20121224,254.20000,254.20000,254.20000,254.20000,0,3605,WAW__CCB
20121227,253.70000,253.70000,253.70000,253.70000,0,3605,WAW__CCB
20121228,247.70000,247.70000,247.70000,247.70000,250,3355,WAW__CCB
20121231,255.20000,255.20000,255.20000,255.20000,0,3255,WAW__CCB
20130102,255.70000,255.70000,255.70000,255.70000,0,1150,WAW__CCB
20130103,250.70000,250.70000,250.70000,250.70000,200,1350,WAW__CCB
20130104,238.70000,238.70000,238.70000,238.70000,80,1430,WAW__CCB
20130107,238.70000,238.70000,238.70000,238.70000,0,1430,WAW__CCB
20130108,238.70000,238.70000,238.70000,238.70000,0,1430,WAW__CCB
20130109,246.20000,246.20000,246.20000,246.20000,0,1430,WAW__CCB
20130110,244.70000,244.70000,244.70000,244.70000,0,1430,WAW__CCB
20130111,235.70000,235.70000,235.70000,235.70000,0,1430,WAW__CCB
20130114,241.70000,241.70000,241.70000,241.70000,0,1430,WAW__CCB
20130115,241.70000,241.70000,241.70000,241.70000,0,1430,WAW__CCB
20130116,241.70000,241.70000,241.70000,241.70000,0,1430,WAW__CCB
20130117,257.70001,257.70001,257.70001,257.70001,0,1430,WAW__CCB
20130118,258.70001,263.70001,258.70001,263.70001,50,1480,WAW__CCB
20130121,263.70001,263.70001,263.70001,263.70001,0,1480,WAW__CCB
20130122,263.70001,263.70001,263.70001,263.70001,0,1480,WAW__CCB
20130123,263.70001,263.70001,263.70001,263.70001,0,1480,WAW__CCB
20130124,263.70001,263.70001,263.70001,263.70001,0,1480,WAW__CCB
20130125,266.70001,266.70001,266.70001,266.70001,0,1480,WAW__CCB
20130128,266.70001,266.70001,266.70001,266.70001,0,1480,WAW__CCB
20130129,266.70001,266.70001,266.70001,266.70001,0,1480,WAW__CCB
20130130,266.70001,266.70001,266.70001,266.70001,0,1480,WAW__CCB
20130131,267.70001,267.70001,267.70001,267.70001,0,1480,WAW__CCB
20130201,260.70001,260.70001,260.70001,260.70001,0,1480,WAW__CCB
20130204,255.70000,255.70000,255.70000,255.70000,0,1480,WAW__CCB
20130205,253.70000,253.70000,253.70000,253.70000,0,1430,WAW__CCB
20130206,260.70001,260.70001,260.70001,260.70001,50,1430,WAW__CCB
20130207,255.20000,255.20000,255.20000,255.20000,0,1430,WAW__CCB
20130208,256.70001,256.70001,256.70001,256.70001,0,1430,WAW__CCB
20130211,250.70000,250.70000,250.70000,250.70000,0,1430,WAW__CCB
20130212,250.70000,250.70000,250.70000,250.70000,0,1430,WAW__CCB
20130213,250.70000,250.70000,250.70000,250.70000,0,1430,WAW__CCB
20130214,250.70000,250.70000,250.70000,250.70000,0,1430,WAW__CCB
20130215,255.70000,255.70000,255.70000,255.70000,0,1430,WAW__CCB
20130218,255.70000,255.70000,255.70000,255.70000,0,1430,WAW__CCB
20130219,255.70000,255.70000,255.70000,255.70000,100,1330,WAW__CCB
20130220,247.70000,247.70000,247.70000,247.70000,0,1330,WAW__CCB
20130221,245.70000,245.70000,245.70000,245.70000,0,1330,WAW__CCB
20130222,245.70000,245.70000,245.70000,245.70000,0,1330,WAW__CCB
20130225,249.20000,249.20000,249.20000,249.20000,57,1387,WAW__CCB
20130226,238.20000,238.20000,238.20000,238.20000,0,1387,WAW__CCB
20130227,248.20000,248.20000,248.20000,248.20000,0,1330,WAW__CCB
20130228,246.70000,246.70000,245.70000,245.70000,300,1330,WAW__CCB
20130301,245.70000,245.70000,245.70000,245.70000,0,1330,WAW__CCB
20130304,245.70000,245.70000,245.70000,245.70000,0,0,WAW__CCB
20130305,242.70000,242.70000,242.70000,242.70000,0,0,WAW__CCB
20130306,242.70000,242.70000,242.70000,242.70000,0,0,WAW__CCB
20130307,228.70000,228.70000,228.70000,228.70000,0,0,WAW__CCB
20130308,228.70000,228.70000,228.70000,228.70000,0,0,WAW__CCB
20130311,228.70000,228.70000,228.70000,228.70000,0,0,WAW__CCB
20130312,228.70000,228.70000,228.70000,228.70000,0,0,WAW__CCB
20130313,228.70000,228.70000,228.70000,228.70000,0,0,WAW__CCB
20130314,228.70000,228.70000,228.70000,228.70000,0,0,WAW__CCB
20130315,230.70000,230.70000,230.70000,230.70000,0,0,WAW__CCB
20130318,234.70000,234.70000,234.70000,234.70000,0,0,WAW__CCB
20130319,234.70000,234.70000,234.70000,234.70000,0,0,WAW__CCB
20130320,234.70000,234.70000,234.70000,234.70000,0,0,WAW__CCB
20130321,227.20000,227.20000,227.20000,227.20000,0,0,WAW__CCB
20130322,227.20000,227.20000,227.20000,227.20000,0,0,WAW__CCB
20130325,227.20000,227.20000,227.20000,227.20000,0,0,WAW__CCB
20130326,227.20000,227.20000,227.20000,227.20000,0,0,WAW__CCB
20130327,227.20000,227.20000,227.20000,227.20000,0,0,WAW__CCB
20130328,227.20000,227.20000,227.20000,227.20000,0,0,WAW__CCB
20130402,227.20000,227.20000,227.20000,227.20000,0,0,WAW__CCB
20130403,210.70000,210.70000,210.70000,210.70000,0,0,WAW__CCB
20130404,210.70000,210.70000,210.70000,210.70000,0,0,WAW__CCB
20130405,210.70000,210.70000,210.70000,210.70000,0,0,WAW__CCB
20130408,212.70000,212.70000,212.70000,212.70000,0,0,WAW__CCB
20130409,212.70000,212.70000,212.70000,212.70000,0,0,WAW__CCB
20130410,212.70000,212.70000,212.70000,212.70000,0,0,WAW__CCB
20130411,219.70000,219.70000,219.70000,219.70000,0,0,WAW__CCB
20130412,223.20000,223.20000,223.20000,223.20000,0,0,WAW__CCB
20130415,223.20000,223.20000,223.20000,223.20000,0,0,WAW__CCB
20130416,223.20000,223.20000,223.20000,223.20000,0,0,WAW__CCB
20130417,229.20000,229.20000,229.20000,229.20000,0,0,WAW__CCB
20130418,229.20000,229.20000,229.20000,229.20000,0,0,WAW__CCB
20130419,229.20000,229.20000,229.20000,229.20000,0,0,WAW__CCB
20130422,230.70000,230.70000,230.70000,230.70000,0,0,WAW__CCB
20130423,219.70000,231.70000,219.70000,231.70000,10,5,WAW__CCB
20130424,236.70000,236.70000,231.70000,231.70000,5,10,WAW__CCB
20130425,231.70000,231.70000,231.70000,231.70000,0,10,WAW__CCB
20130426,231.70000,231.70000,231.70000,231.70000,0,5,WAW__CCB
20130429,231.70000,231.70000,231.70000,231.70000,0,5,WAW__CCB
20130430,236.20000,236.20000,236.20000,236.20000,0,5,WAW__CCB
20130501,240.70000,240.70000,240.70000,240.70000,0,5,WAW__CCB
20130502,240.70000,240.70000,240.70000,240.70000,0,2740,WAW__CCB
20130503,240.70000,240.70000,240.70000,240.70000,0,2740,WAW__CCB
20130506,241.70000,241.70000,241.70000,241.70000,0,2740,WAW__CCB
20130507,241.70000,241.70000,241.70000,241.70000,0,2740,WAW__CCB
20130508,237.70000,237.70000,237.70000,237.70000,0,2740,WAW__CCB
20130509,237.70000,237.70000,237.70000,237.70000,0,2740,WAW__CCB
20130510,241.70000,241.70000,241.70000,241.70000,0,2740,WAW__CCB
20130513,236.70000,236.70000,236.70000,236.70000,0,2740,WAW__CCB
20130514,236.70000,236.70000,236.70000,236.70000,0,2740,WAW__CCB
20130515,236.70000,236.70000,236.70000,236.70000,0,2740,WAW__CCB
20130516,236.70000,236.70000,236.70000,236.70000,0,2740,WAW__CCB
20130517,236.70000,236.70000,236.70000,236.70000,50,2790,WAW__CCB
20130520,230.20000,230.20000,230.20000,230.20000,0,2790,WAW__CCB
20130521,230.20000,230.20000,230.20000,230.20000,0,2790,WAW__CCB
20130522,230.20000,230.20000,230.20000,230.20000,0,2790,WAW__CCB
20130523,230.20000,230.20000,230.20000,230.20000,100,2890,WAW__CCB
20130524,230.20000,230.20000,230.20000,230.20000,0,2790,WAW__CCB
20130527,230.20000,230.20000,230.20000,230.20000,0,2690,WAW__CCB
20130528,230.20000,230.20000,230.20000,230.20000,0,2690,WAW__CCB
20130529,247.70000,247.70000,247.70000,247.70000,0,2690,WAW__CCB
20130530,247.70000,247.70000,247.70000,247.70000,0,2690,WAW__CCB
20130531,247.70000,247.70000,247.70000,247.70000,0,2690,WAW__CCB
20130603,247.70000,247.70000,247.70000,247.70000,0,2690,WAW__CCB
20130604,256.20001,256.20001,256.20001,256.20001,0,2690,WAW__CCB
20130605,260.70001,260.70001,260.70001,260.70001,0,2690,WAW__CCB
20130606,261.70001,261.70001,261.70001,261.70001,0,2690,WAW__CCB
20130607,261.70001,261.70001,261.70001,261.70001,2340,5030,WAW__CCB
20130610,261.70001,261.70001,261.70001,261.70001,0,5030,WAW__CCB
20130611,261.70001,261.70001,261.70001,261.70001,0,2690,WAW__CCB
20130612,266.70001,266.70001,266.70001,266.70001,0,2690,WAW__CCB
20130613,266.70001,266.70001,266.70001,266.70001,0,250,WAW__CCB
20130614,266.70001,266.70001,266.70001,266.70001,0,250,WAW__CCB
20130617,266.70001,266.70001,266.70001,266.70001,0,250,WAW__CCB
20130618,266.70001,266.70001,266.70001,266.70001,0,250,WAW__CCB
20130619,266.70001,266.70001,266.70001,266.70001,0,250,WAW__CCB
20130620,266.70001,266.70001,266.70001,266.70001,0,250,WAW__CCB
20130621,266.70001,266.70001,266.70001,266.70001,0,250,WAW__CCB
20130624,266.70001,266.70001,266.70001,266.70001,0,250,WAW__CCB
20130625,266.70001,266.70001,266.70001,266.70001,0,250,WAW__CCB
20130626,266.70001,266.70001,266.70001,266.70001,0,250,WAW__CCB
20130627,279.20001,279.20001,279.20001,279.20001,0,250,WAW__CCB
20130628,286.20001,286.20001,286.20001,286.20001,0,250,WAW__CCB
20130701,286.20001,286.20001,286.20001,286.20001,0,250,WAW__CCB
20130702,295.00000,295.00000,295.00000,295.00000,251,1722,WAW__CCB
20130703,295.00000,295.00000,295.00000,295.00000,0,1722,WAW__CCB
20130704,300.00000,300.00000,300.00000,300.00000,25,1797,WAW__CCB
20130705,302.00000,302.00000,302.00000,302.00000,0,1797,WAW__CCB
20130708,310.70001,310.70001,310.70001,310.70001,0,1797,WAW__CCB
20130709,300.29999,300.29999,300.29999,300.29999,0,1797,WAW__CCB
20130710,305.00000,305.00000,305.00000,305.00000,0,1797,WAW__CCB
20130711,308.50000,308.50000,308.50000,308.50000,0,1797,WAW__CCB
20130712,306.00000,306.00000,306.00000,306.00000,0,1797,WAW__CCB
20130715,304.50000,304.50000,304.50000,304.50000,0,1797,WAW__CCB
20130716,303.00000,303.00000,303.00000,303.00000,0,1747,WAW__CCB
20130717,298.50000,298.50000,298.50000,298.50000,0,1747,WAW__CCB
20130718,298.00000,298.00000,298.00000,298.00000,0,1747,WAW__CCB
20130719,297.50000,297.50000,297.50000,297.50000,0,1747,WAW__CCB
20130722,289.00000,289.00000,289.00000,289.00000,0,1747,WAW__CCB
20130723,298.00000,298.00000,298.00000,298.00000,0,1747,WAW__CCB
20130724,290.00000,290.00000,290.00000,290.00000,0,1747,WAW__CCB
20130725,294.50000,294.50000,294.50000,294.50000,0,1747,WAW__CCB
20130726,294.50000,294.50000,294.50000,294.50000,0,1747,WAW__CCB
20130729,294.50000,294.50000,294.50000,294.50000,0,1747,WAW__CCB
20130730,294.50000,294.50000,294.50000,294.50000,0,1747,WAW__CCB
20130731,294.50000,294.50000,294.50000,294.50000,0,1747,WAW__CCB
20130801,304.29999,304.29999,304.29999,304.29999,0,1747,WAW__CCB
20130802,296.29999,296.29999,296.29999,296.29999,0,1747,WAW__CCB
20130805,302.79999,302.79999,302.79999,302.79999,0,1747,WAW__CCB
20130806,302.79999,302.79999,302.79999,302.79999,0,1747,WAW__CCB
20130807,302.79999,302.79999,302.79999,302.79999,0,1747,WAW__CCB
20130808,302.79999,302.79999,302.79999,302.79999,0,1747,WAW__CCB
20130809,291.29999,291.29999,291.29999,291.29999,0,1747,WAW__CCB
20130812,288.00000,288.00000,288.00000,288.00000,10,1757,WAW__CCB
20130813,289.79999,289.79999,289.79999,289.79999,0,1757,WAW__CCB
20130814,290.50000,290.50000,290.50000,290.50000,0,1757,WAW__CCB
20130815,290.50000,290.50000,290.50000,290.50000,0,1757,WAW__CCB
20130816,291.50000,291.50000,291.50000,291.50000,0,1757,WAW__CCB
20130819,291.50000,291.50000,291.50000,291.50000,0,1757,WAW__CCB
20130820,294.00000,294.00000,294.00000,294.00000,0,1757,WAW__CCB
20130821,297.50000,297.50000,292.50000,292.50000,25,1782,WAW__CCB
20130822,293.29999,293.29999,293.29999,293.29999,0,1757,WAW__CCB
20130823,290.00000,290.00000,290.00000,290.00000,0,1757,WAW__CCB
20130826,290.00000,290.00000,290.00000,290.00000,0,1757,WAW__CCB
20130827,290.00000,290.00000,290.00000,290.00000,0,1757,WAW__CCB
20130828,290.00000,290.00000,290.00000,290.00000,0,1757,WAW__CCB
20130829,304.00000,304.00000,304.00000,304.00000,0,1757,WAW__CCB
20130830,304.00000,304.00000,304.00000,304.00000,0,1757,WAW__CCB
20130902,302.50000,302.50000,302.50000,302.50000,0,1757,WAW__CCB
20130903,305.00000,305.00000,303.50000,303.50000,200,1957,WAW__CCB
20130904,300.00000,300.00000,297.00000,297.00000,100,2054,WAW__CCB
20130905,295.00000,295.00000,293.00000,293.00000,100,1992,WAW__CCB
20130906,290.00000,290.00000,290.00000,290.00000,200,2092,WAW__CCB
20130909,287.00000,287.00000,287.00000,287.00000,500,1892,WAW__CCB
20130910,282.50000,287.00000,282.50000,287.00000,750,2326,WAW__CCB
20130911,275.50000,275.50000,275.50000,275.50000,0,2326,WAW__CCB
20130912,275.50000,275.50000,275.50000,275.50000,0,2326,WAW__CCB
20130913,275.50000,275.50000,275.50000,275.50000,0,2326,WAW__CCB
20130916,272.50000,272.50000,272.50000,272.50000,0,2326,WAW__CCB
20130917,273.00000,273.00000,273.00000,273.00000,0,2326,WAW__CCB
20130918,275.00000,275.00000,275.00000,275.00000,0,2326,WAW__CCB
20130919,271.50000,271.50000,271.50000,271.50000,0,2326,WAW__CCB
20130920,275.00000,275.00000,275.00000,275.00000,0,2326,WAW__CCB
20130923,275.50000,275.50000,275.50000,275.50000,0,2326,WAW__CCB
20130924,278.29999,278.29999,278.29999,278.29999,0,2326,WAW__CCB
20130925,278.29999,278.29999,278.29999,278.29999,0,2326,WAW__CCB
20130926,278.29999,278.29999,278.29999,278.29999,0,2326,WAW__CCB
20130927,278.29999,278.29999,278.29999,278.29999,0,2326,WAW__CCB
20130930,285.00000,285.00000,285.00000,285.00000,0,2326,WAW__CCB
20131001,285.00000,285.00000,285.00000,285.00000,0,2326,WAW__CCB
20131002,285.00000,285.00000,285.00000,285.00000,0,2326,WAW__CCB
20131003,285.00000,285.00000,285.00000,285.00000,0,2326,WAW__CCB
20131004,285.00000,285.00000,285.00000,285.00000,0,2326,WAW__CCB
20131007,285.00000,285.00000,285.00000,285.00000,0,2326,WAW__CCB
20131008,285.00000,285.00000,285.00000,285.00000,0,2326,WAW__CCB
20131009,285.00000,285.00000,285.00000,285.00000,0,2326,WAW__CCB
20131010,285.00000,285.00000,285.00000,285.00000,0,2326,WAW__CCB
20131011,285.00000,285.00000,285.00000,285.00000,0,2326,WAW__CCB
20131014,285.00000,285.00000,285.00000,285.00000,0,2326,WAW__CCB
20131015,290.00000,290.00000,290.00000,290.00000,0,2326,WAW__CCB
20131016,284.00000,284.00000,284.00000,284.00000,0,2326,WAW__CCB
20131017,284.00000,284.00000,284.00000,284.00000,0,2326,WAW__CCB
20131018,284.00000,284.00000,284.00000,284.00000,250,2326,WAW__CCB
20131021,284.00000,284.00000,284.00000,284.00000,0,2326,WAW__CCB
20131022,284.00000,284.00000,284.00000,284.00000,0,2326,WAW__CCB
20131023,284.00000,284.00000,284.00000,284.00000,0,2326,WAW__CCB
20131024,284.00000,284.00000,284.00000,284.00000,0,2326,WAW__CCB
20131025,284.00000,284.00000,284.00000,284.00000,0,2326,WAW__CCB
