Date,Market,Contracts,Points,SCALEDPROFIT,REALPROFIT
19991029,FCE,1,-245.475,-1.17131,-0.98390
19991111,NQ,1,-145.105,-1.45355,-1.16284
19991129,JY,1,-0.026,-1.04113,-1.29100
19991213,PA2,2,-14.956,-0.37515,-1.20048
19991216,HG2,2,-2.744,-0.22286,-0.55270
19991221,GO,2,-14.347,-0.45706,-1.15180
19991221,HO2,1,-0.028,-0.30199,-0.47111
19991227,ES,1,-68.767,-0.98382,-1.37735
19991228,CD,3,-0.004,-0.42380,-0.50856
19991229,CL2,1,-0.833,-0.18620,-0.33516
20000105,LB,1,-25.989,-1.97503,-1.14551
20000118,HO2,1,0.122,1.31553,2.05222
20000118,GO,2,-2.210,-0.07175,-0.18080
20000118,CL2,1,5.109,1.13431,2.04176
20000118,NK,1,340.000,0.84750,0.67800
20000120,NQ,1,-254.380,-2.54630,-2.03704
20000124,PA2,1,219.851,5.49503,8.79204
20000204,FCE,1,-160.980,-0.76895,-0.64592
20000204,NQ,1,323.835,3.23585,2.58868
20000204,LB,1,-22.702,-1.72567,-1.00089
20000207,HO2,1,0.035,0.37392,0.58331
20000223,PA2,1,0.000,-0.00125,-0.00200
20000223,CT2,2,-0.335,-0.10781,-0.13800
20000225,BAX,4,-0.214,-1.73312,-0.86240
20000301,NK,1,-965.000,-2.41500,-1.93200
20000302,GO,2,-0.148,-0.00627,-0.01580
20000303,FCE,1,-267.105,-1.27431,-1.07042
20000320,S2,2,1.528,0.02099,0.05710
20000324,NQ,1,-369.745,-3.69995,-2.95996
20000328,NG2,1,1.034,4.91905,4.13200
20000329,NK,1,-590.800,-1.47950,-1.18360
20000405,BAX,5,-0.170,-1.38585,-0.86200
20000410,LSS,12,-0.100,-0.37286,-0.62640
20000411,TY2,2,-1.979,-1.80327,-1.58688
20000420,HO2,1,0.097,1.03875,1.62044
20000515,GO,2,18.265,0.57825,1.45720
20000515,SB2,5,1.388,1.14774,3.09890
20000517,FCE,1,-446.175,-2.12702,-1.78670
20000519,CL2,1,1.472,0.32604,0.58688
20000522,LSS,12,1.036,3.68500,6.19080
20000602,FCE,1,-77.230,-0.37014,-0.31092
20000602,LLG,1,-1.929,-0.64477,-0.77372
20000606,NG2,1,-0.405,-1.92957,-1.62084
20000616,NG2,1,-0.309,-1.47248,-1.23688
20000623,NG2,1,-0.198,-0.94500,-0.79380
20000630,SB2,4,-0.680,-0.56769,-1.22620
20000705,TY2,2,1.724,1.56264,1.37512
20000713,SB2,4,0.952,0.78635,1.69852
20000721,PA2,1,52.343,1.30731,2.09170
20000724,HG2,3,1.704,0.13581,0.50520
20000728,TU2,3,0.507,4.48133,1.20996
20000804,BAX,6,0.119,0.93891,0.70080
20000804,ED,6,0.241,2.98875,1.43460
20000804,SB2,4,-0.624,-0.52148,-1.12639
20000810,GO,2,60.605,1.92238,4.84440
20000811,HO2,1,0.122,1.31634,2.05350
20000815,CL2,1,2.067,0.45822,0.82480
20000822,NG2,1,0.146,0.69205,0.58132
20000901,LES,6,0.076,0.37000,0.44400
20000905,NQ,1,-465.660,-4.65910,-3.72728
20001013,GO,1,-23.000,-0.73175,-0.92200
20001013,HO2,1,-0.078,-0.84431,-1.31712
20001013,CL2,1,-3.084,-0.68642,-1.23556
20001016,SB2,3,-0.496,-0.41495,-0.67222
20001018,RR2,4,-30.940,-0.62380,-0.99808
20001101,PA2,1,108.155,2.70263,4.32420
20001115,NG2,1,-0.385,-1.83724,-1.54328
20001116,CL2,1,-2.348,-0.52280,-0.94104
20001116,HO2,1,-0.056,-0.60874,-0.94964
20001117,LLG,2,0.889,0.29470,0.70728
20001122,NG2,1,2.294,10.92086,9.17352
20001124,TY2,2,2.907,2.63835,2.32175
20001128,CT2,2,-3.142,-0.98491,-1.26068
20001130,GBS,10,0.842,2.14513,3.34640
20001130,TU2,4,1.393,12.36285,4.45062
20001130,ED,8,1.041,12.99125,8.31440
20001130,LEU,8,0.553,2.75350,4.40560
20001201,BAX,8,0.662,5.30386,5.27840
20001201,LES,7,0.300,1.49000,2.08600
20001204,S2,2,-19.530,-0.28868,-0.78520
20001218,PA2,1,93.961,2.34778,3.75644
20010102,NG2,1,0.000,-0.00238,-0.00200
20010108,SF,1,-0.021,-1.33844,-1.07075
20010108,EC,1,-0.038,-2.09111,-1.88200
20010109,TY2,2,-1.300,-1.18665,-1.04425
20010110,NG2,1,-0.950,-4.52619,-3.80200
20010123,PA2,1,-45.000,-1.12625,-1.80200
20010130,LSS,15,-0.099,-0.36786,-0.77250
20010201,BAX,6,-0.173,-1.40675,-1.05000
20010201,ED,5,-0.252,-3.17188,-1.26875
20010226,BAX,5,0.195,1.54823,0.96300
20010226,ED,5,0.181,2.23563,0.89425
20010228,LSS,14,-0.002,-0.02250,-0.04410
20010302,TY2,2,-0.743,-0.67969,-0.59813
20010315,TU2,3,-0.375,-3.35556,-0.90600
20010316,LLG,2,-0.804,-0.26977,-0.64744
20010319,LES,7,-0.055,-0.28700,-0.40180
20010322,GBS,8,-0.203,-0.53231,-0.66432
20010322,LEU,6,-0.161,-0.81400,-0.97680
20010405,ED,4,-0.187,-2.35625,-0.75400
20010423,ED,4,0.274,3.40563,1.08980
20010430,LB,1,61.805,4.68521,2.71742
20010510,BAX,4,-0.301,-2.43489,-1.21160
20010518,GO,2,-6.755,-0.21603,-0.54440
20010612,BAX,4,-0.219,-1.77572,-0.88360
20010615,HO2,1,-0.064,-0.69336,-1.08164
20010618,TU2,3,-0.361,-3.23466,-0.87336
20010625,SB2,4,-0.448,-0.37496,-0.80992
20010702,CD,3,-0.010,-1.03300,-1.23960
20010702,S2,3,34.507,0.50599,2.06445
20010719,TU2,3,0.353,3.11556,0.84120
20010719,BAX,4,2.071,16.63023,8.27520
20010719,ED,4,1.679,20.96750,6.70960
20010730,LEU,5,0.856,4.27150,4.27150
20010801,LES,6,0.681,3.39750,4.07700
20010801,GBS,7,1.485,3.79385,4.14288
20010814,TY2,2,4.693,4.26221,3.75075
20010816,AD,1,-0.013,-0.89807,-0.53884
20010820,GC2,3,3.200,0.04922,0.37800
20010829,BP,1,-0.024,-1.27927,-0.61405
20010829,LLG,2,-1.631,-0.54520,-1.30848
20010831,EC,1,-0.027,-1.49000,-1.34100
20010831,SF,1,-0.016,-1.02569,-0.82055
20010910,TU2,3,1.810,16.06375,4.33721
20010910,LSS,9,0.740,2.62857,3.31200
20010914,SF,1,0.006,0.38794,0.31035
20010914,BP,1,-0.029,-1.49063,-0.71550
20010917,EC,1,-0.021,-1.17067,-1.05360
20011004,LLG,2,1.907,0.63407,1.52176
20011026,LES,6,0.107,0.52400,0.62880
20011204,BAX,4,-0.278,-2.24839,-1.11880
20011212,BAX,4,0.072,0.56350,0.28040
20020107,ES,1,-63.187,-0.90410,-1.26574
20020107,W2,3,-16.930,-0.35479,-1.02180
20020108,ED,4,-0.072,-0.92375,-0.29560
20020109,AD,2,-0.016,-1.07793,-1.29352
20020110,SB2,5,-0.456,-0.38210,-1.03166
20020201,HG2,3,-2.303,-0.18734,-0.69690
20020213,LB,1,8.832,0.66657,0.38661
20020225,TU2,2,-0.687,-6.13244,-1.10384
20020307,AD,2,0.042,2.76593,3.31912
20020315,S2,3,-12.345,-0.18301,-0.74670
20020319,HG2,3,-3.885,-0.31492,-1.17150
20020319,CL2,1,-0.254,-0.05764,-0.10376
20020328,SI2,3,-16.896,-0.07554,-1.01976
20020402,HO2,1,-0.060,-0.64744,-1.01000
20020403,GO,2,-15.373,-0.48960,-1.23380
20020403,GC2,3,11.176,0.17384,1.33512
20020403,LES,4,2.492,12.45050,9.96040
20020415,ED,3,1.601,19.98562,4.79655
20020422,CD,3,0.009,0.94380,1.13256
20020422,BP,2,0.114,5.90792,5.67160
20020425,S2,3,-20.885,-0.30860,-1.25910
20020429,TU2,2,3.454,30.68000,5.52240
20020430,SF,1,0.057,3.57244,2.85795
20020501,NG2,1,-0.327,-1.56076,-1.31104
20020506,EC,1,0.075,4.15394,3.73855
20020513,CL2,1,-0.860,-0.19222,-0.34600
20020515,HO2,1,-0.052,-0.56343,-0.87894
20020516,S2,3,10.588,0.15423,0.62925
20020520,JY,1,0.045,1.80399,2.23695
20020521,SI2,2,9.500,0.04178,0.37600
20020523,NK,1,-472.850,-1.18463,-0.94770
20020604,HG2,3,-2.391,-0.19444,-0.72330
20020605,TY2,1,9.634,8.75341,3.85150
20020617,GBS,7,0.980,2.50103,2.73112
20020617,LEU,6,0.456,2.26775,2.72130
20020617,LSS,9,0.812,2.88643,3.63690
20020624,CD,3,-0.006,-0.61160,-0.73392
20020627,BAX,4,0.257,2.05064,1.02040
20020701,S2,3,17.512,0.25607,1.04475
20020711,W2,3,12.382,0.25589,0.73695
20020712,SB2,5,-0.379,-0.31788,-0.85829
20020715,LLG,2,1.570,0.52180,1.25232
20020722,RR2,5,-38.800,-0.78100,-1.56200
20020814,S2,2,-18.045,-0.26684,-0.72580
20020815,CL2,1,0.930,0.20564,0.37016
20020816,GO,2,11.502,0.36357,0.91620
20020903,W2,3,26.880,0.55792,1.60680
20020904,LLG,2,-0.902,-0.30240,-0.72576
20020904,GBS,6,0.146,0.36282,0.33960
20020904,LEU,5,0.058,0.27900,0.27900
20020904,SB2,5,1.038,0.85720,2.31445
20020906,HO2,1,-0.033,-0.35474,-0.55339
20020911,S2,2,-23.627,-0.34893,-0.94910
20020920,LSS,8,-0.161,-0.59036,-0.66120
20021015,NG2,1,-0.560,-2.66905,-2.24200
20021029,BAX,3,0.138,1.09646,0.40920
20021030,ED,4,0.398,4.94375,1.58200
20021101,TU2,2,-0.826,-7.36313,-1.32536
20021104,AD,2,0.048,3.17913,3.81496
20021104,EC,1,0.087,4.81211,4.33090
20021108,BP,1,-0.026,-1.36104,-0.65330
20021113,GBS,5,1.241,3.17000,2.47260
20021129,S2,2,-20.380,-0.30118,-0.81920
20021203,HG2,4,-2.976,-0.24157,-1.19820
20021203,NQ,1,-122.210,-1.22460,-0.97968
20021204,SB2,4,-0.596,-0.49791,-1.07549
20021209,GC2,3,40.683,0.63489,4.87596
20021209,LEU,5,0.317,1.57725,1.57725
20021211,NG2,1,0.189,0.89552,0.75224
20021212,CD,2,-0.008,-0.80540,-0.64432
20021216,BP,1,0.036,1.84823,0.88715
20021218,SF,1,0.032,2.02537,1.62030
20021219,TU2,2,-0.146,-1.31958,-0.23753
20021223,CT2,2,-2.476,-0.77681,-0.99432
20021226,TY2,1,-1.399,-1.27628,-0.56156
20021230,LSS,9,0.209,0.73036,0.92025
20030102,SI2,3,-7.679,-0.03457,-0.46674
20030106,NG2,1,2.100,9.99829,8.39856
20030113,CD,3,0.024,2.44320,2.93184
20030115,JY,1,-0.021,-0.84468,-1.04740
20030116,HG2,4,-0.010,-0.00242,-0.01200
20030117,CL2,1,3.740,0.83000,1.49400
20030120,LLG,2,1.305,0.43337,1.04008
20030121,SB2,4,0.664,0.54717,1.18189
20030123,TU2,2,0.343,3.02368,0.54426
20030127,HO2,1,0.116,1.25286,1.95446
20030127,GO,2,77.202,2.44929,6.17220
20030203,CT2,2,1.202,0.37253,0.47684
20030210,LB,1,-13.700,-1.04276,-0.60480
20030214,TY2,1,0.253,0.22528,0.09913
20030220,HO2,1,0.012,0.12602,0.19659
20030226,JY,1,-0.020,-0.79343,-0.98385
20030227,HG2,4,-3.077,-0.24976,-1.23880
20030228,S2,2,14.810,0.21632,0.58840
20030303,NG2,1,-0.159,-0.76105,-0.63928
20030312,RR2,5,68.830,1.37160,2.74320
20030328,CD,2,-0.013,-1.30840,-1.04672
20030411,CD,2,0.039,3.86570,3.09256
20030421,AD,2,0.051,3.40273,4.08328
20030421,RR2,4,36.345,0.72190,1.15504
20030430,NQ,2,90.510,0.90260,1.44416
20030430,EC,1,0.044,2.43861,2.19475
20030430,S2,2,-3.108,-0.04717,-0.12830
20030507,SF,1,-0.003,-0.19912,-0.15930
20030507,ED,7,0.021,0.23500,0.13160
20030507,TU2,3,0.267,2.35206,0.63506
20030508,JY,1,-0.021,-0.83605,-1.03670
20030509,TY2,1,1.975,1.79134,0.78819
20030513,ES,1,15.758,0.22368,0.31315
20030516,GBS,7,0.245,0.61487,0.67144
20030516,LES,7,-0.078,-0.40000,-0.56000
20030519,LEU,7,0.067,0.32475,0.45465
20030603,FCE,1,228.915,1.08769,0.91366
20030606,BP,1,-0.017,-0.90042,-0.43220
20030606,CD,2,-0.016,-1.64340,-1.31472
20030609,BAX,5,0.027,0.19936,0.12400
20030611,LLG,1,-1.691,-0.56520,-0.67824
20030702,NK,2,-50.000,-0.12750,-0.20400
20030711,CL2,1,-1.268,-0.28291,-0.50924
20030715,HG2,3,-1.650,-0.13468,-0.50100
20030718,BAX,4,-0.214,-1.73312,-0.86240
20030724,SI2,3,-8.713,-0.03917,-0.52878
20030724,RR2,3,-11.420,-0.23340,-0.28008
20030724,W2,2,12.418,0.25661,0.49270
20030804,HO2,1,-0.062,-0.67238,-1.04891
20030804,GO,1,-16.567,-0.52754,-0.66470
20030819,NK,1,170.000,0.42250,0.33800
20030820,NQ,2,11.085,0.10835,0.17336
20030822,LES,7,-0.144,-0.72800,-1.01920
20030822,LB,1,8.600,0.64896,0.37640
20030825,PA2,1,10.958,0.27270,0.43632
20030828,GC2,2,-0.475,-0.00820,-0.04200
20030902,ES,1,-13.525,-0.19464,-0.27250
20030904,HG2,3,9.070,0.72988,2.71515
20030910,SI2,2,-15.907,-0.07114,-0.64028
20030912,CT2,2,11.700,3.65313,4.67600
20030919,AD,1,0.097,6.43120,3.85872
20030923,BAX,4,-0.198,-1.61013,-0.80120
20030923,S2,2,107.663,1.58180,4.30250
20030930,JY,1,-0.002,-0.09294,-0.11525
20031001,LES,8,-0.161,-0.81550,-1.30480
20031008,ES,1,86.835,1.23907,1.73470
20031010,GO,2,-2.935,-0.09476,-0.23880
20031013,HO2,1,-0.066,-0.70883,-1.10578
20031013,NQ,2,-48.365,-0.48615,-0.77784
20031014,CD,1,-0.012,-1.22330,-0.48932
20031021,NK,1,-720.000,-1.80250,-1.44200
20031027,GC2,2,21.263,0.33145,1.69704
20031030,BP,1,-0.039,-2.03495,-0.97678
20031104,FCE,2,193.795,0.92045,1.54636
20031111,W2,2,-7.945,-0.16760,-0.32180
20031113,CD,1,-0.016,-1.61450,-0.64580
20031114,JY,1,-0.002,-0.06423,-0.07965
20031117,SI2,2,82.518,0.36630,3.29672
20031119,BP,1,0.111,5.76161,2.76558
20031119,EC,1,0.053,2.93294,2.63965
20031119,SF,1,0.018,1.10156,0.88125
20031120,GO,1,-19.462,-0.61944,-0.78050
20031124,LES,7,-0.184,-0.92850,-1.29990
20031203,HG2,3,35.833,2.88815,10.74390
20031204,RR2,3,-47.255,-0.95010,-1.14012
20031212,BAX,5,0.570,4.56350,2.83850
20031215,HO2,1,-0.022,-0.23282,-0.36320
20031215,CL2,1,0.531,0.11696,0.21052
20031215,GBS,6,1.168,2.98231,2.79144
20031216,GO,1,-2.225,-0.07222,-0.09100
20031216,LES,6,-0.108,-0.55250,-0.66300
20031218,TU2,2,0.771,6.83485,1.23027
20031218,TY2,1,2.997,2.72045,1.19700
20031230,NQ,2,2.815,0.02565,0.04104
20031231,CD,1,-0.008,-0.82390,-0.32956
20040107,HO2,1,-0.049,-0.53022,-0.82715
20040107,RR2,3,-49.500,-0.99500,-1.19400
20040112,NG2,1,-0.250,-1.19233,-1.00156
20040112,ED,8,-0.142,-1.79688,-1.15000
20040112,LES,7,0.047,0.22400,0.31360
20040113,S2,1,-26.618,-0.39290,-0.53435
20040121,HO2,1,-0.057,-0.61223,-0.95508
20040121,LEU,7,0.094,0.45850,0.64190
20040123,AD,1,-0.022,-1.45447,-0.87268
20040129,SI2,2,-23.508,-0.10492,-0.94432
20040209,BP,1,0.016,0.82568,0.39632
20040209,LB,1,-3.088,-0.23771,-0.13787
20040210,S2,1,151.335,2.22404,3.02470
20040211,AD,1,-0.006,-0.41687,-0.25012
20040212,ED,7,-0.021,-0.29375,-0.16450
20040218,SI2,1,-39.459,-0.17582,-0.79118
20040218,CL2,1,0.576,0.12693,0.22848
20040218,EC,1,-0.041,-2.29189,-2.06270
20040302,SI2,1,78.529,0.34857,1.56858
20040302,NK,1,-227.300,-0.57075,-0.45660
20040302,RR2,3,20.800,0.41100,0.49320
20040309,PA2,1,50.310,1.25651,2.01042
20040309,LLG,2,-1.389,-0.46483,-1.11560
20040316,GO,1,-13.365,-0.42587,-0.53660
20040326,NK,1,-94.000,-0.23750,-0.19000
20040329,GC2,2,-11.632,-0.18253,-0.93456
20040331,LB,1,30.872,2.33856,1.35637
20040401,JY,1,-0.020,-0.79319,-0.98355
20040413,CL2,1,1.942,0.43044,0.77480
20040414,GO,1,33.840,1.07270,1.35160
20040416,HO2,1,-0.001,-0.01344,-0.02097
20040423,RR2,2,-3.310,-0.07120,-0.05696
20040426,FCE,2,-151.400,-0.72333,-1.21520
20040525,NG2,1,-0.633,-3.01710,-2.53436
20040618,SB2,5,-0.120,-0.10326,-0.27880
20040621,FCE,2,-123.970,-0.59271,-0.99576
20040702,HO2,1,0.081,0.86740,1.35314
20040702,GO,1,36.750,1.16508,1.46800
20040706,SF,1,-0.025,-1.56325,-1.25060
20040719,EC,1,-0.039,-2.19611,-1.97650
20040719,BP,1,-0.056,-2.94313,-1.41270
20040722,LB,1,-16.100,-1.22483,-0.71040
20040729,CL2,1,2.312,0.51260,0.92268
20040816,CD,1,0.065,6.52640,2.61056
20040816,LEU,9,-0.117,-0.59575,-1.07235
20040816,TY2,1,0.274,0.24489,0.10775
20040819,LB,1,-21.652,-1.64601,-0.95469
20040823,GC2,2,-14.755,-0.23133,-1.18440
20040823,GBS,8,-0.270,-0.70590,-0.88096
20040901,TU2,3,-0.519,-4.63557,-1.25160
20040901,LLG,2,0.438,0.14450,0.34680
20040913,LSS,13,0.151,0.52393,0.95355
20040917,ED,6,-0.228,-2.87375,-1.37940
20040917,TU2,3,-0.446,-3.98695,-1.07648
20040921,HG2,1,-1.000,-0.08226,-0.10200
20040921,GO,1,76.688,2.43294,3.06550
20040922,HO2,1,0.167,1.80256,2.81200
20040923,CL2,1,4.182,0.92829,1.67093
20041001,GC2,2,20.717,0.32292,1.65336
20041001,SI2,1,31.600,0.14000,0.63000
20041001,AD,1,0.042,2.76840,1.66104
20041001,EC,1,0.089,4.95522,4.45970
20041011,LES,7,-0.063,-0.32700,-0.45780
20041011,LEU,10,-0.045,-0.23300,-0.46600
20041011,GBS,9,0.194,0.48513,0.68112
20041012,SB2,4,-0.598,-0.49949,-1.07890
20041021,TY2,2,-1.599,-1.45853,-1.28350
20041101,NQ,2,75.870,0.75620,1.20992
20041104,ES,2,37.360,0.53229,1.49040
20041104,SF,1,0.020,1.24300,0.99440
20041108,JY,1,0.006,0.22718,0.28170
20041112,FCE,2,124.000,0.58810,0.98800
20041115,LLG,2,0.340,0.11153,0.26768
20041124,BP,1,0.035,1.82922,0.87802
20041126,LEU,11,-0.080,-0.41175,-0.90585
20041209,BAX,5,-0.213,-1.72749,-1.07450
20041229,HG2,1,-6.337,-0.51266,-0.63570
20050103,LES,7,0.441,2.19550,3.07370
20050114,LSS,15,-0.159,-0.58321,-1.22475
20050119,NK,2,171.500,0.42625,0.68200
20050124,LB,1,5.672,0.42684,0.24757
20050126,BAX,5,-0.169,-1.37862,-0.85750
20050127,SB2,5,-0.479,-0.40068,-1.08184
20050131,LEU,10,-0.075,-0.38500,-0.77000
20050211,AD,1,-0.009,-0.57387,-0.34432
20050218,HG2,1,-6.700,-0.54194,-0.67200
20050223,CT2,2,0.600,0.18438,0.23600
20050223,S2,2,65.065,0.95537,2.59860
20050301,LB,1,-26.667,-2.02646,-1.17535
20050307,ES,2,-34.505,-0.49436,-1.38420
20050308,GBS,10,-0.320,-0.83333,-1.30000
20050309,BP,1,-0.050,-2.61380,-1.25463
20050315,CL2,1,-2.647,-0.58939,-1.06091
20050317,HO2,1,-0.081,-0.87807,-1.36979
20050317,GO,1,-10.795,-0.34429,-0.43380
20050329,CT2,2,-2.310,-0.72500,-0.92800
20050404,LEU,11,0.234,1.16225,2.55695
20050405,GBS,10,0.664,1.68974,2.63600
20050520,FCE,3,132.540,0.62876,1.58448
20050525,LLG,2,-0.509,-0.17140,-0.41136
20050601,TY2,2,-0.969,-0.88552,-0.77926
20050601,BAX,6,-0.153,-1.24196,-0.92700
20050601,S2,1,20.957,0.30673,0.41715
20050602,LSS,16,-0.135,-0.49714,-1.11360
20050606,HG2,1,-4.384,-0.35516,-0.44040
20050614,HO2,1,-0.029,-0.30896,-0.48198
20050623,GBS,12,-0.275,-0.71769,-1.34352
20050623,LSS,16,0.103,0.35321,0.79120
20050627,BAX,6,-0.205,-1.66559,-1.24320
20050628,GO,1,-21.750,-0.69206,-0.87200
20050628,LLG,2,-1.278,-0.42770,-1.02648
20050711,FCE,3,83.355,0.39455,0.99426
20050712,ES,2,-11.372,-0.16389,-0.45890
20050715,NQ,2,-14.680,-0.14930,-0.23888
20050719,HG2,1,5.994,0.48177,0.59740
20050719,SB2,6,0.312,0.25514,0.82666
20050728,NK,2,1515.300,3.78575,6.05720
20050802,NG2,1,0.848,4.03386,3.38844
20050808,CL2,1,1.374,0.30433,0.54780
20050811,HO2,1,-0.077,-0.83472,-1.30217
20050812,GC2,3,-15.600,-0.24453,-1.87800
20050812,GO,1,4.350,0.13651,0.17200
20050812,CD,2,0.006,0.63020,0.50416
20050825,NG2,1,1.110,5.28562,4.43992
20050831,HO2,1,-0.025,-0.27144,-0.42344
20050901,LLG,2,-1.220,-0.40820,-0.97968
20050912,GC2,3,13.720,0.21359,1.64040
20050912,SB2,6,-0.322,-0.27084,-0.87754
20050920,NG2,1,-0.630,-3.00238,-2.52200
20050922,HG2,1,2.228,0.17810,0.22085
20050927,FCE,2,-35.145,-0.16974,-0.28516
20050928,SB2,5,0.285,0.23307,0.62930
20050929,NG2,1,-1.495,-7.12143,-5.98200
20051011,PA2,3,42.038,1.04970,5.03856
20051102,NK,1,1446.300,3.61325,2.89060
20051104,NQ,2,20.000,0.19750,0.31600
20051107,HG2,1,48.748,3.92968,4.87280
20051107,RR2,3,-41.020,-0.82540,-0.99048
20051109,LB,1,-17.000,-1.29310,-0.75000
20051116,SB2,4,2.068,1.71172,3.69732
20051117,SI2,2,50.383,0.22348,2.01132
20051118,GC2,2,21.400,0.33359,1.70800
20051205,PA2,2,1.033,0.02458,0.07864
20051205,FCE,2,78.925,0.37345,0.62740
20051206,CD,1,-0.014,-1.40510,-0.56204
20051212,RR2,4,10.995,0.21490,0.34384
20051222,NK,1,-2.200,-0.00800,-0.00640
20051223,LB,1,-4.055,-0.31107,-0.18042
20060104,GC2,2,15.667,0.24402,1.24936
20060104,SI2,1,10.000,0.04400,0.19800
20060105,SB2,4,3.327,2.75681,5.95470
20060109,NQ,2,-40.130,-0.40380,-0.64608
20060109,ES,2,-27.507,-0.39439,-1.10430
20060116,LLG,2,-0.866,-0.29040,-0.69696
20060130,NK,1,-670.000,-1.67750,-1.34200
20060130,FCE,2,-13.135,-0.06493,-0.10908
20060201,PA2,1,0.151,0.00253,0.00404
20060201,CD,1,-0.015,-1.46140,-0.58456
20060216,LES,7,-0.160,-0.81250,-1.13750
20060221,W2,3,-14.710,-0.30854,-0.88860
20060303,SI2,1,357.309,1.58760,7.14418
20060314,FCE,2,5.570,0.02414,0.04056
20060316,ES,2,-19.820,-0.28457,-0.79680
20060320,HG2,1,49.510,3.99113,4.94900
20060323,PA2,1,0.980,0.02325,0.03720
20060330,GO,1,17.668,0.55929,0.70470
20060330,NK,1,-315.550,-0.79138,-0.63310
20060331,GC2,1,100.489,1.56936,4.01756
20060407,PA2,1,5.000,0.12375,0.19800
20060419,EC,1,0.021,1.17706,1.05935
20060424,HG2,1,11.318,0.91117,1.12985
20060427,CD,2,0.002,0.16140,0.12912
20060502,HG2,1,32.000,2.57903,3.19800
20060503,BP,1,0.008,0.42984,0.20632
20060508,FCE,2,-144.000,-0.68810,-1.15600
20060511,RB2,1,-0.232,-1.94980,-3.89960
20060511,SF,1,-0.010,-0.61456,-0.49165
20060512,HO2,1,-0.135,-1.45626,-2.27176
20060512,SI2,1,-170.000,-0.75600,-3.40200
20060515,W2,2,-3.845,-0.08219,-0.15780
20060531,CD,1,-0.020,-2.00330,-0.80132
20060613,CD,1,-0.019,-1.85570,-0.74228
20060714,CL2,1,-5.468,-1.21624,-2.18924
20060731,AD,1,-0.017,-1.15260,-0.69156
20060804,BP,1,-0.025,-1.30573,-0.62675
20060808,GO,1,-49.508,-1.57325,-1.98230
20060810,RR2,3,-27.730,-0.55960,-0.67152
20060821,TY2,2,0.485,0.43594,0.38363
20060822,EC,1,-0.028,-1.57550,-1.41795
20060831,FCE,1,102.930,0.48776,0.40972
20060911,BAX,7,-0.079,-0.64791,-0.56420
20060919,ES,1,82.435,1.17621,1.64670
20060921,LES,10,-0.011,-0.06300,-0.12600
20060922,TU2,4,-0.203,-1.82959,-0.65865
20060922,ED,7,-0.093,-1.18875,-0.66570
20060926,LLG,2,-1.330,-0.44487,-1.06768
20061005,NK,1,-217.600,-0.54650,-0.43720
20061005,NQ,2,57.132,0.56883,0.91012
20061017,W2,2,-36.428,-0.76099,-1.46110
20061101,AD,2,-0.000,-0.00553,-0.00664
20061101,BP,1,0.032,1.67911,0.80597
20061127,S2,2,-30.390,-0.44838,-1.21960
20061128,SI2,1,-48.725,-0.21700,-0.97650
20061128,TY2,2,-0.450,-0.41320,-0.36362
20061204,BAX,8,-0.138,-1.12460,-1.11920
20061204,TU2,4,-0.360,-3.21956,-1.15904
20061215,FCE,2,33.125,0.15536,0.26100
20061215,NK,1,666.950,1.66488,1.33190
20070103,AD,2,-0.017,-1.14813,-1.37776
20070109,RR2,3,-33.985,-0.68470,-0.82164
20070112,NQ,2,-62.140,-0.62390,-0.99824
20070116,S2,2,25.840,0.37853,1.02960
20070123,PA2,1,-13.342,-0.33480,-0.53568
20070124,BP,1,-0.039,-2.01984,-0.96953
20070202,GC2,1,-4.364,-0.06897,-0.17656
20070222,SI2,1,-57.581,-0.25636,-1.15362
20070319,AD,2,0.024,1.60787,1.92944
20070319,EC,1,0.008,0.45417,0.40875
20070320,RB2,1,0.114,0.95407,1.90814
20070412,PA2,1,-5.707,-0.14393,-0.23028
20070413,GO,1,7.352,0.23183,0.29210
20070413,HO2,1,0.057,0.61611,0.96113
20070413,BP,1,-0.010,-0.52047,-0.24983
20070416,FCE,2,239.205,1.13669,1.90964
20070417,ES,1,24.122,0.34318,0.48045
20070418,HG2,1,-20.284,-1.63742,-2.03040
20070420,CD,2,0.059,5.89470,4.71576
20070425,RB2,1,0.131,1.10158,2.20315
20070425,SF,1,-0.018,-1.15244,-0.92195
20070518,NG2,1,-0.851,-4.05543,-3.40656
20070522,NQ,2,54.678,0.54428,0.87084
20070522,S2,1,12.363,0.18033,0.24525
20070601,NK,1,-390.750,-0.97937,-0.78350
20070606,AD,2,0.029,1.89813,2.27776
20070611,W2,1,26.280,0.54542,0.52360
20070702,BP,1,0.026,1.34661,0.64637
20070703,S2,1,2.007,0.02805,0.03815
20070709,RB2,1,-0.131,-1.09999,-2.19998
20070711,EC,1,-0.015,-0.86100,-0.77490
20070713,ES,1,-42.095,-0.60279,-0.84390
20070716,CL2,1,-0.880,-0.19676,-0.35416
20070723,HG2,1,-28.853,-2.32843,-2.88725
20070725,W2,1,171.747,3.57599,3.43295
20070816,ED,7,0.052,0.62813,0.35175
20070906,TY2,2,-0.691,-0.63281,-0.55687
20070906,TU2,3,-0.246,-2.21038,-0.59680
20070907,GO,1,1.702,0.05246,0.06610
20070910,GBS,8,-0.299,-0.77962,-0.97296
20070911,HO2,1,0.310,3.33692,5.20560
20070912,CL2,1,14.340,3.18544,5.73380
20070913,EC,1,0.011,0.61900,0.55710
20070913,SF,1,-0.003,-0.17706,-0.14165
20070914,CD,1,0.064,6.37500,2.55000
20070917,LLG,2,-1.225,-0.40993,-0.98384
20070917,S2,1,-11.765,-0.17449,-0.23730
20070918,GC2,1,76.995,1.20227,3.07780
20070926,NQ,2,50.265,0.50015,0.80024
20070927,W2,1,-46.905,-0.97927,-0.94010
20070928,CT2,1,-4.270,-1.33737,-0.85592
20071001,AD,1,0.012,0.77053,0.46232
20071017,GO,1,65.010,2.06222,2.59840
20071019,EC,1,0.028,1.52900,1.37610
20071022,BP,1,0.001,0.06875,0.03300
20071022,TU2,2,0.612,5.42117,0.97581
20071025,TY2,2,1.607,1.45667,1.28187
20071026,RB2,1,0.034,0.28592,0.57184
20071030,SI2,1,-10.338,-0.04639,-0.20876
20071030,S2,1,187.497,2.75585,3.74795
20071031,SF,1,0.025,1.57181,1.25745
20071101,RR2,3,155.165,3.09830,3.71796
20071109,LLG,2,0.382,0.12580,0.30192
20071109,ED,4,-0.180,-2.28062,-0.72980
20071113,JY,1,-0.009,-0.34802,-0.43155
20071115,LES,6,-0.049,-0.25650,-0.30780
20071120,BAX,4,-0.080,-0.65675,-0.32680
20071120,GBS,6,-0.349,-0.90821,-0.85008
20071121,CL2,1,-6.530,-1.45231,-2.61416
20071121,GO,1,-54.003,-1.71595,-2.16210
20071213,SB2,4,1.417,1.17147,2.53037
20071214,W2,1,-62.098,-1.29578,-1.24395
20071228,RB2,1,-0.158,-1.33218,-2.66436
20080103,HO2,1,-0.182,-1.95777,-3.05412
20080103,GO,1,-58.207,-1.84944,-2.33030
20080103,CL2,1,-7.311,-1.62571,-2.92628
20080103,GC2,1,-6.586,-0.10369,-0.26544
20080103,LLG,2,-1.064,-0.35623,-0.85496
20080103,TY2,1,1.536,1.39162,0.61231
20080103,ED,3,0.783,9.76313,2.34315
20080103,LSS,8,-0.051,-0.19500,-0.21840
20080103,TU2,2,1.495,13.27057,2.38870
20080109,SI2,1,314.524,1.39744,6.28848
20080114,BAX,4,0.590,4.72669,2.35200
20080115,PA2,1,-25.279,-0.63321,-1.01314
20080115,SF,1,-0.016,-1.01687,-0.81350
20080115,LES,7,0.308,1.52850,2.13990
20080116,JY,1,0.050,2.00077,2.48095
20080122,GBS,6,-0.422,-1.09474,-1.02468
20080125,GC2,1,24.373,0.38005,0.97292
20080129,PA2,1,74.711,1.86652,2.98644
20080131,RR2,2,281.635,5.62770,4.50216
20080205,S2,1,127.793,1.87783,2.55385
20080206,W2,1,-18.602,-0.38964,-0.37405
20080208,GBS,6,-0.415,-1.07679,-1.00788
20080211,LEU,5,-0.232,-1.16850,-1.16850
20080211,ED,3,-0.002,-0.04625,-0.01110
20080211,SB2,3,0.876,0.72280,1.17094
20080215,GO,1,106.730,3.38667,4.26720
20080220,CL2,1,1.428,0.31624,0.56924
20080220,HO2,1,0.197,2.12205,3.31041
20080222,PA2,1,34.926,0.87190,1.39504
20080222,CT2,2,7.840,2.44687,3.13200
20080226,W2,1,-99.750,-2.08021,-1.99700
20080227,SF,1,0.050,3.13819,2.51055
20080227,EC,1,0.061,3.36217,3.02595
20080228,W2,1,-106.175,-2.21406,-2.12550
20080229,NG2,1,-0.056,-0.26714,-0.22440
20080229,HG2,1,-23.787,-1.91988,-2.38065
20080303,TY2,1,-0.632,-0.57926,-0.25487
20080310,LLG,2,-1.875,-0.62663,-1.50392
20080312,RR2,2,-53.895,-1.08290,-0.86632
20080313,W2,1,-117.213,-2.44401,-2.34625
20080327,RR2,1,377.500,7.54500,3.01800
20080403,RB2,1,0.550,4.61546,9.23093
20080408,GO,1,230.000,7.30000,9.19800
20080408,HO2,1,0.612,6.59141,10.28261
20080408,CL2,1,14.851,3.29902,5.93824
20080410,HG2,1,-37.817,-3.05133,-3.78365
20080417,NG2,1,1.613,7.68062,6.45172
20080422,AD,1,0.013,0.88280,0.52968
20080604,BAX,4,-0.359,-2.90273,-1.44440
20080606,NQ,1,-138.237,-1.38488,-1.10790
20080606,NK,1,-955.450,-2.39113,-1.91290
20080609,CL2,1,-5.821,-1.29460,-2.33028
20080627,S2,1,-79.470,-1.17015,-1.59140
20080703,HO2,1,-0.337,-3.62794,-5.65958
20080703,GO,1,-99.125,-3.14841,-3.96700
20080703,EC,1,-0.042,-2.35761,-2.12185
20080813,LES,6,0.001,-0.00400,-0.00480
20080826,TY2,1,-0.148,-0.13907,-0.06119
20080903,ED,3,0.077,0.94125,0.22590
20080903,TU2,2,0.239,2.10202,0.37836
20080908,LLG,1,-1.727,-0.57730,-0.69276
20080916,LEU,5,-0.255,-1.28700,-1.28700
20080916,LSS,8,-0.345,-1.24643,-1.39600
20080916,GBS,5,-0.680,-1.75718,-1.37060
20080916,BAX,3,-0.340,-2.75241,-1.02720
20080930,LEU,5,0.346,1.71775,1.71775
20080930,GBS,4,2.745,7.02564,4.38400
20081002,LSS,7,2.492,8.88464,8.70695
20081003,LLG,1,-1.077,-0.36063,-0.43276
20081003,LES,5,-0.044,-0.22900,-0.22900
20081006,BAX,3,1.769,14.20579,5.30160
20081007,TU2,1,-0.963,-8.58296,-0.77247
20081007,ED,3,0.865,10.78500,2.58840
20081013,LEU,4,2.201,10.99400,8.79520
20081023,JY,1,-0.000,-0.00226,-0.00280
20081023,LES,5,1.789,8.93550,8.93550
20081105,TU2,1,1.933,17.15683,1.54411
20081113,LLG,1,6.327,2.10730,2.52876
20081120,TY2,1,6.101,5.54176,2.43838
20081202,JY,1,-0.001,-0.03177,-0.03940
20081230,LSS,5,-0.088,-0.32875,-0.23012
20090126,GC2,1,6.248,0.09684,0.24792
20090206,SI2,1,-37.996,-0.16932,-0.76192
20090227,SB2,2,-1.316,-1.09591,-1.18358
20090309,LLG,1,-2.306,-0.77047,-0.92456
20090324,RB2,1,0.384,3.22418,6.44836
20090327,HG2,1,5.524,0.44387,0.55040
20090327,PA2,1,-9.695,-0.24363,-0.38980
20090402,LSS,6,0.042,0.13696,0.11505
20090406,NQ,1,359.385,3.59135,2.87308
20090409,S2,1,179.135,2.63287,3.58070
20090414,AD,1,0.046,3.07920,1.84752
20090415,ED,3,0.168,2.06875,0.49650
20090504,SB2,2,5.518,4.57386,4.93977
20090507,NK,1,-128.350,-0.32338,-0.25870
20090508,SI2,1,52.131,0.23125,1.04062
20090511,CL2,1,4.941,1.09698,1.97456
20090513,BP,1,0.108,5.59792,2.68700
20090521,HO2,1,0.105,1.12523,1.75536
20090521,FCE,1,-121.000,-0.57857,-0.48600
20090521,CD,1,0.009,0.85410,0.34164
20090521,EC,1,0.098,5.42522,4.88270
20090522,SF,1,0.056,3.46937,2.77550
20090529,GC2,1,-43.045,-0.67336,-1.72380
20090529,GO,1,4.320,0.13556,0.17080
20090602,HG2,1,-13.250,-1.07016,-1.32700
20090602,PA2,1,-9.179,-0.23071,-0.36914
20090602,ES,1,-69.107,-0.98868,-1.38415
20090603,LB,1,-11.544,-0.87920,-0.50994
20090616,LES,10,-0.058,-0.29750,-0.59500
20090622,LEU,6,0.128,0.62875,0.75450
20090623,ED,5,0.715,8.91563,3.56625
20090625,LSS,8,1.197,4.25893,4.77000
20090707,TU2,3,-0.417,-3.72709,-1.00631
20090709,JY,1,-0.039,-1.55468,-1.92780
20090709,GBS,5,-0.537,-1.38974,-1.08400
20090721,HG2,1,17.987,1.44895,1.79670
20090721,ES,1,93.770,1.33814,1.87340
20090724,PA2,1,56.175,1.40313,2.24500
20090724,FCE,1,325.445,1.54736,1.29978
20090728,CD,1,-0.026,-2.61270,-1.04508
20090728,AD,1,0.083,5.54540,3.32724
20090730,NK,1,-210.000,-0.52750,-0.42200
20090804,RB2,1,-0.202,-1.70151,-3.40303
20090806,HO2,1,-0.182,-1.96389,-3.06367
20090806,GO,1,-59.673,-1.89595,-2.38890
20090810,RR2,1,-85.615,-1.71730,-0.68692
20090817,LEU,7,0.056,0.26800,0.37520
20090820,TU2,3,1.133,10.04783,2.71291
20090824,LES,12,-0.048,-0.25100,-0.60240
20090831,SB2,2,-0.868,-0.72399,-0.78191
20090901,GBS,6,0.769,1.95974,1.83432
20090903,GC2,1,158.970,2.48312,6.35680
20090903,JY,1,0.007,0.26903,0.33360
20090909,SI2,1,-52.197,-0.23243,-1.04594
20090917,CD,1,-0.003,-0.28650,-0.11460
20090929,TY2,1,-1.205,-1.09986,-0.48394
20091002,BAX,11,-0.112,-0.92042,-1.25950
20091002,LLG,1,-1.757,-0.58743,-0.70492
20091008,SI2,1,-120.132,-0.53436,-2.40464
20091014,CT2,1,1.872,0.58184,0.37238
20091015,CL2,1,-2.121,-0.47247,-0.85044
20091016,HO2,1,-0.102,-1.09729,-1.71177
20091016,RB2,1,-0.077,-0.65137,-1.30274
20091020,GO,1,-41.758,-1.32722,-1.67230
20091020,HG2,1,24.636,1.98516,2.46160
20091029,BAX,10,-0.038,-0.31913,-0.39700
20091029,LES,14,0.066,0.32100,0.89880
20091102,RR2,2,47.980,0.95460,0.76368
20091109,LEU,8,0.437,2.17425,3.47880
20091110,NQ,2,39.810,0.39560,0.63296
20091110,ES,1,9.410,0.13300,0.18620
20091112,PA2,1,13.368,0.33295,0.53272
20091117,SI2,1,-69.679,-0.31013,-1.39558
20091118,TY2,1,-0.950,-0.86861,-0.38219
20091120,S2,1,-58.845,-0.86684,-1.17890
20091127,JY,1,-0.024,-0.95565,-1.18500
20091202,GC2,1,-29.736,-0.46541,-1.19144
20091215,SB2,1,1.888,1.56280,0.84391
20091217,FCE,1,-11.940,-0.05924,-0.04976
20091218,ED,8,-0.150,-1.89875,-1.21520
20091231,PA2,1,31.831,0.79453,1.27124
20100105,HO2,1,-0.171,-1.84223,-2.87388
20100105,CD,1,-0.019,-1.87540,-0.75016
20100106,RB2,1,-0.149,-1.25394,-2.50789
20100107,ED,8,0.171,2.11000,1.35040
20100115,GBS,8,1.455,3.71744,4.63936
20100122,BAX,10,-0.081,-0.66479,-0.82700
20100201,TU2,3,-0.197,-1.77476,-0.47918
20100205,LB,1,-20.014,-1.52175,-0.88262
20100219,CT2,1,0.942,0.29119,0.18636
20100308,PA2,1,41.390,1.03351,1.65362
20100309,RB2,1,-0.013,-0.11155,-0.22310
20100310,NQ,2,73.098,0.72848,1.16556
20100311,ES,1,27.807,0.39582,0.55415
20100315,CD,1,-0.010,-0.98450,-0.39380
20100326,LES,16,0.099,0.48350,1.54720
20100330,HG2,1,-17.908,-1.44581,-1.79280
20100330,NK,1,-266.400,-0.66850,-0.53480
20100412,AD,1,-0.032,-2.16420,-1.29852
20100412,LB,1,6.969,0.52523,0.30464
20100415,FCE,2,-191.985,-0.91660,-1.53988
20100422,CT2,1,-3.596,-1.12700,-0.72128
20100428,GC2,1,14.247,0.22183,0.56788
20100428,TY2,2,7.145,6.49076,5.71187
20100430,GO,1,-32.270,-1.02603,-1.29280
20100430,SI2,1,-111.154,-0.49446,-2.22508
20100503,HO2,1,-0.131,-1.41717,-2.21078
20100503,TU2,4,1.404,12.45574,4.48407
20100504,LLG,1,9.405,3.13347,3.76016
20100512,SI2,1,-120.459,-0.53582,-2.41118
20100513,LEU,9,-0.139,-0.70525,-1.26945
20100514,GBS,8,0.027,0.05667,0.07072
20100521,LES,14,-0.036,-0.19200,-0.53760
20100609,GC2,1,-37.582,-0.58800,-1.50528
20100611,LEU,8,-0.150,-0.75875,-1.21400
20100707,JY,1,0.020,0.81706,1.01315
20100713,LSS,15,0.081,0.27357,0.57450
20100730,W2,1,110.082,2.29130,2.19965
20100802,S2,1,-8.688,-0.12923,-0.17575
20100809,BP,1,-0.056,-2.90318,-1.39352
20100811,ED,7,0.047,0.56688,0.31745
20100812,BAX,5,-0.130,-1.06109,-0.66000
20100817,LES,12,-0.082,-0.42000,-1.00800
20100819,SB2,1,4.879,4.04431,2.18393
20100820,SF,1,0.046,2.87088,2.29670
20100823,GBS,7,-0.270,-0.70615,-0.77112
20100902,HG2,1,31.977,2.57718,3.19570
20100903,CT2,1,10.924,3.41063,2.18280
20100907,AD,1,0.067,4.47380,2.68428
20100908,GC2,1,66.486,1.03806,2.65744
20100908,S2,1,24.622,0.36062,0.49045
20100915,SI2,1,240.179,1.06702,4.80158
20100915,FCE,1,-53.820,-0.25867,-0.21728
20100916,PA2,1,133.388,3.33345,5.33352
20100920,LES,11,0.063,0.30300,0.66660
20100922,NQ,1,321.975,3.21725,2.57380
20100923,EC,1,0.035,1.95589,1.76030
20100927,ES,1,159.970,2.28386,3.19740
20100928,TY2,1,-0.591,-0.54205,-0.23850
20100928,RR2,2,127.000,2.53500,2.02800
20101001,GO,1,-9.972,-0.31817,-0.40090
20101001,HO2,1,-0.001,-0.01678,-0.02618
20101006,CD,1,0.026,2.61830,1.04732
20101007,JY,1,0.000,0.00492,0.00610
20101011,LLG,1,-1.860,-0.62167,-0.74600
20101011,CT2,1,1.421,0.44097,0.28222
20101011,SB2,1,4.093,3.39156,1.83144
20101011,S2,1,107.242,1.57563,2.14285
20101014,LB,1,-4.776,-0.36577,-0.21214
20101015,BP,1,-0.019,-0.96927,-0.46525
20101022,CT2,1,6.505,2.02981,1.29908
20101101,SI2,1,222.000,0.98622,4.43800
20101103,CT2,1,5.750,1.79375,1.14800
20101104,CL2,1,-3.620,-0.80547,-1.44984
20101105,GC2,1,-39.883,-0.62395,-1.59732
20101105,RB2,1,0.551,4.62499,9.24998
20101105,TY2,1,-2.222,-2.02443,-0.89075
20101109,RR2,2,-107.840,-2.16180,-1.72944
20101111,NK,1,508.200,1.26800,1.01440
20101203,PA2,1,17.954,0.44760,0.71616
20101206,SI2,1,-79.158,-0.35226,-1.58516
20101206,CL2,1,-4.231,-0.94124,-1.69424
20101206,HO2,1,0.583,6.27859,9.79460
20101206,GO,1,195.342,6.19976,7.81170
20101207,GC2,1,-63.181,-0.98798,-2.52924
20101209,HG2,1,22.559,1.81766,2.25390
20101217,LB,1,5.695,0.42858,0.24858
20101220,CT2,1,-4.866,-1.52362,-0.97512
20101222,FCE,1,44.495,0.20950,0.17598
20101223,SB2,1,-2.366,-1.96628,-1.06179
20101227,S2,1,9.835,0.14316,0.19470
20101228,ED,10,0.220,2.72063,2.17650
20101229,SF,1,-0.014,-0.90162,-0.72130
20101229,AD,1,-0.023,-1.51447,-0.90868
20101230,LSS,19,-0.112,-0.41429,-1.10200
20110104,W2,1,11.190,0.23104,0.22180
20110125,RR2,1,-28.000,-0.56500,-0.22600
20110125,CT2,1,22.110,6.90625,4.42000
20110203,SB2,1,-4.360,-3.62105,-1.95537
20110218,SI2,1,1331.950,5.91933,26.63700
20110224,CL2,1,-0.593,-0.13293,-0.23928
20110225,SF,1,-0.006,-0.36344,-0.29075
20110228,AD,1,-0.032,-2.13973,-1.28384
20110302,GC2,1,61.499,0.96014,2.45796
20110303,BP,1,-0.004,-0.19276,-0.09252
20110304,CT2,1,-11.501,-3.59722,-2.30222
20110314,BAX,8,0.021,0.15514,0.15440
20110315,EC,1,0.044,2.44144,2.19730
20110316,JY,1,-0.009,-0.36726,-0.45540
20110317,LES,14,-0.075,-0.38750,-1.08500
20110325,AD,1,0.048,3.19220,1.91532
20110331,RB2,1,0.203,1.70194,3.40388
20110401,CL2,1,-1.065,-0.23778,-0.42800
20110401,CD,1,0.002,0.22580,0.09032
20110413,SF,1,0.011,0.69663,0.55730
20110421,LSS,13,0.225,0.79000,1.43780
20110427,ES,1,-30.247,-0.43354,-0.60695
20110427,LLG,2,2.611,0.86873,2.08496
20110427,TU2,3,0.963,8.54196,2.30633
20110428,NQ,2,-100.620,-1.00870,-1.61392
20110504,TY2,1,2.501,2.26890,0.99831
20110518,BAX,8,0.073,0.57154,0.56880
20110523,LES,10,0.730,3.64100,7.28200
20110531,SF,1,0.178,11.10406,8.88325
20110603,NG2,1,-0.368,-1.75386,-1.47324
20110607,JY,1,0.015,0.61895,0.76750
20110616,GBS,6,-0.211,-0.55449,-0.51900
20110624,LEU,8,-0.136,-0.68925,-1.10280
20110712,GBS,6,-0.441,-1.14295,-1.06980
20110712,LEU,7,0.465,2.31575,3.24205
20110712,LLG,2,4.733,1.57600,3.78240
20110713,GC2,1,243.631,3.80595,9.74324
20110714,TY2,1,5.306,4.81947,2.12056
20110714,RR2,1,-90.580,-1.81660,-0.72664
20110722,AD,1,-0.019,-1.26793,-0.76076
20110725,SB2,1,-3.054,-2.53756,-1.37028
20110727,PA2,1,-62.782,-1.57080,-2.51328
20110801,GBS,6,0.967,2.46654,2.30868
20110803,BAX,7,0.336,2.68569,2.33870
20110811,JY,1,-0.017,-0.67335,-0.83495
20110830,RR2,1,-39.305,-0.79110,-0.31644
20110831,S2,1,-74.473,-1.09665,-1.49145
20110906,LLG,1,-1.032,-0.34573,-0.41488
20111110,GBS,4,0.228,0.57308,0.35760
20111116,LLG,1,-0.701,-0.23540,-0.28248
20111215,TY2,1,-0.607,-0.55597,-0.24462
20120104,CL2,1,-1.159,-0.25867,-0.46560
20120111,ES,1,78.740,1.12343,1.57280
20120113,LEU,5,0.135,0.66400,0.66400
20120117,TU2,9,-0.117,-1.06258,-0.86069
20120118,FCE,1,121.885,0.57802,0.48554
20120118,AD,1,0.007,0.44593,0.26756
20120119,NQ,1,254.688,2.54438,2.03550
20120127,RB2,1,0.204,1.71221,3.42443
20120203,PA2,1,-53.477,-1.33817,-2.14108
20120203,ED,9,-0.115,-1.46250,-1.05300
20120206,HG2,1,-21.643,-1.74702,-2.16630
20120207,GO,1,-7.910,-0.25270,-0.31840
20120209,LSS,17,-0.060,-0.22857,-0.54400
20120210,HO2,1,-0.089,-0.96190,-1.50056
20120214,LB,1,-20.630,-1.56848,-0.90972
20120215,NK,1,712.750,1.77937,1.42350
20120223,S2,1,158.763,2.33327,3.17325
20120301,CD,1,-0.012,-1.19810,-0.47924
20120305,W2,1,-51.482,-1.07464,-1.03165
20120320,SB2,1,-1.591,-1.32389,-0.71490
20120327,BP,1,-0.002,-0.09182,-0.04408
20120410,GBS,10,0.031,0.06615,0.10320
20120411,LLG,1,3.030,1.00847,1.21016
20120426,RR2,2,-96.125,-1.92750,-1.54200
20120430,LB,1,-9.597,-0.73150,-0.42427
20120514,TY2,2,0.715,0.64503,0.56762
20120531,LEU,9,-0.117,-0.59375,-1.06875
20120601,TU2,10,-0.100,-0.91326,-0.82193
20120619,LEU,9,0.340,1.69225,3.04605
20120705,S2,1,102.112,1.50018,2.04025
20120706,W2,1,41.862,0.87005,0.83525
20120709,GBS,11,-0.103,-0.27718,-0.47564
20120710,LB,1,5.803,0.43678,0.25333
20120713,LLG,1,-1.724,-0.57640,-0.69168
20120713,LSS,18,0.030,0.09286,0.23400
20120717,TU2,10,-0.100,-0.90786,-0.81708
20120717,TY2,2,-1.291,-1.17784,-1.03650
20120719,NG2,1,-0.102,-0.48938,-0.41108
20120720,ED,14,0.051,0.60875,0.68180
20120810,FCE,1,-44.215,-0.21293,-0.17886
20120810,AD,1,-0.029,-1.95927,-1.17556
20120816,ES,1,10.398,0.14711,0.20595
20120822,S2,1,-73.368,-1.08040,-1.46935
20120823,NQ,1,-40.843,-0.41093,-0.32874
20120824,RB2,1,-0.060,-0.50105,-1.00210
20120831,LLG,1,-2.548,-0.85100,-1.02120
20120904,GO,1,-45.808,-1.45579,-1.83430
20120904,HO2,1,-0.113,-1.21678,-1.89818
20120904,CD,1,-0.002,-0.17770,-0.07108
20120907,GC2,1,23.176,0.36134,0.92504
20120912,JY,1,-0.020,-0.82609,-1.02435
20120914,CL2,1,-6.338,-1.40951,-2.53712
20120914,SI2,1,-202.816,-0.90185,-4.05832
20120914,AD,1,-0.027,-1.83347,-1.10008
20120917,NK,1,-448.400,-1.12350,-0.89880
20120919,BP,2,-0.030,-1.56792,-1.50520
20120927,RB2,1,-0.081,-0.68130,-1.36260
20121002,NG2,1,-0.269,-1.28414,-1.07868
20121011,GO,1,-45.810,-1.45587,-1.83440
20121012,HO2,1,-0.184,-1.98529,-3.09705
20121017,SF,1,-0.026,-1.60394,-1.28315
20121018,EC,1,-0.031,-1.74661,-1.57195
20121018,CT2,1,-5.874,-1.83884,-1.17686
20121029,LB,1,49.861,3.77911,2.19188
20121109,TY2,2,-1.129,-1.03054,-0.90687
20121120,NK,1,1234.450,3.08363,2.46690
20121129,AD,1,-0.006,-0.42573,-0.25544
20121130,PA2,1,35.899,0.89622,1.43396
20121130,FCE,2,82.105,0.38860,0.65284
20121217,BP,2,-0.013,-0.69031,-0.66270
20121217,SF,1,-0.017,-1.05569,-0.84455
20121217,EC,1,0.019,1.07756,0.96980
20121227,RB2,1,0.152,1.27567,2.55135
20130114,NK,1,-388.000,-0.97250,-0.77800
20130123,CT2,1,7.348,2.29325,1.46768
20130125,ES,1,57.953,0.82646,1.15705
20130128,NK,1,1006.300,2.51325,2.01060
20130201,SF,1,-0.020,-1.25344,-1.00275
20130211,NQ,1,-19.095,-0.19345,-0.15476
20130214,LB,1,-19.239,-1.46296,-0.84852
20130301,TU2,14,-0.004,-0.05765,-0.07264
20130304,ED,25,-0.034,-0.44750,-0.89500
20130306,FCE,2,-65.080,-0.31229,-0.52464
20130311,PA2,1,-52.721,-1.31928,-2.11084
20130314,LB,1,-28.962,-2.20057,-1.27633
20130402,PA2,1,-51.257,-1.28267,-2.05228
20130405,NK,1,1780.350,4.44838,3.55870
20130412,NG2,1,-0.115,-0.55038,-0.46232
20130423,LLG,2,-1.542,-0.51567,-1.23760
20130423,ED,25,-0.025,-0.33750,-0.67500
20130424,LEU,11,-0.062,-0.32075,-0.70565
20130429,TY2,2,-1.198,-1.09389,-0.96262
20130430,FCE,2,57.055,0.26931,0.45244
20130430,ES,1,27.132,0.38618,0.54065
20130430,NQ,1,58.315,0.58065,0.46452
20130503,GBS,13,-0.232,-0.60641,-1.22980
20130520,S2,1,21.293,0.31165,0.42385
20130614,BP,1,-0.038,-1.96313,-0.94230
20130617,ED,26,-0.041,-0.53813,-1.11930
20130703,CL2,1,4.930,1.09444,1.97000
20130712,ES,1,-21.797,-0.31282,-0.43795
20130712,NQ,1,9.500,0.09250,0.07400
20130802,FCE,2,-46.500,-0.22381,-0.37600
20130807,ED,19,0.000,-0.02500,-0.03800
20130813,CT2,1,-2.123,-0.66650,-0.42656
20130816,GO,1,0.250,0.00635,0.00800
20130820,S2,1,1.000,0.01324,0.01800
20130821,BP,1,0.000,-0.00417,-0.00200
20130821,SF,1,-0.005,-0.29000,-0.23200
20130821,EC,1,-0.004,-0.24111,-0.21700
