Date,Market,Contracts,Points,SCALEDPROFIT,REALPROFIT
19891004,CD,68,-0.005,-0.48400,-0.32912
19891108,AD,35,-0.004,-0.30187,-0.15848
19891127,HO2,46,-0.012,-0.13011,-0.23343
19891129,SF,25,-0.013,-0.78812,-0.39406
19891205,FCE,90,-67.185,-0.32231,-0.60916
19891207,CL2,63,0.780,0.17222,0.48825
19891208,LB,131,-2.128,-0.16488,-0.31319
19891214,W2,96,-4.977,-0.10578,-0.24372
19891221,BP,20,0.076,3.93333,0.94400
19891228,GO,54,3.022,0.09437,0.16051
19900108,LB,140,5.612,0.42229,0.85725
19900109,SF,25,0.005,0.30412,0.15206
19900130,CL2,47,-0.989,-0.22093,-0.46727
19900213,LB,119,-0.928,-0.07385,-0.12743
19900309,SB2,57,-0.370,-0.31025,-0.23874
19900316,HG2,29,-7.482,-0.60496,-0.54386
19900402,HG2,28,-6.968,-0.56355,-0.48916
19900411,CT2,37,7.270,2.26887,1.34317
19900423,FCE,81,-67.290,-0.32281,-0.54910
19900426,SF,25,0.015,0.93500,0.46750
19900426,S2,62,14.065,0.20537,0.43292
19900510,HG2,27,-8.312,-0.67190,-0.56238
19900522,SP,17,-5.762,-0.08259,-0.24571
19900524,BP,28,0.107,5.57917,1.87460
19900529,AD,43,0.035,2.32847,1.50186
19900615,ED,87,0.210,2.60000,0.45240
19900628,CD,62,0.029,2.87200,1.78064
19900709,HG2,27,8.509,0.68464,0.57304
19900711,JY,32,-0.013,-0.51427,-0.51016
19900713,SF,26,0.058,3.64638,1.89612
19900724,BP,27,0.108,5.62104,1.82122
19900727,GO,66,43.087,1.36627,2.84047
19900731,TY2,44,-1.082,-0.98778,-0.47809
19900731,BAX,63,0.263,2.09807,0.41107
19900801,JY,32,-0.018,-0.72742,-0.72160
19900807,HO2,33,-0.022,-0.23711,-0.30516
19900815,AD,43,0.008,0.53000,0.34185
19900820,HO2,28,0.098,1.05480,1.15184
19900820,CL2,28,0.140,0.03000,0.03780
19900820,GO,46,-12.000,-0.38254,-0.55430
19900828,JY,32,0.087,3.48992,3.46200
19900906,BAX,70,0.013,0.08842,0.01925
19900918,CL2,22,4.057,0.90038,0.89137
19900918,AD,36,-0.014,-0.94333,-0.50940
19900924,GO,28,-23.590,-0.75048,-0.66192
19900924,HO2,18,-0.070,-0.75310,-0.52868
19901008,BP,20,-0.035,-1.83323,-0.43998
19901010,GO,22,-31.975,-1.01667,-0.70455
19901010,CL2,17,-5.260,-1.17000,-0.89505
19901010,HO2,15,-0.138,-1.48744,-0.87015
19901025,ED,87,-0.038,-0.50500,-0.08787
19901106,SF,18,-0.022,-1.37125,-0.49365
19901113,TU2,81,0.810,7.17875,1.30833
19901122,LLG,25,1.370,0.45500,0.34125
19901123,TY2,42,0.456,0.40980,0.18933
19901206,ED,85,0.090,1.09875,0.18679
19901211,CT2,39,10.041,3.13469,1.95605
19910104,CD,57,-0.007,-0.74500,-0.42465
19910107,BAX,98,1.350,10.83601,3.30260
19910115,GO,13,-43.177,-1.37230,-0.56196
19910118,LLG,26,0.460,0.15167,0.11830
19910125,SP,14,36.641,0.52316,1.28174
19910125,ED,83,0.150,1.85000,0.30710
19910201,BP,18,-0.008,-0.42062,-0.09085
19910204,TY2,43,-0.727,-0.66534,-0.31471
19910206,SF,18,-0.019,-1.18006,-0.42482
19910219,NK,7,-830.000,-2.07750,-0.29085
19910221,CD,69,-0.006,-0.63500,-0.43815
19910315,ED,84,-0.304,-3.82125,-0.64197
19910401,RR2,113,-10.955,-0.22410,-0.25323
19910403,ED,78,0.230,2.85250,0.44499
19910403,LB,52,-5.967,-0.45611,-0.34391
19910404,FCE,63,-87.410,-0.41862,-0.55383
19910405,AD,48,-0.008,-0.52333,-0.37680
19910410,CD,82,-0.004,-0.40400,-0.33128
19910410,CT2,33,2.830,0.88125,0.46530
19910423,PA2,93,-5.338,-0.13470,-0.50108
19910501,TU2,87,0.011,0.07930,0.01552
19910501,BAX,89,0.171,1.36174,0.37692
19910503,CD,82,0.005,0.44580,0.36556
19910508,GO,17,22.990,0.72825,0.38998
19910510,AD,56,-0.010,-0.64667,-0.54320
19910513,RR2,108,3.430,0.06360,0.06869
19910514,LB,61,25.494,1.93058,1.70760
19910529,SI2,42,11.586,0.05105,0.24121
19910603,LSS,134,-0.246,-0.89250,-0.41858
19910605,RR2,98,-15.660,-0.31820,-0.31184
19910612,FCE,74,-70.620,-0.33867,-0.52629
19910613,W2,93,-12.922,-0.27130,-0.60555
19910711,HO2,37,0.030,0.32610,0.47057
19910715,ED,94,0.752,9.37750,1.76297
19910722,CL2,44,-0.687,-0.15384,-0.30461
19910725,TU2,95,1.140,10.10980,2.16097
19910729,BAX,137,1.106,8.87058,3.77949
19910801,SB2,72,-0.571,-0.47759,-0.46422
19910815,CD,103,0.018,1.78380,1.83731
19910822,AD,57,-0.008,-0.56033,-0.47909
19910823,LLG,40,1.310,0.43500,0.52200
19910823,TY2,53,1.437,1.30141,0.75872
19910826,SP,17,-11.088,-0.15869,-0.47209
19910904,LSS,225,0.142,0.49179,0.38728
19910905,JY,30,0.021,0.84113,0.78225
19910909,HG2,52,-1.906,-0.15532,-0.25038
19910909,AD,58,0.003,0.17593,0.15306
19910910,ED,93,1.602,20.00000,3.72000
19910911,TU2,87,2.889,25.65975,5.02290
19910913,BP,17,-0.026,-1.36240,-0.27793
19910919,W2,72,16.685,0.34552,0.59706
19910923,NG2,74,-0.095,-0.45381,-0.70522
19910930,SF,21,-0.021,-1.29450,-0.54369
19911004,CL2,59,0.571,0.12587,0.33418
19911015,NG2,66,-0.093,-0.44524,-0.61710
19911015,GO,59,-7.235,-0.23127,-0.42982
19911015,HO2,45,-0.018,-0.19308,-0.33886
19911018,AD,57,-0.011,-0.76333,-0.65265
19911025,BAX,145,0.572,4.58119,2.06589
19911104,BP,19,0.076,3.95833,0.90250
19911104,SF,22,0.034,2.11437,0.93033
19911105,JY,33,-0.001,-0.04915,-0.05028
19911106,RR2,103,-27.815,-0.56130,-0.57814
19911108,TY2,51,2.779,2.52188,1.41477
19911113,SP,19,-8.910,-0.12756,-0.42415
19911125,W2,65,69.473,1.44526,2.25461
19911216,LLG,39,-1.722,-0.57580,-0.67369
19911223,JY,34,0.010,0.40008,0.42169
19920102,BAX,76,-0.177,-1.43650,-0.33953
19920103,LLG,37,-0.193,-0.06597,-0.07322
19920115,SP,18,-14.532,-0.20788,-0.65482
19920120,LB,54,7.285,0.54921,0.43003
19920121,JY,29,-0.016,-0.65129,-0.58551
19920227,FCE,85,-76.780,-0.36800,-0.65688
19920303,S2,50,-13.373,-0.19812,-0.33681
19920317,LB,48,-13.226,-1.00680,-0.70073
19920403,HG2,69,-3.407,-0.27633,-0.59107
19920430,FCE,77,-36.560,-0.17648,-0.28536
19920501,CL2,50,0.863,0.19076,0.42920
19920505,NG2,51,0.140,0.66429,0.71145
19920505,HO2,36,0.030,0.32556,0.45709
19920513,ED,71,1.580,19.72000,2.80024
19920514,GO,61,7.082,0.22325,0.42898
19920514,S2,56,-12.760,-0.18912,-0.36008
19920527,NG2,48,-0.108,-0.51690,-0.52104
19920528,SB2,84,0.431,0.35387,0.40128
19920529,BAX,50,1.832,14.71463,2.28812
19920603,S2,51,-18.783,-0.27768,-0.48150
19920605,HG2,82,8.428,0.67806,1.72364
19920608,BP,19,0.085,4.42990,1.01002
19920610,S2,49,-21.285,-0.31449,-0.52393
19920612,TU2,56,1.915,16.99875,2.14184
19920615,CT2,33,-2.263,-0.71022,-0.37500
19920617,TY2,40,3.749,3.40327,1.49744
19920625,SF,23,0.033,2.07169,0.95298
19920626,JY,33,-0.011,-0.46101,-0.47161
19920710,NG2,48,0.178,0.84633,0.85310
19920717,SB2,75,-0.552,-0.46199,-0.46777
19920723,CD,69,-0.005,-0.52280,-0.36073
19920730,SP,20,-11.500,-0.16457,-0.57600
19920820,SF,20,0.017,1.08350,0.43340
19920821,BP,22,0.025,1.27708,0.33715
19920828,NG2,39,0.280,1.33076,1.08989
19920831,JY,31,-0.016,-0.65484,-0.62930
19920903,PA2,162,1.197,0.02869,0.18589
19920903,TU2,63,0.375,3.31111,0.46935
19920908,TY2,42,-1.118,-1.02046,-0.47145
19920909,SF,18,-0.026,-1.61975,-0.58311
19920910,CL2,67,-0.329,-0.07431,-0.22405
19920915,SP,22,-9.076,-0.12994,-0.50025
19920917,LES,65,0.694,3.46050,1.12466
19920923,JY,28,-0.005,-0.20609,-0.17889
19920930,SF,16,-0.032,-1.97894,-0.63326
19921002,TY2,40,-1.381,-1.25995,-0.55438
19921014,LSS,93,1.035,3.68357,1.19900
19921020,LES,58,-0.318,-1.59850,-0.46357
19921106,PA2,133,13.087,0.32594,1.73399
19921109,LB,51,6.112,0.46022,0.34033
19921110,W2,73,1.500,0.02917,0.05110
19921111,LLG,24,-2.667,-0.89067,-0.64128
19921204,LES,50,0.572,2.85000,0.71250
19921207,SP,21,-2.826,-0.04066,-0.14944
19921211,S2,63,-6.957,-0.10379,-0.22231
19921218,LB,50,30.460,2.30731,1.67280
19921221,NK,13,-768.400,-1.92350,-0.50011
19930108,CT2,38,-1.164,-0.36672,-0.22297
19930115,W2,76,-2.000,-0.04375,-0.07980
19930127,LSS,77,-0.069,-0.26071,-0.07026
19930128,TY2,37,2.414,2.19005,0.89135
19930128,LB,44,27.190,2.05924,1.31380
19930129,LLG,23,1.836,0.61043,0.42120
19930202,SP,21,-3.252,-0.04674,-0.17178
19930208,PA2,107,-0.350,-0.01000,-0.04280
19930208,FCE,55,-21.190,-0.10329,-0.11929
19930208,TU2,61,0.476,4.20446,0.57706
19930208,ED,75,0.256,3.17500,0.47625
19930209,LB,40,72.910,5.52766,3.20604
19930219,CT2,39,-1.765,-0.55459,-0.34607
19930226,CD,48,-0.005,-0.51850,-0.24888
19930302,LB,32,34.400,2.60621,1.20928
19930304,SP,22,-5.176,-0.07423,-0.28578
19930304,BAX,34,-0.288,-2.32958,-0.24633
19930315,SB2,108,-0.131,-0.11239,-0.16386
19930318,S2,77,7.885,0.11449,0.29972
19930319,NG2,28,0.379,1.80238,1.05980
19930319,JY,26,0.063,2.52109,2.03200
19930322,AD,40,-0.017,-1.15913,-0.69548
19930322,SB2,94,-0.780,-0.65106,-0.82620
19930326,NK,19,1088.000,2.71750,1.03265
19930405,SB2,82,-0.854,-0.71212,-0.78832
19930405,W2,70,-9.880,-0.20792,-0.34930
19930414,AD,41,-0.015,-1.01667,-0.62525
19930414,LLG,29,-2.050,-0.68507,-0.59601
19930415,GO,72,-1.000,-0.03333,-0.07560
19930415,TU2,60,-0.233,-2.08987,-0.28213
19930416,TY2,37,-1.453,-1.32556,-0.53950
19930422,PA2,77,21.074,0.52559,1.61881
19930426,GC2,98,20.121,0.31361,1.96696
19930427,SI2,77,10.762,0.04739,0.41049
19930427,BAX,54,-0.370,-2.99035,-0.50220
19930427,SB2,68,-0.752,-0.62792,-0.57643
19930505,NK,18,-371.950,-0.93238,-0.33566
19930507,SF,20,-0.024,-1.51044,-0.60417
19930510,BAX,56,1.278,10.25804,1.78654
19930514,SI2,63,1.497,0.00621,0.04400
19930517,SB2,59,-0.957,-0.79724,-0.63501
19930527,SP,19,-12.442,-0.17803,-0.59194
19930614,TY2,36,0.519,0.46761,0.18517
19930622,S2,70,75.690,1.11162,2.64565
19930702,GC2,52,3.554,0.05475,0.18221
19930702,SI2,43,25.913,0.11472,0.55498
19930706,TU2,67,-0.466,-4.16318,-0.62760
19930706,ED,120,-0.222,-2.80250,-0.67260
19930715,LLG,30,3.290,1.09517,0.98565
19930719,S2,49,-48.402,-0.71327,-1.18831
19930729,LSS,167,-0.064,-0.24429,-0.14279
19930802,JY,16,0.001,0.03927,0.01948
19930809,FCE,68,-27.290,-0.13233,-0.18897
19930813,NG2,26,-0.111,-0.53124,-0.29006
19930816,TU2,82,0.258,2.27111,0.41902
19930816,ED,121,-0.004,-0.07875,-0.01906
19930818,SP,22,-2.119,-0.03056,-0.11767
19930820,TY2,46,1.056,0.95568,0.48357
19930914,NK,18,-577.000,-1.44500,-0.52020
19930928,LB,19,-24.998,-1.89985,-0.52341
19930929,RR2,103,140.400,2.80300,2.88709
19931011,TY2,46,-0.998,-0.91136,-0.46115
19931011,LLG,30,-0.898,-0.30103,-0.27093
19931011,ED,110,-0.213,-2.68875,-0.59153
19931013,RR2,77,262.475,5.24450,4.03826
19931013,W2,70,49.070,1.02021,1.71395
19931015,SP,24,-9.148,-0.13097,-0.55008
19931022,BAX,66,1.003,8.04743,1.65182
19931025,FCE,70,-70.550,-0.33833,-0.49735
19931025,LB,19,9.500,0.71724,0.19760
19931105,SB2,64,-0.754,-0.62883,-0.54331
19931118,LLG,29,2.965,0.98667,0.85840
19931126,LES,153,0.009,0.03300,0.02524
19931129,LB,18,-10.000,-0.76207,-0.19890
19931206,CT2,43,11.383,3.55419,2.44528
19931207,RR2,43,-76.355,-1.53210,-0.65880
19931209,LSS,205,-0.232,-0.84286,-0.60475
19931216,GC2,39,-6.892,-0.10847,-0.27074
19931216,AD,39,0.031,2.07393,1.21325
19931220,LB,17,-16.000,-1.21724,-0.30005
19931223,S2,40,-10.613,-0.15754,-0.21425
19931228,SP,25,1.760,0.02486,0.10878
19940104,SI2,33,-31.635,-0.14104,-0.52363
19940104,FCE,66,-39.105,-0.18860,-0.26139
19940120,HG2,63,-0.041,-0.00492,-0.00961
19940124,ED,138,-0.129,-1.64000,-0.45264
19940203,FCE,63,-99.715,-0.47721,-0.63135
19940204,SI2,32,-8.627,-0.03879,-0.13963
19940204,SB2,82,0.360,0.29496,0.32652
19940223,AD,44,-0.011,-0.76327,-0.50376
19940223,CT2,38,-3.089,-0.96841,-0.58879
19940225,SF,23,-0.008,-0.50631,-0.23290
19940314,HG2,62,-2.100,-0.17097,-0.32860
19940315,NK,11,-908.450,-2.27363,-0.50020
19940401,JY,18,-0.023,-0.94560,-0.52765
19940411,AD,38,-0.013,-0.88407,-0.50392
19940415,CT2,33,-0.339,-0.10903,-0.05757
19940418,HO2,33,0.011,0.11839,0.15236
19940428,BP,30,-0.018,-0.94156,-0.33896
19940429,JY,17,-0.027,-1.08004,-0.56918
19940502,PA2,105,-2.622,-0.06680,-0.28056
19940502,SF,24,-0.016,-1.03313,-0.49590
19940506,CL2,47,3.562,0.79051,1.67193
19940509,HG2,54,6.021,0.48399,0.81020
19940509,GO,74,-7.990,-0.25524,-0.59496
19940511,AD,36,0.005,0.30407,0.16420
19940531,NK,13,-293.150,-0.73538,-0.19120
19940608,HG2,45,-0.200,-0.01774,-0.02475
19940609,SB2,71,-0.821,-0.68475,-0.65633
19940614,SF,25,0.034,2.15075,1.07537
19940614,BP,31,0.022,1.13021,0.42044
19940617,GO,80,-5.345,-0.17127,-0.43160
19940622,JY,16,-0.001,-0.02512,-0.01246
19940701,PA2,98,5.952,0.14756,0.57844
19940720,HG2,41,-7.400,-0.59839,-0.76055
19940801,HO2,43,-0.031,-0.33997,-0.57014
19940802,GO,79,-5.922,-0.18960,-0.47183
19940810,CD,56,0.009,0.86000,0.48160
19940817,SP,18,-1.104,-0.01606,-0.05060
19940823,SF,21,-0.022,-1.40131,-0.58855
19940906,W2,68,16.428,0.34016,0.55514
19940909,AD,37,-0.013,-0.85833,-0.47637
19940912,SF,20,0.001,0.07581,0.03033
19940913,HG2,37,-4.568,-0.37000,-0.42439
19940915,BAX,39,-0.276,-2.23312,-0.27086
19940919,BP,29,0.031,1.58792,0.55259
19941012,LES,101,0.228,1.13200,0.57166
19941018,SB2,81,1.734,1.43504,1.56922
19941020,JY,17,-0.021,-0.86730,-0.45707
19941026,HG2,39,7.998,0.64335,0.77781
19941028,PA2,94,-4.848,-0.12245,-0.46041
19941107,AD,42,0.015,0.98487,0.62047
19941116,CT2,33,10.610,3.31250,1.74900
19941201,HG2,37,0.670,0.05238,0.06008
19950103,SB2,75,-0.250,-0.21111,-0.21375
19950110,HG2,35,-4.750,-0.38468,-0.41738
19950113,CT2,32,-1.223,-0.38525,-0.19725
19950127,PA2,99,-4.281,-0.10828,-0.42877
19950127,LES,124,1.070,5.34000,3.31080
19950206,TY2,40,7.053,6.40739,2.81925
19950215,SP,19,30.000,0.42829,1.42405
19950216,CT2,29,10.550,3.29375,1.52830
19950223,LSS,152,-0.275,-0.99679,-0.53029
19950303,SF,22,0.039,2.44081,1.07396
19950314,ED,69,0.891,11.10875,1.53301
19950314,TU2,61,1.727,15.32880,2.10388
19950315,LSS,152,0.114,0.39286,0.20900
19950317,LLG,29,3.803,1.26587,1.10130
19950320,JY,18,0.078,3.12371,1.74303
19950321,PA2,103,-1.458,-0.03769,-0.15527
19950323,CL2,61,0.783,0.17280,0.47434
19950330,PA2,92,-4.655,-0.11763,-0.43286
19950403,SF,16,-0.025,-1.53869,-0.49238
19950413,CT2,22,-6.620,-2.07188,-0.72930
19950419,GC2,75,-9.651,-0.15158,-0.72757
19950419,SI2,35,-20.545,-0.09176,-0.36129
19950419,SF,15,-0.035,-2.21988,-0.66596
19950425,CD,54,-0.003,-0.27790,-0.15007
19950501,RR2,87,117.010,2.33520,2.03162
19950505,BAX,43,0.540,4.32476,0.57835
19950509,LSS,159,0.226,0.79179,0.44063
19950510,LES,112,-0.240,-1.21000,-0.67760
19950523,S2,70,-19.197,-0.28379,-0.67541
19950524,HO2,48,-0.030,-0.32356,-0.60571
19950524,GO,93,-7.873,-0.25151,-0.73679
19950524,SP,21,16.442,0.23461,0.86218
19950524,LES,104,0.357,1.77400,0.92248
19950524,CT2,20,-3.040,-0.95313,-0.30500
19950614,ED,70,-0.282,-3.55000,-0.49700
19950615,W2,62,35.470,0.73687,1.09647
19950620,S2,55,-20.165,-0.29801,-0.55729
19950622,CT2,18,-6.384,-1.99819,-0.57548
19950623,TY2,34,-1.730,-1.57755,-0.59000
19950707,ED,67,-0.369,-4.64000,-0.62176
19950710,TU2,50,-0.528,-4.71991,-0.53099
19950711,CD,55,-0.010,-1.03410,-0.56876
19950713,S2,48,-3.108,-0.04717,-0.07698
19950718,W2,49,-7.100,-0.15000,-0.17640
19950725,LSS,140,0.206,0.72000,0.35280
19950728,SP,17,4.658,0.06626,0.19714
19950821,FCE,71,-74.450,-0.35690,-0.53214
19950821,SB2,63,-0.720,-0.60095,-0.51111
19950823,CT2,20,-3.000,-0.94072,-0.30103
19950825,CD,61,-0.001,-0.08000,-0.04880
19950825,LES,93,0.879,4.38450,2.03879
19950828,AD,37,0.006,0.41833,0.23218
19950830,NK,14,-209.750,-0.52687,-0.14752
19950907,LLG,26,-1.202,-0.40220,-0.31372
19950915,CT2,20,0.400,0.12172,0.03895
19950919,S2,38,48.322,0.70915,0.91623
19951002,W2,37,-1.287,-0.02891,-0.02567
19951003,CD,58,-0.007,-0.66520,-0.38582
19951004,AD,40,-0.015,-0.99980,-0.59988
19951020,SP,17,-13.974,-0.19991,-0.59472
19951025,SB2,74,0.439,0.36084,0.36047
19951026,TU2,60,0.166,1.45282,0.19613
19951101,BAX,50,1.010,8.10289,1.26000
19951102,TY2,37,0.583,0.52543,0.21385
19951103,ED,82,0.169,2.08250,0.34153
19951109,SP,17,13.568,0.19354,0.57579
19951109,LSS,177,0.037,0.11786,0.07301
19951117,LLG,29,2.429,0.80783,0.70282
19951120,NG2,42,0.566,2.69286,2.37510
19951120,CL2,70,1.750,0.38771,1.22129
19951120,HO2,63,0.061,0.65032,1.59784
19951201,NK,15,1087.800,2.71700,0.81510
19951218,LES,107,-0.070,-0.35850,-0.19180
19951220,GO,106,4.270,0.13397,0.44732
19951228,NG2,32,-0.050,-0.23852,-0.16029
19951228,TU2,78,0.273,2.40444,0.42198
19951229,TY2,43,-1.220,-1.11321,-0.52655
19960103,S2,45,-16.142,-0.23886,-0.36546
19960104,NG2,28,-0.164,-0.78357,-0.46074
19960110,GC2,110,-3.100,-0.04922,-0.34650
19960117,FCE,68,-28.965,-0.14031,-0.20036
19960118,TY2,43,-1.091,-0.99660,-0.47139
19960119,LSS,197,-0.215,-0.78321,-0.54003
19960123,GC2,104,4.222,0.06519,0.43389
19960129,NK,17,-250.000,-0.62750,-0.21335
19960129,SB2,90,-0.351,-0.29457,-0.35790
19960130,W2,48,-19.237,-0.40286,-0.46410
19960131,SP,15,15.298,0.21826,0.57293
19960212,GO,70,7.942,0.25056,0.55248
19960213,TY2,43,-1.812,-1.65227,-0.78152
19960216,SB2,87,-0.186,-0.15826,-0.18588
19960222,CL2,58,5.563,1.23504,3.22347
19960223,HO2,39,0.118,1.26520,1.92437
19960228,AD,41,0.034,2.25907,1.38933
19960308,GO,56,24.550,0.77778,1.37200
19960312,SB2,83,-0.253,-0.21393,-0.23971
19960321,NG2,15,0.172,0.81843,0.25781
19960328,NK,19,440.000,1.09750,0.41705
19960402,FCE,75,33.615,0.15769,0.24836
19960402,S2,42,29.420,0.43118,0.61572
19960404,W2,44,33.525,0.69635,0.73535
19960411,GO,46,-9.915,-0.31635,-0.45839
19960419,W2,38,29.000,0.60208,0.54910
19960419,RR2,64,9.080,0.17660,0.11302
19960426,HG2,40,-0.716,-0.05935,-0.07360
19960503,LB,23,-20.595,-1.56582,-0.52220
19960514,SP,10,-7.160,-0.10256,-0.17949
19960524,LB,22,-15.314,-1.16520,-0.37170
19960614,LSS,219,0.141,0.49000,0.37559
19960621,NK,19,-705.000,-1.76500,-0.67070
19960628,CL2,29,4.835,1.07329,1.40064
19960628,BAX,69,0.830,6.65756,1.42865
19960702,GO,44,53.750,1.70476,2.36280
19960703,BP,40,-0.021,-1.11188,-0.53370
19960705,LLG,29,-0.123,-0.04277,-0.03721
19960712,HO2,28,0.162,1.74146,1.90167
19960715,S2,29,-28.759,-0.42439,-0.41845
19960715,SB2,78,-0.194,-0.16440,-0.17312
19960725,RR2,62,-23.780,-0.48060,-0.29797
19960806,LB,22,44.500,3.37241,1.07580
19960826,SF,23,-0.022,-1.34725,-0.61973
19960904,BP,40,0.098,5.08896,2.44270
19960912,LES,88,0.444,2.21000,0.97240
19960913,BAX,84,1.505,12.08521,3.15714
19960913,S2,26,-42.000,-0.61912,-0.54730
19960916,LLG,39,1.467,0.48733,0.57018
19960925,GO,53,8.220,0.25937,0.43301
19960927,ED,97,0.231,2.86750,0.55629
19961007,SP,10,29.910,0.42701,0.74726
19961007,TU2,62,0.208,1.82624,0.25476
19961007,TY2,39,0.781,0.70568,0.30274
19961017,LB,20,53.600,4.06276,1.17820
19961021,CD,101,0.004,0.42130,0.42551
19961107,FCE,90,66.165,0.31269,0.59099
19961107,ND,14,22.891,0.22841,0.31977
19961113,HG2,33,4.450,0.35726,0.36547
19961121,AD,44,0.003,0.19033,0.12562
19961122,NG2,17,-0.375,-1.78857,-0.63852
19961126,LLG,34,-1.260,-0.42167,-0.43010
19961206,NG2,16,-0.240,-1.14524,-0.38480
19961206,CL2,31,-1.535,-0.34216,-0.47731
19961216,NG2,15,-0.139,-0.66595,-0.20977
19961217,RR2,88,129.285,2.58070,2.27102
19961219,CL2,30,-0.559,-0.12531,-0.16917
19961230,BP,33,-0.005,-0.28667,-0.11352
19970103,GO,36,-12.570,-0.40063,-0.45432
19970103,LB,18,-20.058,-1.52509,-0.39805
19970108,HG2,34,-4.197,-0.34008,-0.35845
19970108,ND,13,4.092,0.04042,0.05255
19970114,FCE,74,229.500,1.09048,1.69460
19970115,SP,9,-9.801,-0.14030,-0.22097
19970123,LLG,28,-0.087,-0.03070,-0.02579
19970203,PA2,124,7.250,0.18000,0.89280
19970205,SP,9,-5.366,-0.07695,-0.12120
19970206,HG2,34,0.004,-0.00129,-0.00136
19970211,LES,88,-0.195,-0.98650,-0.43406
19970213,S2,39,64.700,0.95000,1.25970
19970214,BAX,68,-0.318,-2.57315,-0.54417
19970218,ED,132,-0.179,-2.26500,-0.59796
19970221,LSS,225,-0.163,-0.59679,-0.46997
19970221,SB2,113,-0.310,-0.26047,-0.39735
19970226,PA2,109,6.597,0.16367,0.71362
19970312,PA2,85,-3.811,-0.09651,-0.32814
19970402,S2,33,-25.868,-0.38188,-0.42846
19970410,SB2,112,-0.357,-0.29963,-0.45304
19970422,W2,46,-21.763,-0.45547,-0.50284
19970501,HG2,34,4.934,0.39629,0.41769
19970501,S2,29,-37.228,-0.54893,-0.54125
19970506,SP,6,75.871,1.08359,1.13777
19970507,LLG,29,-0.825,-0.27660,-0.24064
19970512,PA2,57,2.350,0.05750,0.13110
19970513,FCE,49,-54.720,-0.26295,-0.27058
19970515,NK,13,-270.000,-0.67750,-0.17615
19970530,PA2,50,-7.000,-0.17625,-0.35250
19970602,LES,118,-0.257,-1.29650,-0.76494
19970603,SB2,112,-0.400,-0.33556,-0.50736
19970616,PA2,41,-14.136,-0.35465,-0.58163
19970616,FCE,42,42.895,0.20188,0.17806
19970618,ND,10,86.850,0.86800,0.86800
19970624,BP,25,-0.017,-0.88979,-0.26694
19970707,TY2,49,0.447,0.40198,0.21667
19970707,TU2,82,0.041,0.33931,0.06260
19970707,ED,138,-0.006,-0.09500,-0.02622
19970714,LLG,30,4.993,1.66273,1.49646
19970723,SB2,111,-0.203,-0.17179,-0.25742
19970724,FCE,37,-147.500,-0.70476,-0.54760
19970728,PA2,35,16.500,0.41125,0.57575
19970805,NG2,30,0.025,0.11752,0.07404
19970821,ND,9,-63.197,-0.63247,-0.56922
19970829,NG2,27,0.259,1.23176,0.69841
19970917,TU2,81,-0.059,-0.54408,-0.09916
19970917,BAX,80,-0.146,-1.18650,-0.29520
19970918,ED,148,-0.039,-0.51000,-0.15096
19971003,TY2,50,-0.889,-0.81278,-0.44703
19971006,GO,71,-10.655,-0.33984,-0.76006
19971006,HO2,39,-0.038,-0.41590,-0.63258
19971006,FCE,33,-170.115,-0.81245,-0.56303
19971006,SP,5,-31.656,-0.45251,-0.39595
19971013,RR2,57,-47.180,-0.94860,-0.54070
19971017,PA2,32,-18.285,-0.45837,-0.58672
19971021,NG2,21,0.080,0.37814,0.16676
19971028,TU2,80,-0.546,-4.87724,-0.87790
19971028,TY2,47,-1.449,-1.32216,-0.68355
19971031,SF,22,-0.018,-1.14106,-0.50207
19971031,ED,145,-0.176,-2.22000,-0.64380
19971031,SB2,111,-0.360,-0.30229,-0.45298
19971107,S2,28,-24.587,-0.36305,-0.34563
19971124,SI2,37,34.300,0.15200,0.63270
19971212,TY2,44,1.052,0.95142,0.46049
19971215,TU2,72,0.344,3.03387,0.49149
19971216,LLG,28,0.806,0.26700,0.22428
19980106,ED,140,0.075,0.90750,0.25410
19980108,LES,99,0.380,1.89150,0.93629
19980112,PA2,43,10.000,0.24875,0.42785
19980130,FCE,32,657.265,3.12745,2.10165
19980203,SP,4,77.264,1.10349,0.77244
19980204,SI2,28,2.636,0.01127,0.03550
19980312,PA2,40,2.066,0.05040,0.08064
19980325,PA2,37,-13.608,-0.34146,-0.50536
19980326,ND,8,-7.394,-0.07444,-0.05955
19980403,LLG,32,-1.373,-0.45943,-0.44106
19980406,GC2,54,-10.304,-0.16178,-0.55912
19980414,PA2,34,12.000,0.29875,0.40630
19980417,BP,24,-0.040,-2.08385,-0.60015
19980505,FCE,33,77.290,0.36567,0.25341
19980513,PA2,26,31.468,0.78544,0.81686
19980601,LLG,38,-0.944,-0.31637,-0.36066
19980624,ND,7,76.313,0.76263,0.53384
19980626,FCE,30,14.000,0.06429,0.04050
19980630,SP,5,-2.637,-0.03796,-0.03321
19980630,CT2,38,-2.494,-0.78263,-0.47584
19980810,TU2,89,0.326,2.87786,0.57629
19980810,TY2,61,6.398,5.81165,3.89962
19980810,ED,179,0.958,11.95250,4.27900
19980828,LLG,41,4.056,1.35033,1.66091
19980910,TU2,76,-0.057,-0.53147,-0.09088
19980911,BP,28,-0.015,-0.80937,-0.27195
19980914,LES,107,0.165,0.81550,0.43629
19980922,LSS,236,0.342,1.20607,0.99622
19980923,CT2,31,-3.904,-1.22306,-0.60664
19980925,TU2,66,0.249,2.19378,0.32578
19981001,SF,24,0.019,1.19125,0.57180
19981009,JY,12,-0.015,-0.61649,-0.22934
19981013,BAX,83,-0.089,-0.72910,-0.18820
19981019,TU2,56,-0.554,-4.94640,-0.62325
19981113,AD,22,-0.019,-1.27707,-0.42143
19981127,ND,4,351.553,3.51503,1.40601
19981201,LSS,204,0.344,1.21464,0.86725
19981201,S2,45,-20.368,-0.30099,-0.46052
19981211,LLG,26,-0.440,-0.14847,-0.11580
19981222,SP,3,-7.214,-0.10334,-0.05426
19981231,PA2,31,-12.003,-0.30134,-0.37366
19990104,JY,10,-0.016,-0.64391,-0.19961
19990105,FCE,18,-168.280,-0.80371,-0.30380
19990106,SB2,79,-0.631,-0.52720,-0.56226
19990112,LB,31,19.360,1.46524,0.65863
19990115,LES,96,-0.194,-0.97750,-0.46920
19990202,PA2,30,0.362,0.00779,0.00935
19990202,FCE,18,-309.445,-1.47593,-0.55790
19990205,AD,25,-0.022,-1.48180,-0.55568
19990205,CD,39,-0.013,-1.29170,-0.50376
19990211,LSS,187,-0.221,-0.80286,-0.52547
19990311,SP,3,-1.744,-0.02520,-0.01323
19990318,NK,16,570.000,1.42250,0.45520
19990324,LSS,198,-0.260,-0.94286,-0.65340
19990324,LES,113,0.113,0.55550,0.31386
19990326,PA2,28,-7.157,-0.18019,-0.20181
19990329,GO,58,-8.000,-0.25556,-0.46690
19990329,CL2,40,1.086,0.24018,0.43232
19990406,ND,3,-175.109,-1.75159,-0.52548
19990407,FCE,21,170.085,0.80755,0.35613
19990419,CD,48,0.001,0.10200,0.04896
19990423,AD,30,0.000,0.00993,0.00447
19990426,LB,28,68.200,5.17035,2.09916
19990427,ND,3,-206.693,-2.06743,-0.62023
19990428,SP,3,-74.989,-1.07156,-0.56257
19990430,HO2,37,-0.041,-0.44282,-0.63899
19990505,NG2,26,-0.168,-0.80238,-0.43810
19990505,BAX,111,-0.111,-0.90675,-0.31302
19990615,NK,17,400.000,0.99750,0.33915
19990618,DAX,7,-103.640,-0.20493,-0.18172
19990622,ND,3,-23.327,-0.23378,-0.07013
19990701,HG2,57,-0.986,-0.08117,-0.14343
19990701,CL2,40,0.699,0.15418,0.27752
19990701,HO2,36,0.041,0.44138,0.61969
19990702,GO,57,32.447,1.02849,1.84666
19990702,SP,3,-31.929,-0.45641,-0.23962
19990726,NG2,27,0.253,1.20267,0.68191
19990819,JY,18,0.033,1.33181,0.74315
19990831,CL2,39,1.573,0.34844,0.61152
19990831,SB2,79,-0.200,-0.16946,-0.18073
19990901,HO2,38,0.004,0.03911,0.05797
19990907,ND,3,-164.493,-1.64543,-0.49363
19990908,HG2,49,-3.550,-0.28790,-0.43733
19990910,PA2,29,11.803,0.29383,0.34084
19990910,FCE,27,-201.490,-0.96186,-0.54537
19990923,JY,15,-0.035,-1.40367,-0.65271
19990924,BP,27,-0.002,-0.09615,-0.03115
19990929,SI2,42,-28.575,-0.12744,-0.60217
19991007,GC2,57,-9.151,-0.14377,-0.52446
19991011,ND,3,-157.460,-1.57510,-0.47253
19991013,PA2,32,-12.000,-0.30125,-0.38560
19991018,SF,23,-0.021,-1.34594,-0.61913
19991018,EC,16,-0.031,-1.74006,-0.62642
19991026,PA2,32,1.064,0.02534,0.03243
19991029,FCE,27,927.025,4.41202,2.50162
19991101,ND,3,914.995,9.14945,2.74484
19991111,GO,48,8.898,0.28087,0.42468
19991111,HO2,33,0.012,0.13206,0.16996
19991111,DAX,8,918.800,1.81284,1.83720
19991115,CL2,34,0.293,0.06398,0.09789
19991123,NK,18,-442.000,-1.10750,-0.39870
19991129,JY,13,-0.028,-1.12581,-0.45370
19991213,PA2,30,14.244,0.35485,0.42582
19991216,HG2,49,-0.493,-0.04141,-0.06290
19991221,GO,43,-8.097,-0.25865,-0.35034
19991221,HO2,29,-0.033,-0.36015,-0.40732
19991227,SP,3,-60.437,-0.86367,-0.45343
19991228,CD,54,0.001,0.07620,0.04115
19991229,CL2,30,-1.963,-0.43731,-0.59037
20000105,LB,24,-25.989,-1.97503,-0.68731
20000117,DAX,7,-310.765,-0.61368,-0.54419
20000118,HO2,27,0.122,1.31553,1.38525
20000118,GO,40,-2.210,-0.07175,-0.09040
20000118,CL2,27,5.109,1.13431,1.37819
20000118,NK,18,340.000,0.84750,0.30510
20000120,ND,2,-252.341,-2.52391,-0.50478
20000124,PA2,27,219.851,5.49503,5.93463
20000204,FCE,20,-160.980,-0.76895,-0.32296
20000204,ND,2,342.898,3.42848,0.68569
20000204,DAX,6,136.500,0.26898,0.20445
20000204,LB,24,-22.702,-1.72567,-0.60053
20000207,HO2,21,0.035,0.37392,0.30624
20000223,PA2,16,0.000,-0.00125,-0.00080
20000223,CT2,39,-0.335,-0.10781,-0.06728
20000225,BAX,86,-0.214,-1.73312,-0.46354
20000301,NK,19,-965.000,-2.41500,-0.91770
20000302,GO,34,-0.148,-0.00627,-0.00672
20000303,FCE,17,-267.105,-1.27431,-0.45493
20000320,S2,46,1.527,0.02099,0.03283
20000324,ND,1,-361.522,-3.61572,-0.36157
20000328,NG2,19,1.033,4.91905,1.96270
20000329,NK,18,-590.800,-1.47950,-0.53262
20000405,BAX,99,-0.170,-1.38585,-0.42669
20000410,LSS,236,-0.100,-0.37286,-0.30798
20000411,TY2,34,-1.979,-1.80327,-0.67442
20000420,HO2,17,0.097,1.03875,0.68869
20000515,GO,32,18.265,0.57825,0.58288
20000515,SB2,100,1.388,1.14774,1.54945
20000517,FCE,13,-446.175,-2.12702,-0.58068
20000519,CL2,23,1.472,0.32604,0.33746
20000522,LSS,233,1.036,3.68500,3.00512
20000602,FCE,13,-77.230,-0.37014,-0.10105
20000602,LLG,24,-1.929,-0.64477,-0.46423
20000606,NG2,18,-0.405,-1.92957,-0.72938
20000616,NG2,16,-0.309,-1.47248,-0.49475
20000623,NG2,16,-0.198,-0.94500,-0.31752
20000630,SB2,86,-0.680,-0.56769,-0.65908
20000705,TY2,32,1.724,1.56264,0.55005
20000713,SB2,81,0.952,0.78635,0.85988
20000721,PA2,12,52.343,1.30731,0.62751
20000724,HG2,61,1.704,0.13581,0.25681
20000728,TU2,61,0.507,4.48133,0.61506
20000804,BAX,117,0.119,0.93891,0.34164
20000804,ED,125,0.241,2.98875,0.74719
20000804,SB2,70,-0.624,-0.52148,-0.49279
20000810,GO,34,60.605,1.92238,2.05887
20000811,HO2,19,0.122,1.31634,0.97541
20000815,CL2,22,2.067,0.45822,0.45364
20000822,NG2,12,0.146,0.69205,0.17440
20000901,LES,113,0.076,0.37000,0.20905
20000905,ND,1,-472.838,-4.72888,-0.47289
20001013,GO,25,-23.000,-0.73175,-0.57625
20001013,HO2,17,-0.078,-0.84431,-0.55978
20001013,CL2,19,-3.084,-0.68642,-0.58689
20001016,SB2,60,-0.496,-0.41495,-0.33611
20001018,RR2,73,-30.940,-0.62380,-0.45537
20001101,PA2,12,108.155,2.70262,1.29726
20001115,NG2,11,-0.385,-1.83724,-0.42440
20001116,CL2,20,-2.348,-0.52280,-0.47052
20001116,HO2,16,-0.056,-0.60874,-0.37986
20001117,LLG,38,0.889,0.29470,0.33596
20001122,NG2,10,2.294,10.92086,2.29338
20001124,TY2,44,2.907,2.63835,1.27696
20001128,CT2,36,-3.142,-0.98491,-0.56731
20001130,GBS,198,0.842,2.14513,1.65647
20001130,TU2,84,1.393,12.36285,2.33658
20001130,ED,166,1.041,12.99125,4.31310
20001130,LEU,166,0.553,2.75350,2.28540
20001201,BAX,160,0.662,5.30386,2.63920
20001201,LES,135,0.300,1.49000,1.00575
20001204,S2,48,-19.530,-0.28868,-0.47112
20001218,PA2,12,93.961,2.34777,1.12693
20010102,NG2,6,0.000,-0.00238,-0.00030
20010108,SF,23,-0.021,-1.33844,-0.61568
20010108,EC,14,-0.038,-2.09111,-0.65870
20010109,TY2,39,-1.300,-1.18665,-0.50907
20010110,NG2,6,-0.950,-4.52619,-0.57030
20010123,PA2,12,-45.000,-1.12625,-0.54060
20010130,LSS,303,-0.099,-0.36786,-0.39011
20010201,BAX,117,-0.173,-1.40675,-0.51187
20010201,ED,107,-0.252,-3.17188,-0.67878
20010226,BAX,107,0.195,1.54823,0.51520
20010226,ED,99,0.181,2.23562,0.44265
20010228,LSS,283,-0.002,-0.02250,-0.02229
20010302,TY2,33,-0.743,-0.67969,-0.24673
20010315,TU2,56,-0.375,-3.35556,-0.42280
20010316,LLG,40,-0.804,-0.26977,-0.32372
20010319,LES,137,-0.055,-0.28700,-0.19660
20010322,GBS,162,-0.203,-0.53231,-0.33631
20010322,LEU,126,-0.161,-0.81400,-0.51282
20010405,ED,85,-0.187,-2.35625,-0.40056
20010423,ED,75,0.274,3.40563,0.51084
20010430,LB,27,61.805,4.68521,1.83426
20010510,BAX,80,-0.301,-2.43489,-0.60580
20010518,GO,31,-6.755,-0.21603,-0.21096
20010612,BAX,80,-0.219,-1.77572,-0.44180
20010615,HO2,20,-0.064,-0.69336,-0.54082
20010618,TU2,52,-0.361,-3.23465,-0.37845
20010625,SB2,79,-0.448,-0.37496,-0.39990
20010702,CD,50,-0.010,-1.03300,-0.51650
20010702,S2,51,34.507,0.50599,0.87739
20010719,TU2,51,0.353,3.11547,0.35750
20010719,BAX,84,2.071,16.63023,4.34448
20010719,ED,81,1.679,20.96750,3.39674
20010730,LEU,107,0.856,4.27150,2.28525
20010801,LES,117,0.681,3.39750,1.98754
20010801,GBS,135,1.485,3.79385,1.99746
20010814,TY2,32,4.693,4.26221,1.50030
20010816,AD,29,-0.013,-0.89807,-0.39066
20010820,GC2,62,3.200,0.04922,0.19530
20010829,BP,29,-0.024,-1.27927,-0.44519
20010829,LLG,35,-1.631,-0.54520,-0.57246
20010831,EC,17,-0.027,-1.49000,-0.56993
20010831,SF,27,-0.016,-1.02569,-0.55387
20010910,TU2,56,1.810,16.06374,2.02403
20010910,LSS,184,0.740,2.62857,1.69280
20010914,SF,26,0.006,0.38794,0.20173
20010914,BP,25,-0.029,-1.49063,-0.44719
20010917,EC,17,-0.021,-1.17067,-0.44778
20011004,LLG,34,1.907,0.63407,0.64675
20011026,LES,111,0.107,0.52400,0.29082
20011204,BAX,84,-0.278,-2.24839,-0.58737
20011212,BAX,78,0.072,0.56350,0.13670
20020107,SP,4,-63.526,-0.90780,-0.63546
20020107,DAX,5,-431.400,-0.85175,-0.53950
20020107,W2,68,-16.930,-0.35479,-0.57902
20020108,ED,72,-0.072,-0.92375,-0.13302
20020109,AD,33,-0.016,-1.07793,-0.53358
20020110,SB2,93,-0.456,-0.38210,-0.47972
20020201,HG2,65,-2.303,-0.18734,-0.37749
20020213,LB,21,8.832,0.66657,0.20297
20020225,TU2,41,-0.687,-6.13244,-0.56572
20020307,AD,42,0.042,2.76593,1.74254
20020311,DAX,6,-207.350,-0.40960,-0.31133
20020315,S2,61,-12.345,-0.18301,-0.37957
20020319,HG2,59,-3.885,-0.31492,-0.57599
20020319,CL2,24,-0.254,-0.05764,-0.06226
20020328,SI2,50,-16.896,-0.07554,-0.42490
20020402,HO2,21,-0.060,-0.64744,-0.53025
20020403,GO,31,-15.373,-0.48960,-0.47810
20020403,GC2,68,11.176,0.17384,0.75657
20020403,LES,89,2.492,12.45050,5.54047
20020415,ED,68,1.601,19.98562,2.71805
20020422,CD,61,0.009,0.94380,0.57572
20020422,BP,35,0.114,5.90792,2.48133
20020425,S2,56,-20.885,-0.30860,-0.58758
20020429,TU2,44,3.454,30.68000,3.03732
20020430,SF,30,0.057,3.57244,2.14346
20020501,NG2,14,-0.327,-1.56076,-0.45886
20020506,EC,22,0.075,4.15394,2.05620
20020513,CL2,24,-0.860,-0.19222,-0.20760
20020515,HO2,22,-0.052,-0.56343,-0.48342
20020516,S2,56,10.588,0.15423,0.29365
20020520,JY,22,0.045,1.80399,1.23032
20020521,SI2,49,9.500,0.04178,0.23030
20020523,NK,20,-472.850,-1.18463,-0.47385
20020604,HG2,66,-2.391,-0.19444,-0.39782
20020605,TY2,29,9.634,8.75341,2.79234
20020617,GBS,142,0.980,2.50103,1.38507
20020617,LEU,122,0.456,2.26775,1.38333
20020617,LSS,175,0.812,2.88643,1.76794
20020624,CD,63,-0.006,-0.61160,-0.38531
20020627,BAX,75,0.257,2.05064,0.47831
20020701,S2,51,17.512,0.25607,0.44402
20020711,W2,67,12.382,0.25589,0.41146
20020712,SB2,94,-0.379,-0.31788,-0.40340
20020715,LLG,40,1.570,0.52180,0.62616
20020722,RR2,93,-38.800,-0.78100,-0.72633
20020814,S2,38,-18.045,-0.26684,-0.34476
20020815,CL2,25,0.930,0.20564,0.23135
20020816,GO,40,11.502,0.36357,0.45810
20020903,W2,56,26.880,0.55792,0.74984
20020904,LLG,36,-0.902,-0.30240,-0.32659
20020904,GBS,123,0.147,0.36282,0.17405
20020904,LEU,101,0.058,0.27900,0.14089
20020904,SB2,91,1.038,0.85720,1.05307
20020906,HO2,26,-0.033,-0.35474,-0.35971
20020911,S2,35,-23.627,-0.34893,-0.41523
20020920,LSS,168,-0.161,-0.59036,-0.34713
20021015,NG2,13,-0.560,-2.66905,-0.72865
20021029,BAX,69,0.138,1.09646,0.23529
20021030,ED,78,0.397,4.94375,0.77123
20021101,TU2,37,-0.826,-7.36301,-0.61297
20021104,AD,33,0.048,3.17913,1.57367
20021104,EC,16,0.087,4.81211,1.73236
20021108,BP,26,-0.026,-1.36104,-0.42464
20021113,GBS,109,1.241,3.17000,1.34757
20021129,S2,34,-20.380,-0.30118,-0.34816
20021203,HG2,72,-2.975,-0.24157,-0.53919
20021203,ND,5,-121.615,-1.21665,-0.60833
20021204,SB2,85,-0.596,-0.49791,-0.57136
20021209,GC2,56,40.683,0.63489,2.27545
20021209,LEU,96,0.317,1.57725,0.75708
20021211,NG2,12,0.189,0.89552,0.22567
20021212,CD,48,-0.008,-0.80540,-0.38659
20021216,BP,27,0.036,1.84823,0.59883
20021218,SF,23,0.032,2.02537,0.93167
20021219,TU2,42,-0.146,-1.31964,-0.12471
20021223,CT2,36,-2.476,-0.77681,-0.44744
20021226,TY2,23,-1.399,-1.27628,-0.32290
20021230,LSS,182,0.209,0.73036,0.46524
20030102,SI2,56,-7.679,-0.03457,-0.21781
20030106,NG2,11,2.100,9.99829,2.30960
20030113,CD,54,0.024,2.44320,1.31933
20030115,JY,20,-0.021,-0.84468,-0.52370
20030116,HG2,76,-0.010,-0.00242,-0.00570
20030117,CL2,25,3.740,0.83000,0.93375
20030120,LLG,33,1.305,0.43337,0.42903
20030121,SB2,84,0.664,0.54717,0.62049
20030123,TU2,45,0.343,3.02381,0.30616
20030127,HO2,21,0.116,1.25286,1.02609
20030127,GO,33,77.202,2.44929,2.54603
20030203,CT2,41,1.202,0.37253,0.24438
20030210,LB,29,-13.700,-1.04276,-0.43848
20030214,TY2,25,0.253,0.22528,0.06195
20030220,HO2,18,0.012,0.12602,0.08847
20030226,JY,21,-0.020,-0.79343,-0.51652
20030227,HG2,70,-3.077,-0.24976,-0.54197
20030228,S2,45,14.810,0.21632,0.33098
20030303,NG2,8,-0.159,-0.76105,-0.12786
20030312,RR2,95,68.830,1.37160,1.30302
20030328,CD,49,-0.013,-1.30840,-0.64112
20030411,CD,47,0.039,3.86570,1.81688
20030421,AD,37,0.051,3.40273,1.88852
20030421,RR2,82,36.345,0.72190,0.59196
20030430,ND,7,90.530,0.90480,0.63336
20030430,EC,16,0.044,2.43861,0.87790
20030430,S2,45,-3.108,-0.04717,-0.07217
20030507,SF,21,-0.003,-0.19912,-0.08363
20030507,ED,135,0.021,0.23500,0.06345
20030507,TU2,56,0.267,2.35199,0.29635
20030508,JY,21,-0.021,-0.83605,-0.54427
20030509,TY2,28,1.975,1.79134,0.55173
20030513,SP,4,16.618,0.23711,0.16598
20030516,GBS,139,0.245,0.61487,0.33332
20030516,LES,133,-0.078,-0.40000,-0.26600
20030519,LEU,135,0.067,0.32475,0.21921
20030603,FCE,23,228.915,1.08769,0.52535
20030605,DAX,8,339.150,0.66891,0.67790
20030606,BP,24,-0.017,-0.90042,-0.25932
20030606,CD,34,-0.016,-1.64340,-0.55876
20030609,BAX,98,0.027,0.19936,0.06076
20030611,LLG,28,-1.691,-0.56520,-0.47477
20030702,NK,31,-50.000,-0.12750,-0.07905
20030711,CL2,18,-1.268,-0.28291,-0.22916
20030715,HG2,67,-1.650,-0.13468,-0.27972
20030718,BAX,87,-0.214,-1.73312,-0.46893
20030724,SI2,56,-8.713,-0.03917,-0.24676
20030724,RR2,54,-11.420,-0.23340,-0.12604
20030724,W2,49,12.418,0.25661,0.30178
20030804,HO2,17,-0.062,-0.67238,-0.44579
20030804,GO,24,-16.567,-0.52754,-0.39882
20030819,NK,28,170.000,0.42250,0.23660
20030820,ND,7,11.690,0.11640,0.08148
20030822,LES,149,-0.144,-0.72800,-0.54236
20030822,LB,25,8.600,0.64896,0.23525
20030825,PA2,29,10.958,0.27270,0.31633
20030828,GC2,38,-0.475,-0.00820,-0.01995
20030902,SP,5,-12.982,-0.18574,-0.16252
20030904,HG2,69,9.070,0.72988,1.56121
20030910,SI2,46,-15.907,-0.07114,-0.36816
20030912,CT2,33,11.700,3.65312,1.92885
20030919,AD,26,0.097,6.43120,2.50817
20030923,BAX,85,-0.198,-1.61013,-0.42564
20030923,S2,36,107.663,1.58180,1.93613
20030930,JY,22,-0.002,-0.09294,-0.06339
20031001,LES,156,-0.161,-0.81550,-0.63609
20031008,SP,5,87.462,1.24917,1.09303
20031010,GO,31,-2.935,-0.09476,-0.09254
20031013,HO2,21,-0.066,-0.70883,-0.58053
20031013,ND,7,-48.445,-0.48495,-0.33947
20031014,CD,26,-0.012,-1.22330,-0.31806
20031021,NK,23,-720.000,-1.80250,-0.82915
20031027,GC2,36,21.263,0.33145,0.76367
20031030,BP,23,-0.039,-2.03495,-0.56165
20031104,DAX,11,-182.235,-0.36003,-0.50170
20031104,FCE,35,193.795,0.92045,0.67653
20031111,W2,43,-7.945,-0.16760,-0.17297
20031113,CD,28,-0.016,-1.61450,-0.45206
20031114,JY,21,-0.002,-0.06423,-0.04182
20031117,SI2,37,82.518,0.36630,1.52473
20031119,BP,23,0.111,5.76161,1.59021
20031119,EC,13,0.053,2.93294,0.85789
20031119,SF,19,0.018,1.10156,0.41859
20031120,GO,29,-19.462,-0.61944,-0.56586
20031124,LES,141,-0.184,-0.92850,-0.65459
20031202,DAX,11,123.940,0.24420,0.34029
20031203,HG2,55,35.833,2.88814,4.92429
20031204,RR2,53,-47.255,-0.95010,-0.50355
20031212,BAX,92,0.570,4.56350,1.30571
20031215,HO2,20,-0.022,-0.23282,-0.18160
20031215,CL2,24,0.531,0.11696,0.12631
20031215,GBS,127,1.168,2.98231,1.47714
20031216,GO,28,-2.225,-0.07222,-0.06370
20031216,LES,130,-0.109,-0.55250,-0.35912
20031218,TU2,44,0.771,6.83485,0.67665
20031218,TY2,20,2.997,2.72045,0.59850
20031230,ND,7,2.645,0.02595,0.01817
20031231,CD,28,-0.008,-0.82390,-0.23069
20040107,HO2,19,-0.049,-0.53022,-0.39290
20040107,RR2,57,-49.500,-0.99500,-0.56715
20040112,NG2,7,-0.250,-1.19233,-0.17527
20040112,ED,154,-0.142,-1.79688,-0.55344
20040112,LES,132,0.047,0.22400,0.14784
20040113,S2,24,-26.617,-0.39290,-0.32061
20040121,HO2,18,-0.057,-0.61223,-0.42979
20040121,LEU,147,0.094,0.45850,0.33700
20040123,AD,27,-0.022,-1.45447,-0.58906
20040129,SI2,32,-23.508,-0.10492,-0.37773
20040209,BP,22,0.016,0.82568,0.21798
20040209,LB,22,-3.088,-0.23771,-0.07583
20040210,S2,23,151.335,2.22404,1.73920
20040211,AD,25,-0.006,-0.41687,-0.15633
20040212,ED,150,-0.021,-0.29375,-0.08812
20040218,SI2,29,-39.459,-0.17582,-0.57361
20040218,CL2,22,0.576,0.12693,0.12566
20040218,EC,12,-0.041,-2.29189,-0.61881
20040302,SI2,27,78.529,0.34857,1.05879
20040302,NK,23,-227.300,-0.57075,-0.26254
20040302,RR2,52,20.800,0.41100,0.21372
20040309,PA2,28,50.311,1.25651,1.40729
20040309,LLG,33,-1.389,-0.46483,-0.46019
20040316,GO,25,-13.365,-0.42587,-0.33537
20040326,NK,23,-94.000,-0.23750,-0.10925
20040329,GC2,34,-11.632,-0.18253,-0.39719
20040331,LB,21,30.872,2.33857,0.71209
20040401,JY,21,-0.020,-0.79319,-0.51636
20040413,CL2,20,1.942,0.43044,0.38740
20040414,GO,24,33.840,1.07270,0.81096
20040416,HO2,15,-0.001,-0.01344,-0.00786
20040423,RR2,43,-3.310,-0.07120,-0.03062
20040426,FCE,42,-151.400,-0.72333,-0.63798
20040525,NG2,8,-0.633,-3.01710,-0.50687
20040618,SB2,92,-0.120,-0.10326,-0.12825
20040621,FCE,39,-123.970,-0.59271,-0.48543
20040702,HO2,15,0.081,0.86740,0.50743
20040702,GO,21,36.750,1.16508,0.77070
20040706,SF,16,-0.025,-1.56325,-0.50024
20040719,EC,12,-0.039,-2.19611,-0.59295
20040719,BP,17,-0.056,-2.94312,-0.60040
20040722,LB,21,-16.100,-1.22483,-0.37296
20040729,CL2,18,2.312,0.51260,0.41521
20040816,CD,30,0.065,6.52640,1.95792
20040816,LEU,175,-0.117,-0.59575,-0.52128
20040816,TY2,30,0.274,0.24489,0.08081
20040819,LB,21,-21.652,-1.64601,-0.50121
20040823,GC2,35,-14.755,-0.23133,-0.51818
20040823,GBS,167,-0.270,-0.70590,-0.45975
20040901,TU2,56,-0.519,-4.63555,-0.58408
20040901,LLG,46,0.439,0.14450,0.19941
20040913,LSS,259,0.151,0.52393,0.47494
20040917,ED,110,-0.228,-2.87375,-0.63222
20040917,TU2,55,-0.446,-3.98692,-0.49338
20040921,HG2,26,-1.000,-0.08226,-0.06630
20040921,GO,18,76.688,2.43294,1.37948
20040922,HO2,13,0.167,1.80256,0.91390
20040923,CL2,16,4.182,0.92829,0.66837
20041001,GC2,39,20.717,0.32292,0.80601
20041001,SI2,22,31.600,0.14000,0.34650
20041001,AD,22,0.042,2.76840,0.91357
20041001,EC,15,0.089,4.95522,1.67239
20041011,LES,130,-0.063,-0.32700,-0.21255
20041011,LEU,200,-0.045,-0.23300,-0.23300
20041011,GBS,180,0.194,0.48513,0.34056
20041012,SB2,89,-0.598,-0.49949,-0.60014
20041021,TY2,33,-1.599,-1.45853,-0.52945
20041101,ND,8,73.050,0.73000,0.58400
20041104,SP,7,37.913,0.54133,0.66313
20041104,SF,19,0.020,1.24300,0.47234
20041105,DAX,15,67.395,0.13261,0.25198
20041108,JY,20,0.006,0.22718,0.14085
20041112,FCE,47,124.000,0.58810,0.58045
20041115,LLG,48,0.340,0.11153,0.16061
20041124,BP,22,0.035,1.82922,0.48291
20041126,LEU,210,-0.080,-0.41175,-0.43234
20041209,BAX,99,-0.213,-1.72749,-0.53188
20041229,HG2,26,-6.337,-0.51266,-0.41321
20050103,LES,131,0.441,2.19550,1.43805
20050114,LSS,304,-0.159,-0.58321,-0.62054
20050119,NK,30,171.500,0.42625,0.25575
20050124,LB,20,5.672,0.42684,0.12378
20050126,BAX,109,-0.169,-1.37862,-0.46734
20050127,SB2,105,-0.479,-0.40068,-0.56797
20050131,LEU,194,-0.075,-0.38500,-0.37345
20050207,DAX,16,-61.695,-0.12215,-0.24758
20050211,AD,23,-0.009,-0.57387,-0.19798
20050218,HG2,26,-6.700,-0.54194,-0.43680
20050223,CT2,35,0.600,0.18438,0.10325
20050223,S2,37,65.065,0.95537,1.20185
20050301,LB,21,-26.667,-2.02646,-0.61706
20050307,SP,7,-33.566,-0.47980,-0.58775
20050308,GBS,201,-0.320,-0.83333,-0.65325
20050309,BP,20,-0.050,-2.61380,-0.62731
20050315,CL2,13,-2.647,-0.58940,-0.34480
20050317,HO2,9,-0.081,-0.87807,-0.30820
20050317,GO,12,-10.795,-0.34429,-0.13014
20050329,CT2,33,-2.310,-0.72500,-0.38280
20050404,LEU,215,0.234,1.16225,1.24942
20050405,GBS,201,0.664,1.68974,1.32459
20050520,FCE,55,132.540,0.62876,0.72622
20050525,LLG,45,-0.509,-0.17140,-0.23139
20050601,TY2,38,-0.969,-0.88552,-0.37015
20050601,BAX,120,-0.153,-1.24196,-0.46350
20050601,S2,29,20.957,0.30673,0.30243
20050602,LSS,327,-0.135,-0.49714,-0.56898
20050606,HG2,28,-4.384,-0.35516,-0.30828
20050613,DAX,18,-112.500,-0.22241,-0.50715
20050614,HO2,10,-0.029,-0.30896,-0.12049
20050623,GBS,233,-0.275,-0.71769,-0.65217
20050623,LSS,317,0.103,0.35321,0.39189
20050627,BAX,118,-0.205,-1.66559,-0.61124
20050628,GO,13,-21.750,-0.69206,-0.28340
20050628,LLG,42,-1.278,-0.42770,-0.53890
20050711,FCE,51,83.355,0.39455,0.42256
20050712,SP,6,-10.604,-0.15177,-0.15936
20050712,DAX,17,149.190,0.29403,0.63321
20050715,ND,9,-14.030,-0.14080,-0.12672
20050719,HG2,26,5.994,0.48178,0.38831
20050719,SB2,117,0.312,0.25514,0.40299
20050728,NK,33,1515.300,3.78575,2.49859
20050802,NG2,9,0.848,4.03386,0.76240
20050808,CL2,12,1.374,0.30433,0.16434
20050811,HO2,10,-0.077,-0.83472,-0.32554
20050812,GC2,55,-15.600,-0.24453,-0.86075
20050812,GO,12,4.350,0.13651,0.05160
20050812,CD,30,0.006,0.63020,0.18906
20050825,NG2,8,1.110,5.28562,0.88798
20050831,HO2,9,-0.025,-0.27144,-0.09528
20050901,LLG,42,-1.220,-0.40820,-0.51433
20050907,DAX,16,-114.655,-0.22666,-0.45942
20050912,GC2,51,13.720,0.21359,0.69717
20050912,SB2,112,-0.322,-0.27084,-0.40952
20050920,NG2,6,-0.630,-3.00238,-0.37830
20050922,HG2,25,2.229,0.17811,0.13803
20050927,FCE,48,-35.145,-0.16974,-0.17110
20050928,SB2,104,0.285,0.23307,0.32723
20050929,NG2,6,-1.495,-7.12143,-0.89730
20050929,DAX,15,-84.190,-0.16654,-0.31646
20051011,PA2,50,42.038,1.04970,2.09940
20051102,NK,28,1446.300,3.61325,2.02342
20051104,ND,10,20.175,0.20125,0.20125
20051107,HG2,24,48.748,3.92968,2.92368
20051107,RR2,70,-41.020,-0.82540,-0.57778
20051109,LB,22,-17.000,-1.29310,-0.41250
20051116,SB2,86,2.068,1.71172,1.98731
20051117,SI2,31,50.383,0.22348,0.77939
20051118,GC2,40,21.400,0.33359,0.85400
20051122,DAX,13,170.555,0.33619,0.55365
20051205,PA2,40,1.033,0.02457,0.03932
20051205,FCE,44,78.925,0.37345,0.34507
20051206,CD,28,-0.014,-1.40510,-0.39343
20051212,RR2,71,10.995,0.21490,0.15258
20051222,NK,23,-2.200,-0.00800,-0.00368
20051223,LB,21,-4.055,-0.31107,-0.09472
20060104,GC2,32,15.667,0.24402,0.49975
20060104,SI2,26,10.000,0.04400,0.12870
20060105,SB2,70,3.327,2.75681,2.60518
20060109,ND,10,-39.530,-0.39580,-0.39580
20060109,SP,7,-26.775,-0.38279,-0.46891
20060116,LLG,43,-0.866,-0.29040,-0.37462
20060130,NK,18,-670.000,-1.67750,-0.60390
20060130,DAX,13,72.260,0.14221,0.23420
20060130,FCE,43,-13.135,-0.06493,-0.05863
20060201,PA2,27,0.151,0.00252,0.00273
20060201,CD,29,-0.015,-1.46140,-0.42381
20060216,LES,144,-0.160,-0.81250,-0.58500
20060221,W2,58,-14.710,-0.30854,-0.42949
20060303,SI2,20,357.309,1.58760,3.57209
20060314,FCE,41,5.570,0.02414,0.02079
20060316,SP,7,-19.023,-0.27204,-0.33325
20060320,HG2,19,49.510,3.99113,2.35078
20060323,PA2,22,0.980,0.02325,0.02046
20060323,DAX,12,-42.000,-0.08328,-0.12660
20060330,GO,12,17.668,0.55929,0.21141
20060330,NK,16,-315.550,-0.79138,-0.25324
20060331,GC2,23,100.489,1.56936,2.31010
20060407,PA2,20,5.000,0.12375,0.09900
20060419,EC,16,0.021,1.17706,0.42374
20060424,HG2,17,11.319,0.91117,0.48019
20060427,CD,31,0.002,0.16140,0.05003
20060502,HG2,15,32.000,2.57903,1.19925
20060503,BP,23,0.008,0.42984,0.11864
20060508,FCE,39,-144.000,-0.68810,-0.56355
20060511,RB2,11,-0.232,-1.94980,-1.07239
20060511,SF,23,-0.010,-0.61456,-0.28270
20060512,HO2,10,-0.135,-1.45626,-0.56794
20060512,SI2,11,-170.000,-0.75600,-0.93555
20060515,W2,48,-3.845,-0.08219,-0.09468
20060531,CD,29,-0.020,-2.00330,-0.58096
20060613,CD,29,-0.019,-1.85570,-0.53815
20060714,CL2,13,-5.468,-1.21624,-0.71150
20060731,AD,26,-0.017,-1.15260,-0.44951
20060804,BP,21,-0.025,-1.30573,-0.32904
20060808,GO,12,-49.508,-1.57325,-0.59469
20060810,RR2,68,-27.730,-0.55960,-0.38053
20060821,TY2,48,0.485,0.43594,0.23018
20060822,EC,15,-0.028,-1.57550,-0.53173
20060831,FCE,27,102.930,0.48776,0.27656
20060911,BAX,139,-0.079,-0.64791,-0.28009
20060918,DAX,8,276.935,0.54613,0.55347
20060919,SP,6,83.713,1.19561,1.25540
20060921,LES,190,-0.011,-0.06300,-0.05985
20060922,TU2,87,-0.203,-1.82959,-0.35814
20060922,ED,143,-0.093,-1.18875,-0.33998
20060926,LLG,45,-1.330,-0.44487,-0.60057
20061005,NK,15,-217.600,-0.54650,-0.16395
20061005,ND,7,57.007,0.56958,0.39870
20061017,W2,32,-36.428,-0.76099,-0.58444
20061101,AD,33,-0.000,-0.00553,-0.00274
20061101,BP,24,0.032,1.67911,0.48358
20061127,S2,35,-30.390,-0.44838,-0.53357
20061128,SI2,11,-48.725,-0.21700,-0.26854
20061128,TY2,49,-0.450,-0.41320,-0.22272
20061204,BAX,159,-0.138,-1.12460,-0.55610
20061204,TU2,81,-0.360,-3.21956,-0.58676
20061214,DAX,11,241.125,0.47546,0.66254
20061215,FCE,35,33.125,0.15536,0.11419
20061215,NK,20,666.950,1.66488,0.66595
20070103,AD,35,-0.017,-1.14813,-0.60277
20070109,RR2,58,-33.985,-0.68470,-0.39713
20070112,ND,8,-61.075,-0.61125,-0.48900
20070116,S2,32,25.840,0.37853,0.41184
20070123,PA2,20,-13.342,-0.33480,-0.26784
20070124,BP,24,-0.039,-2.01984,-0.58171
20070202,GC2,19,-4.364,-0.06897,-0.08387
20070222,SI2,12,-57.581,-0.25636,-0.34609
20070319,AD,35,0.024,1.60787,0.84413
20070319,EC,19,0.008,0.45417,0.19416
20070320,RB2,9,0.114,0.95407,0.42933
20070405,DAX,9,587.090,1.15821,1.32050
20070412,PA2,26,-5.707,-0.14392,-0.14968
20070413,GO,14,7.352,0.23183,0.10223
20070413,HO2,9,0.057,0.61611,0.21625
20070413,BP,24,-0.010,-0.52047,-0.14990
20070416,FCE,31,239.205,1.13669,0.73999
20070417,SP,6,24.979,0.35656,0.37438
20070418,HG2,9,-20.284,-1.63742,-0.45684
20070420,CD,39,0.059,5.89470,2.29893
20070425,RB2,8,0.131,1.10158,0.44063
20070425,SF,26,-0.018,-1.15244,-0.59927
20070518,NG2,7,-0.851,-4.05543,-0.59615
20070522,ND,8,56.022,0.55972,0.44778
20070522,S2,28,12.362,0.18033,0.17167
20070601,NK,17,-390.750,-0.97937,-0.33299
20070606,AD,32,0.029,1.89813,0.91110
20070611,W2,28,26.280,0.54542,0.36652
20070618,DAX,8,-252.880,-0.49945,-0.50616
20070702,BP,29,0.026,1.34661,0.46862
20070703,S2,26,2.008,0.02805,0.02480
20070709,RB2,8,-0.131,-1.09999,-0.44000
20070711,EC,23,-0.015,-0.86100,-0.44557
20070713,SP,5,-40.944,-0.58520,-0.51205
20070716,CL2,12,-0.880,-0.19676,-0.10625
20070723,HG2,8,-28.852,-2.32843,-0.57745
20070725,W2,23,171.747,3.57599,1.97395
20070816,ED,149,0.052,0.62813,0.18718
20070906,TY2,37,-0.691,-0.63281,-0.25755
20070906,TU2,57,-0.246,-2.21048,-0.28349
20070907,GO,15,1.702,0.05246,0.02479
20070910,GBS,167,-0.299,-0.77962,-0.50776
20070911,HO2,10,0.310,3.33692,1.30140
20070912,CL2,12,14.339,3.18544,1.72014
20070913,EC,21,0.011,0.61900,0.29248
20070913,SF,30,-0.003,-0.17706,-0.10624
20070914,CD,25,0.064,6.37500,1.59375
20070917,LLG,42,-1.225,-0.40993,-0.51652
20070917,S2,22,-11.765,-0.17449,-0.13051
20070918,GC2,21,76.995,1.20227,1.61584
20070926,ND,7,50.242,0.50192,0.35135
20070927,W2,18,-46.905,-0.97927,-0.42305
20070928,CT2,29,-4.270,-1.33737,-0.62054
20071001,AD,21,0.012,0.77053,0.24272
20071017,GO,14,65.010,2.06222,0.90944
20071019,EC,20,0.028,1.52900,0.68805
20071022,BP,25,0.001,0.06875,0.02063
20071022,TU2,48,0.612,5.42125,0.58550
20071025,TY2,32,1.607,1.45667,0.51275
20071026,RB2,8,0.034,0.28592,0.11437
20071030,SI2,12,-10.338,-0.04639,-0.06263
20071030,S2,19,187.497,2.75585,1.78028
20071031,SF,27,0.025,1.57181,0.84878
20071101,RR2,62,155.165,3.09830,1.92095
20071109,LLG,37,0.382,0.12580,0.13964
20071109,ED,78,-0.180,-2.28063,-0.35578
20071113,JY,18,-0.009,-0.34802,-0.19420
20071115,LES,129,-0.049,-0.25650,-0.16544
20071120,BAX,85,-0.080,-0.65675,-0.17361
20071120,GBS,129,-0.349,-0.90821,-0.45692
20071121,CL2,9,-6.530,-1.45231,-0.58819
20071121,GO,12,-54.003,-1.71595,-0.64863
20071213,SB2,87,1.416,1.17147,1.37589
20071214,W2,15,-62.098,-1.29578,-0.46648
20071228,RB2,7,-0.158,-1.33218,-0.46626
20080103,HO2,8,-0.182,-1.95777,-0.61082
20080103,GO,11,-58.207,-1.84944,-0.64083
20080103,CL2,8,-7.311,-1.62571,-0.58525
20080103,GC2,13,-6.586,-0.10369,-0.08627
20080103,LLG,34,-1.064,-0.35623,-0.36336
20080103,TY2,27,1.536,1.39162,0.41331
20080103,ED,65,0.783,9.76313,1.26921
20080103,LSS,166,-0.051,-0.19500,-0.11330
20080103,TU2,36,1.495,13.27058,1.07492
20080109,SI2,9,314.524,1.39744,1.41491
20080114,BAX,74,0.590,4.72669,1.08780
20080115,PA2,23,-25.278,-0.63321,-0.58256
20080115,SF,22,-0.016,-1.01687,-0.44742
20080115,LES,132,0.308,1.52850,1.00881
20080116,JY,16,0.050,2.00077,0.99238
20080122,GBS,123,-0.422,-1.09474,-0.52515
20080125,GC2,12,24.373,0.38005,0.29188
20080129,PA2,22,74.711,1.86652,1.64254
20080131,RR2,49,281.635,5.62770,2.75757
20080205,S2,16,127.793,1.87783,1.02154
20080206,W2,13,-18.602,-0.38964,-0.12157
20080208,GBS,111,-0.415,-1.07679,-0.46614
20080211,LEU,109,-0.232,-1.16850,-0.63683
20080211,ED,59,-0.002,-0.04625,-0.00546
20080211,SB2,65,0.876,0.72280,0.63426
20080215,GO,9,106.730,3.38667,0.96012
20080220,CL2,7,1.428,0.31624,0.09962
20080220,HO2,7,0.197,2.12205,0.57932
20080222,PA2,17,34.926,0.87190,0.59289
20080222,CT2,30,7.840,2.44687,1.17450
20080226,W2,12,-99.750,-2.08021,-0.59910
20080227,SF,19,0.050,3.13819,1.19251
20080227,EC,13,0.061,3.36217,0.98343
20080228,W2,11,-106.175,-2.21406,-0.58451
20080229,NG2,7,-0.056,-0.26714,-0.03927
20080229,HG2,7,-23.787,-1.91988,-0.41661
20080303,TY2,22,-0.632,-0.57926,-0.14018
20080310,LLG,32,-1.875,-0.62663,-0.60157
20080312,RR2,36,-53.895,-1.08290,-0.38984
20080313,W2,10,-117.213,-2.44401,-0.58656
20080327,RR2,30,377.500,7.54500,2.26350
20080403,RB2,6,0.550,4.61546,1.38464
20080408,GO,8,230.000,7.30000,1.83960
20080408,HO2,6,0.612,6.59141,1.54239
20080408,CL2,6,14.851,3.29903,0.89074
20080410,HG2,7,-37.817,-3.05133,-0.66214
20080417,NG2,6,1.613,7.68062,0.96776
20080422,AD,17,0.013,0.88280,0.22511
20080604,BAX,73,-0.359,-2.90273,-0.65901
20080606,ND,4,-137.845,-1.37895,-0.55158
20080606,NK,12,-955.450,-2.39113,-0.57387
20080609,CL2,6,-5.821,-1.29460,-0.34954
20080627,S2,8,-79.470,-1.17015,-0.31828
20080703,HO2,4,-0.337,-3.62794,-0.56596
20080703,GO,6,-99.125,-3.14841,-0.59505
20080703,EC,11,-0.042,-2.35761,-0.58351
20080813,LES,116,0.001,-0.00400,-0.00232
20080826,TY2,21,-0.148,-0.13907,-0.03212
20080903,ED,64,0.077,0.94125,0.12048
20080903,TU2,33,0.239,2.10204,0.15608
20080908,LLG,28,-1.727,-0.57730,-0.48493
20080916,LEU,107,-0.255,-1.28700,-0.68855
20080916,LSS,153,-0.345,-1.24643,-0.66746
20080916,GBS,91,-0.680,-1.75718,-0.62362
20080916,BAX,70,-0.340,-2.75241,-0.59920
20080930,LEU,94,0.346,1.71775,0.80734
20080930,GBS,81,2.745,7.02564,2.21940
20081002,LSS,134,2.492,8.88464,4.16690
20081003,LLG,26,-1.077,-0.36063,-0.28129
20081003,LES,104,-0.044,-0.22900,-0.11908
20081006,BAX,60,1.769,14.20579,2.65080
20081007,TU2,27,-0.963,-8.58294,-0.52141
20081007,ED,51,0.865,10.78500,1.10007
20081013,LEU,77,2.201,10.99400,4.23269
20081023,JY,12,-0.000,-0.00226,-0.00084
20081023,LES,92,1.789,8.93550,4.11033
20081105,TU2,26,1.933,17.15680,1.00367
20081113,LLG,23,6.327,2.10730,1.45404
20081120,TY2,16,6.101,5.54176,0.97535
20081202,JY,9,-0.001,-0.03177,-0.00886
20081230,LSS,92,-0.088,-0.32875,-0.10586
20090126,GC2,6,6.248,0.09684,0.03719
20090206,SI2,5,-37.996,-0.16932,-0.09524
20090227,SB2,39,-1.317,-1.09591,-0.57700
20090309,LLG,18,-2.306,-0.77047,-0.41605
20090324,RB2,5,0.384,3.22418,0.80605
20090327,HG2,8,5.524,0.44387,0.11008
20090327,PA2,19,-9.695,-0.24362,-0.18515
20090402,LSS,115,0.042,0.13696,0.05513
20090406,ND,4,359.875,3.59825,1.43930
20090409,S2,13,179.135,2.63287,1.16373
20090414,AD,11,0.046,3.07920,0.50807
20090415,ED,68,0.167,2.06875,0.28135
20090504,SB2,43,5.518,4.57386,2.65513
20090507,NK,14,-128.350,-0.32338,-0.09055
20090508,SI2,7,52.131,0.23125,0.18211
20090511,CL2,6,4.941,1.09698,0.29618
20090513,BP,11,0.108,5.59792,0.73893
20090520,DAX,5,-237.320,-0.46874,-0.29690
20090521,HO2,6,0.105,1.12523,0.26330
20090521,FCE,21,-121.000,-0.57857,-0.25515
20090521,CD,15,0.009,0.85410,0.12812
20090521,EC,7,0.098,5.42522,0.85447
20090522,SF,11,0.056,3.46937,0.76326
20090529,GC2,8,-43.045,-0.67336,-0.34476
20090529,GO,9,4.320,0.13556,0.03843
20090602,HG2,9,-13.250,-1.07016,-0.29858
20090602,PA2,23,-9.178,-0.23071,-0.21226
20090602,SP,3,-67.899,-0.97027,-0.50939
20090603,LB,27,-11.544,-0.87920,-0.34421
20090616,LES,207,-0.057,-0.29750,-0.30791
20090622,LEU,119,0.128,0.62875,0.37411
20090623,ED,93,0.715,8.91563,1.65831
20090625,LSS,162,1.197,4.25893,2.41481
20090707,TU2,55,-0.417,-3.72702,-0.46122
20090709,JY,10,-0.039,-1.55468,-0.48195
20090709,GBS,110,-0.537,-1.38974,-0.59620
20090721,HG2,9,17.987,1.44895,0.40426
20090721,SP,3,95.090,1.35814,0.71303
20090724,PA2,22,56.175,1.40312,1.23475
20090724,FCE,24,325.445,1.54736,0.77987
20090724,DAX,6,280.740,0.55364,0.42081
20090728,CD,16,-0.026,-2.61270,-0.41803
20090728,AD,13,0.083,5.54540,1.08135
20090730,NK,18,-210.000,-0.52750,-0.18990
20090804,RB2,7,-0.202,-1.70151,-0.59553
20090806,HO2,7,-0.182,-1.96389,-0.53614
20090806,GO,10,-59.673,-1.89595,-0.59723
20090810,RR2,30,-85.615,-1.71730,-0.51519
20090817,LEU,134,0.056,0.26800,0.17956
20090820,TU2,55,1.133,10.04782,1.24342
20090824,LES,248,-0.048,-0.25100,-0.31124
20090831,SB2,32,-0.868,-0.72399,-0.31276
20090901,GBS,120,0.769,1.95974,0.91716
20090903,GC2,13,158.970,2.48313,2.06596
20090903,JY,12,0.007,0.26903,0.10008
20090909,SI2,8,-52.197,-0.23243,-0.20919
20090917,CD,16,-0.003,-0.28650,-0.04584
20090929,TY2,21,-1.205,-1.09986,-0.25407
20091002,BAX,217,-0.113,-0.92042,-0.62116
20091002,LLG,22,-1.757,-0.58743,-0.38771
20091008,SI2,8,-120.132,-0.53436,-0.48093
20091014,CT2,22,1.872,0.58184,0.20481
20091015,CL2,8,-2.121,-0.47247,-0.17009
20091016,HO2,7,-0.102,-1.09729,-0.29956
20091016,RB2,7,-0.077,-0.65137,-0.22798
20091020,GO,10,-41.758,-1.32722,-0.41808
20091020,HG2,8,24.636,1.98516,0.49232
20091029,BAX,195,-0.038,-0.31913,-0.19354
20091029,LES,277,0.066,0.32100,0.44459
20091102,RR2,34,47.980,0.95460,0.32456
20091109,LEU,157,0.437,2.17425,1.70679
20091110,ND,6,39.052,0.39002,0.23401
20091110,SP,4,10.121,0.14430,0.10101
20091112,PA2,24,13.368,0.33295,0.31963
20091117,SI2,8,-69.679,-0.31013,-0.27912
20091118,TY2,24,-0.950,-0.86861,-0.22931
20091120,S2,13,-58.845,-0.86684,-0.38314
20091127,JY,13,-0.024,-0.95565,-0.38513
20091202,GC2,12,-29.736,-0.46541,-0.35743
20091215,SB2,20,1.888,1.56280,0.42196
20091217,DAX,7,-146.415,-0.28934,-0.25658
20091217,FCE,28,-11.940,-0.05924,-0.03483
20091218,ED,166,-0.150,-1.89875,-0.63038
20091231,PA2,20,31.831,0.79452,0.63562
20100105,HO2,8,-0.171,-1.84223,-0.57478
20100105,CD,16,-0.019,-1.87540,-0.30006
20100106,RB2,7,-0.149,-1.25394,-0.43888
20100107,ED,168,0.171,2.11000,0.70896
20100115,GBS,157,1.455,3.71744,2.27619
20100122,BAX,200,-0.081,-0.66479,-0.41350
20100201,TU2,67,-0.197,-1.77483,-0.26756
20100205,LB,28,-20.014,-1.52175,-0.61783
20100219,CT2,25,0.942,0.29119,0.11648
20100308,PA2,14,41.390,1.03351,0.57877
20100309,RB2,8,-0.013,-0.11155,-0.04462
20100310,ND,7,72.837,0.72788,0.50951
20100311,SP,5,28.435,0.40593,0.35519
20100315,CD,18,-0.010,-0.98450,-0.17721
20100326,LES,317,0.099,0.48350,0.76635
20100330,HG2,9,-17.908,-1.44581,-0.40338
20100330,NK,23,-266.400,-0.66850,-0.30751
20100412,AD,18,-0.032,-2.16420,-0.58433
20100412,LB,24,6.969,0.52523,0.18278
20100413,DAX,8,-185.255,-0.36599,-0.37091
20100415,FCE,30,-191.985,-0.91660,-0.57745
20100422,CT2,25,-3.596,-1.12700,-0.45080
20100428,GC2,10,14.247,0.22183,0.14197
20100428,TY2,32,7.145,6.49076,2.28475
20100430,GO,12,-32.270,-1.02603,-0.38784
20100430,SI2,8,-111.154,-0.49446,-0.44502
20100503,HO2,9,-0.131,-1.41717,-0.49743
20100503,TU2,70,1.404,12.45572,1.96178
20100504,LLG,29,9.405,3.13347,2.72612
20100512,SI2,8,-120.459,-0.53582,-0.48224
20100513,LEU,179,-0.139,-0.70525,-0.63120
20100514,GBS,158,0.027,0.05667,0.03492
20100521,LES,289,-0.036,-0.19200,-0.27744
20100609,GC2,10,-37.582,-0.58800,-0.37632
20100611,LEU,165,-0.150,-0.75875,-0.62597
20100707,JY,13,0.020,0.81706,0.32927
20100713,LSS,304,0.081,0.27357,0.29108
20100730,W2,27,110.082,2.29130,1.48476
20100802,S2,24,-8.688,-0.12923,-0.10545
20100809,BP,18,-0.056,-2.90318,-0.62709
20100810,DAX,6,-379.040,-0.74842,-0.56886
20100811,ED,139,0.047,0.56688,0.15759
20100812,BAX,97,-0.130,-1.06109,-0.32010
20100817,LES,233,-0.082,-0.42000,-0.48930
20100819,SB2,25,4.879,4.04431,1.36495
20100820,SF,15,0.046,2.87087,0.86126
20100823,GBS,143,-0.270,-0.70615,-0.39382
20100902,HG2,8,31.977,2.57718,0.63914
20100903,CT2,25,10.924,3.41063,1.36425
20100907,AD,14,0.067,4.47380,0.93950
20100908,GC2,11,66.486,1.03806,0.73080
20100908,S2,24,24.622,0.36062,0.29427
20100915,SI2,8,240.179,1.06702,0.96032
20100915,FCE,20,-53.820,-0.25867,-0.10864
20100916,PA2,11,133.388,3.33345,1.46672
20100920,LES,219,0.063,0.30300,0.33178
20100922,ND,5,326.722,3.26673,1.63336
20100923,EC,10,0.035,1.95589,0.44007
20100927,SP,3,160.901,2.29830,1.20661
20100928,TY2,24,-0.591,-0.54205,-0.14310
20100928,RR2,33,127.000,2.53500,0.83655
20101001,GO,11,-9.972,-0.31817,-0.11025
20101001,HO2,8,-0.001,-0.01678,-0.00524
20101006,CD,17,0.026,2.61830,0.44511
20101007,JY,14,0.000,0.00492,0.00214
20101011,LLG,26,-1.860,-0.62167,-0.48490
20101011,CT2,21,1.421,0.44097,0.14817
20101011,SB2,24,4.093,3.39156,1.09886
20101011,S2,21,107.243,1.57563,1.12500
20101014,DAX,7,689.945,1.36120,1.20705
20101014,LB,22,-4.776,-0.36577,-0.11668
20101015,BP,20,-0.019,-0.96927,-0.23262
20101022,CT2,18,6.505,2.02981,0.58459
20101101,SI2,8,222.000,0.98622,0.88760
20101103,CT2,16,5.750,1.79375,0.45920
20101104,CL2,9,-3.620,-0.80547,-0.32621
20101105,GC2,11,-39.883,-0.62395,-0.43926
20101105,RB2,9,0.551,4.62499,2.08125
20101105,TY2,28,-2.222,-2.02443,-0.62352
20101109,RR2,30,-107.840,-2.16180,-0.64854
20101111,NK,20,508.200,1.26800,0.50720
20101203,PA2,10,17.954,0.44760,0.17904
20101206,SI2,6,-79.158,-0.35226,-0.23777
20101206,CL2,10,-4.231,-0.94124,-0.42356
20101206,HO2,9,0.583,6.27859,2.20379
20101206,GO,12,195.342,6.19976,2.34351
20101207,GC2,10,-63.181,-0.98798,-0.63231
20101209,HG2,9,22.559,1.81766,0.50713
20101217,LB,24,5.695,0.42859,0.14915
20101220,CT2,10,-4.866,-1.52362,-0.24378
20101222,FCE,29,44.495,0.20950,0.12759
20101223,SB2,15,-2.366,-1.96628,-0.39817
20101227,S2,15,9.835,0.14316,0.07301
20101228,ED,192,0.220,2.72062,1.04472
20101229,SF,13,-0.014,-0.90163,-0.23442
20101229,AD,16,-0.023,-1.51447,-0.36347
20101230,LSS,372,-0.112,-0.41429,-0.53940
20110104,W2,16,11.190,0.23104,0.08872
20110125,RR2,26,-28.000,-0.56500,-0.14690
20110125,CT2,8,22.110,6.90625,0.88400
20110203,SB2,13,-4.360,-3.62105,-0.63550
20110218,SI2,4,1331.950,5.91933,2.66370
20110224,CL2,9,-0.593,-0.13293,-0.05384
20110225,SF,13,-0.006,-0.36344,-0.09449
20110228,AD,16,-0.032,-2.13973,-0.51354
20110302,GC2,9,61.499,0.96014,0.55304
20110303,BP,21,-0.004,-0.19276,-0.04858
20110304,CT2,7,-11.501,-3.59722,-0.40289
20110314,BAX,165,0.021,0.15514,0.07961
20110315,EC,10,0.044,2.44144,0.54932
20110316,JY,14,-0.009,-0.36726,-0.15939
20110317,LES,287,-0.075,-0.38750,-0.55606
20110325,AD,17,0.048,3.19220,0.81401
20110331,RB2,7,0.203,1.70194,0.59568
20110401,CL2,8,-1.065,-0.23778,-0.08560
20110401,CD,24,0.002,0.22580,0.05419
20110413,SF,13,0.011,0.69663,0.18112
20110421,LSS,254,0.225,0.79000,0.70231
20110427,SP,5,-29.388,-0.42011,-0.36760
20110427,LLG,31,2.611,0.86873,0.80792
20110427,TU2,69,0.963,8.54197,1.32614
20110428,ND,6,-99.415,-0.99465,-0.59679
20110429,DAX,8,-260.345,-0.51418,-0.52109
20110504,TY2,25,2.501,2.26890,0.62395
20110518,BAX,154,0.073,0.57154,0.27374
20110523,LES,204,0.730,3.64100,3.71382
20110531,SF,13,0.178,11.10406,2.88706
20110603,NG2,14,-0.368,-1.75386,-0.51563
20110607,JY,13,0.015,0.61895,0.24944
20110616,GBS,128,-0.211,-0.55449,-0.27680
20110624,LEU,151,-0.136,-0.68925,-0.52038
20110712,GBS,121,-0.441,-1.14295,-0.53936
20110712,LEU,149,0.465,2.31575,1.72523
20110712,LLG,31,4.733,1.57600,1.46568
20110713,GC2,10,243.631,3.80595,2.43581
20110714,TY2,27,5.306,4.81947,1.43138
20110714,RR2,25,-90.580,-1.81660,-0.45415
20110722,AD,17,-0.019,-1.26793,-0.32332
20110725,SB2,17,-3.054,-2.53756,-0.58237
20110727,PA2,9,-62.782,-1.57080,-0.56549
20110801,GBS,113,0.967,2.46654,1.08700
20110803,BAX,143,0.336,2.68569,1.19441
20110811,JY,14,-0.017,-0.67335,-0.29223
20110830,RR2,26,-39.305,-0.79110,-0.20569
20110831,S2,15,-74.473,-1.09665,-0.55929
20110906,LLG,24,-1.032,-0.34573,-0.24893
20111110,GBS,85,0.228,0.57308,0.18998
20111116,LLG,17,-0.701,-0.23540,-0.12005
20111215,TY2,21,-0.607,-0.55597,-0.12843
20120104,CL2,6,-1.159,-0.25867,-0.06984
20120111,SP,3,79.728,1.13869,0.59781
20120113,DAX,4,507.510,1.00116,0.50731
20120113,LEU,105,0.135,0.66400,0.34860
20120117,TU2,172,-0.117,-1.06260,-0.41122
20120118,FCE,20,121.885,0.57802,0.24277
20120118,AD,12,0.007,0.44593,0.08027
20120119,ND,4,255.145,2.55095,1.02038
20120127,RB2,6,0.204,1.71221,0.51366
20120203,PA2,7,-53.477,-1.33818,-0.37469
20120203,ED,171,-0.115,-1.46250,-0.50018
20120206,HG2,6,-21.643,-1.74702,-0.32494
20120207,GO,10,-7.910,-0.25270,-0.07960
20120209,LSS,333,-0.060,-0.22857,-0.26640
20120210,HO2,7,-0.089,-0.96190,-0.26260
20120214,LB,23,-20.630,-1.56848,-0.52309
20120215,NK,28,712.750,1.77937,0.99645
20120223,S2,16,158.763,2.33327,1.26930
20120301,CD,20,-0.012,-1.19810,-0.23962
20120305,W2,21,-51.482,-1.07464,-0.54162
20120320,SB2,29,-1.591,-1.32389,-0.51830
20120327,BP,25,-0.002,-0.09182,-0.02755
20120410,GBS,197,0.031,0.06615,0.05083
20120411,LLG,23,3.030,1.00847,0.69584
20120426,RR2,31,-96.125,-1.92750,-0.59752
20120430,LB,25,-9.597,-0.73150,-0.26517
20120514,TY2,32,0.715,0.64503,0.22705
20120531,LEU,185,-0.117,-0.59375,-0.54922
20120601,TU2,205,-0.100,-0.91316,-0.42120
20120605,LES,237,-0.101,-0.51500,-0.61028
20120619,LEU,189,0.340,1.69225,1.59918
20120705,S2,16,102.112,1.50018,0.81610
20120706,W2,21,41.862,0.87005,0.43851
20120709,GBS,221,-0.103,-0.27718,-0.23890
20120710,LB,29,5.803,0.43678,0.18367
20120713,LLG,23,-1.724,-0.57640,-0.39772
20120713,LSS,356,0.030,0.09286,0.11570
20120717,TU2,205,-0.100,-0.90795,-0.41879
20120717,TY2,32,-1.291,-1.17784,-0.41460
20120719,NG2,17,-0.102,-0.48938,-0.17471
20120719,ED,272,0.066,0.79625,0.43316
20120810,FCE,27,-44.215,-0.21293,-0.12073
20120810,AD,19,-0.029,-1.95927,-0.55839
20120816,SP,4,11.138,0.15883,0.11118
20120820,DAX,6,63.535,0.12499,0.09500
20120822,S2,11,-73.368,-1.08040,-0.40407
20120823,ND,5,-40.155,-0.40205,-0.20103
20120824,RB2,7,-0.060,-0.50105,-0.17537
20120831,LLG,24,-2.548,-0.85100,-0.61272
20120904,GO,11,-45.808,-1.45579,-0.50443
20120904,HO2,9,-0.113,-1.21678,-0.42709
20120904,CD,29,-0.002,-0.17770,-0.05153
20120907,GC2,8,23.176,0.36134,0.18501
20120912,JY,18,-0.020,-0.82609,-0.46096
20120914,CL2,8,-6.338,-1.40951,-0.50742
20120914,SI2,5,-202.816,-0.90185,-0.50729
20120914,AD,20,-0.027,-1.83347,-0.55004
20120917,NK,27,-448.400,-1.12350,-0.60669
20120919,BP,30,-0.030,-1.56792,-0.56445
20120927,RB2,7,-0.081,-0.68130,-0.23845
20121002,NG2,15,-0.269,-1.28414,-0.40450
20121011,GO,11,-45.810,-1.45587,-0.50446
20121012,HO2,8,-0.184,-1.98529,-0.61941
20121017,SF,17,-0.026,-1.60394,-0.54534
20121018,EC,14,-0.031,-1.74661,-0.55018
20121018,CT2,20,-5.874,-1.83884,-0.58843
20121029,LB,29,49.861,3.77911,1.58912
20121109,TY2,36,-1.129,-1.03054,-0.40809
20121120,NK,28,1234.450,3.08363,1.72683
20121129,AD,24,-0.006,-0.42573,-0.15326
20121130,PA2,12,35.899,0.89623,0.43019
20121130,FCE,33,82.105,0.38860,0.26930
20121206,DAX,7,111.515,0.21968,0.19480
20121217,BP,38,-0.013,-0.69031,-0.31478
20121217,SF,20,-0.017,-1.05569,-0.42228
20121217,EC,16,0.019,1.07756,0.38792
20121227,RB2,7,0.152,1.27567,0.44649
20130114,NK,27,-388.000,-0.97250,-0.52515
20130123,CT2,30,7.348,2.29325,1.10076
20130125,SP,5,58.848,0.84040,0.73535
20130128,NK,24,1006.300,2.51325,1.20636
20130201,SF,21,-0.020,-1.25344,-0.52644
20130211,ND,5,-20.120,-0.20170,-0.10085
20130214,LB,22,-19.239,-1.46296,-0.46668
20130301,TU2,273,0.023,0.18604,0.11428
20130304,ED,505,-0.034,-0.44750,-0.45198
20130306,FCE,38,-65.080,-0.31229,-0.24920
20130306,DAX,8,-82.390,-0.16299,-0.16518
20130311,PA2,11,-52.721,-1.31928,-0.58048
20130314,LB,21,-28.962,-2.20056,-0.67007
20130402,PA2,11,-51.257,-1.28267,-0.56438
20130405,NK,18,580.000,1.44750,0.52110
20130412,NG2,17,0.234,1.11190,0.39695
